family,benchmark,method,label,seed,final_residual,hit_evaluations,success,wall_seconds,mean_residual,auc_log_residual,x0_norm
benchmark_suite,central,GA_0.00,central|GA_0.00,1,1.8343190222217413e-05,25001,0,2.8612800420087297,0.3353500902933826,-82165.00493670479,6.817194763207412e-06
benchmark_suite,central,GA_0.00,central|GA_0.00,2,5.778862431282588e-05,25001,0,2.885346875002142,0.3702980082498831,-70561.83523888348,2.147697322541528e-05
benchmark_suite,central,GA_0.00,central|GA_0.00,3,5.373193430343246e-05,25001,0,2.8350793750141747,0.3584092335018979,-74210.95507718332,1.9969316125479067e-05
benchmark_suite,central,GA_0.00,central|GA_0.00,4,4.217963653893908e-05,25001,0,2.858824833005201,0.319965290901928,-72473.66223749105,1.5675937707038193e-05
benchmark_suite,central,GA_0.00,central|GA_0.00,5,3.540635056585419e-05,25001,0,2.780357500014361,0.397658994513069,-74192.27007605946,1.3158666729851748e-05
benchmark_suite,central,GA_0.00,central|GA_0.00,6,9.82254209236693e-05,25001,0,2.879442833014764,0.3863215634899711,-66396.72109410669,3.6505189952920496e-05
benchmark_suite,central,GA_0.00,central|GA_0.00,7,4.095262032665411e-05,25001,0,2.808839792007348,0.3787879847993957,-74988.26371414316,1.5219922099900262e-05
benchmark_suite,central,GA_0.00,central|GA_0.00,8,2.024606683930988e-05,25001,0,2.8274854159972165,0.3698624721115857,-73464.07200588763,7.524390330608757e-06
benchmark_suite,central,GA_0.00,central|GA_0.00,9,1.7686140450088486e-05,25001,0,2.7439748750184663,0.4043300248730902,-72986.39460578654,6.573002076383325e-06
benchmark_suite,central,GA_0.00,central|GA_0.00,10,1.1038793890509543e-05,25001,0,2.7504737919953186,0.3200609877485366,-78358.2992604041,4.102532186215692e-06
benchmark_suite,central,GA_0.00,central|GA_0.00,11,3.0518109264099445e-05,25001,0,2.796526874997653,0.4143397460808591,-72492.54195186635,1.1341966592929197e-05
benchmark_suite,central,GA_0.00,central|GA_0.00,12,4.520111466915997e-05,25001,0,2.7848370829888154,0.3784679169572237,-71372.49371353461,1.6798861127849533e-05
benchmark_suite,central,GA_0.00,central|GA_0.00,13,5.182741254012406e-05,25001,0,2.8658117079758085,0.3989242213411666,-70676.92231536197,1.9261506584381263e-05
benchmark_suite,central,GA_0.00,central|GA_0.00,14,4.566650906853282e-05,25001,0,2.8054182500054594,0.3895964910782313,-71142.14549340871,1.6971824653176912e-05
benchmark_suite,central,GA_0.00,central|GA_0.00,15,8.77386141222696e-06,12001,1,2.8098370830120984,0.4014455698870225,-82731.55031146844,3.2607842999360448e-06
benchmark_suite,central,GA_0.00,central|GA_0.00,16,2.067634783106362e-05,25001,0,2.8693314580013976,0.3793944550392144,-74843.82963092746,7.68430437598273e-06
benchmark_suite,central,GA_0.00,central|GA_0.00,17,3.50365182486917e-05,25001,0,2.840047665988095,0.3856359508697777,-74226.53815524773,1.3021218347823335e-05
benchmark_suite,central,GA_0.00,central|GA_0.00,18,3.341746116926729e-05,25001,0,2.8686190000153147,0.353044350663213,-78875.36213201753,1.2419501479085988e-05
benchmark_suite,central,GA_0.00,central|GA_0.00,19,2.4110207745362465e-05,25001,0,2.8762045000039507,0.3978463988058699,-73019.6136492264,8.960488777668122e-06
benchmark_suite,central,GA_0.00,central|GA_0.00,20,3.637908470048115e-05,25001,0,2.858858167019207,0.3457603205764143,-73338.53262321494,1.3520180794538306e-05
benchmark_suite,central,GA_0.00,central|GA_0.00,21,3.005419778029911e-05,25001,0,2.903849166992586,0.3841185396226189,-74149.502736314,1.1169554123406298e-05
benchmark_suite,central,GA_0.00,central|GA_0.00,22,4.281208638445791e-05,25001,0,2.908128790993942,0.3728851554387027,-74764.9417368564,1.5910986289489606e-05
benchmark_suite,central,GA_0.00,central|GA_0.00,23,3.996100826843254e-05,25001,0,2.9144687080115546,0.3691963581349568,-76829.15841449937,1.4851391467189337e-05
benchmark_suite,central,GA_0.00,central|GA_0.00,24,3.74537359227654e-05,25001,0,2.918774082994787,0.362561262605797,-76771.38990521294,1.3919570746141383e-05
benchmark_suite,central,GA_0.00,central|GA_0.00,25,5.09623111273557e-05,25001,0,2.746786167001119,0.3896479651135882,-69778.09742745405,1.893999393549664e-05
benchmark_suite,central,GA_0.00,central|GA_0.00,26,5.2589793172905e-05,25001,0,2.768667625001399,0.3358725129516587,-73273.17978989864,1.954484287096556e-05
benchmark_suite,central,GA_0.00,central|GA_0.00,27,1.3880573624184464e-05,25001,0,2.7812837089877576,0.3296820661420634,-82539.6460921976,5.15867625111343e-06
benchmark_suite,central,GA_0.00,central|GA_0.00,28,5.216340423554668e-05,25001,0,2.7526579170080367,0.3574534742517796,-76630.47600419035,1.938637604236988e-05
benchmark_suite,central,GA_0.00,central|GA_0.00,29,5.858862956737455e-05,25001,0,2.7488744590082206,0.3525393202668403,-73970.10279507918,2.177429295954891e-05
benchmark_suite,central,GA_0.00,central|GA_0.00,30,6.113865629418787e-05,25001,0,2.8325592080072965,0.3594264430519593,-72992.43437927318,2.272200328975021e-05
benchmark_suite,central,GA_0.00,central|GA_0.00,31,8.479926019992184e-06,9901,1,2.758169417007593,0.3840800015545226,-84471.4489778484,3.151536659613083e-06
benchmark_suite,central,GA_0.00,central|GA_0.00,32,1.1609008776778253e-05,25001,0,2.7952876670169644,0.3704391682038432,-77827.14372654002,4.314453975827321e-06
benchmark_suite,central,GA_0.00,central|GA_0.00,33,9.2070125797248e-06,22501,1,2.626653000013903,0.3675706633010016,-77677.93350859714,3.421762771040334e-06
benchmark_suite,central,GA_0.00,central|GA_0.00,34,3.5916039800127806e-05,25001,0,2.716936417011312,0.3326045145456384,-80934.97850748667,1.334809052247552e-05
benchmark_suite,central,GA_0.00,central|GA_0.00,35,2.9773638748986268e-05,25001,0,2.694962999987183,0.3766888042941987,-76381.3955552183,1.106528519478357e-05
benchmark_suite,central,GA_0.00,central|GA_0.00,36,4.721987305247263e-05,25001,0,2.674519708991284,0.3768208426680587,-72222.45542391634,1.7549128349849894e-05
benchmark_suite,central,GA_0.00,central|GA_0.00,37,4.157700623131276e-05,25001,0,2.659471334016416,0.3809388066653192,-72390.92826602767,1.5451972710323382e-05
benchmark_suite,central,GA_0.00,central|GA_0.00,38,4.086990570166337e-05,25001,0,2.6799134589964524,0.3145281838134577,-75388.96621107237,1.5189181286869056e-05
benchmark_suite,central,GA_0.00,central|GA_0.00,39,1.0923089860403046e-05,25001,0,2.701914792007301,0.3532792298355884,-80975.51899823279,4.059533932823914e-06
benchmark_suite,central,GA_0.00,central|GA_0.00,40,1.1652288831728376e-05,25001,0,2.7561864999879617,0.3965387638153362,-82449.43912242628,4.330542254203187e-06
benchmark_suite,central,GA_0.00,central|GA_0.00,41,2.765926872307344e-05,25001,0,2.7275661249877885,0.4569777384779178,-72088.37765891645,1.0279487242817717e-05
benchmark_suite,central,GA_0.00,central|GA_0.00,42,4.749932997879916e-05,25001,0,2.797303458006354,0.3874495235282546,-73196.3461024339,1.7652987447598176e-05
benchmark_suite,central,GA_0.00,central|GA_0.00,43,2.177857598506256e-05,25001,0,2.8245413749828003,0.3738133432424905,-70393.1534612405,8.093943684474936e-06
benchmark_suite,central,GA_0.00,central|GA_0.00,44,5.036858757054753e-05,25001,0,2.7508739169861656,0.3446275680385428,-75042.82332733067,1.871933804933395e-05
benchmark_suite,central,GA_0.00,central|GA_0.00,45,3.197048214370494e-05,25001,0,2.7775382079998963,0.3788368038957499,-74767.47064123297,1.188173581505784e-05
benchmark_suite,central,GA_0.00,central|GA_0.00,46,7.06579250858282e-05,25001,0,2.7636989999737125,0.3723287792019757,-69737.58744270334,2.625981157057783e-05
benchmark_suite,central,GA_0.00,central|GA_0.00,47,3.900849645364568e-05,25001,0,2.774836166994646,0.4031128679335335,-69962.91562421547,1.449739443047069e-05
benchmark_suite,central,GA_0.00,central|GA_0.00,48,6.023829752324008e-05,25001,0,2.839054540992948,0.3616959192552317,-71092.4341961176,2.238738666272501e-05
benchmark_suite,central,GA_0.00,central|GA_0.00,49,1.0065334550856178e-05,25001,0,2.6372798749944195,0.3449022195500577,-85577.82214920058,3.7407519938926487e-06
benchmark_suite,central,GA_0.00,central|GA_0.00,50,7.73162081061917e-06,14501,1,2.7030447910074145,0.3883145282498937,-80821.60953061773,2.873438505942933e-06
benchmark_suite,central,GA_0.00,central|GA_0.00,51,8.602113960580295e-06,10201,1,2.7188698750105686,0.3835312748618555,-84923.9285853902,3.1969543023661085e-06
benchmark_suite,central,GA_0.00,central|GA_0.00,52,2.3844111603704743e-05,25001,0,2.7341645830019843,0.3710074087689041,-71342.34572077883,8.861594830363166e-06
benchmark_suite,central,GA_0.00,central|GA_0.00,53,2.2146163718070308e-05,25001,0,2.712263499997789,0.3646894340186725,-77451.54117103969,8.23055830261821e-06
benchmark_suite,central,GA_0.00,central|GA_0.00,54,2.3803549775796945e-05,25001,0,2.7079871669993736,0.3646060700213431,-76281.16234498833,8.846521028335461e-06
benchmark_suite,central,GA_0.00,central|GA_0.00,55,3.721209317088532e-05,25001,0,2.760962250002194,0.3730290911605952,-74639.50469247389,1.3829765034813447e-05
benchmark_suite,central,GA_0.00,central|GA_0.00,56,3.283326740045397e-05,25001,0,2.733179291972192,0.3836278097198224,-72142.92050524951,1.2202387144244993e-05
benchmark_suite,central,GA_0.00,central|GA_0.00,57,2.4170124423287903e-05,25001,0,2.750330334005412,0.3372189044490772,-81858.97648367465,8.98275596370833e-06
benchmark_suite,central,GA_0.00,central|GA_0.00,58,1.4012004873093605e-05,25001,0,2.71991033400991,0.3842766319893232,-76433.1087012949,5.20752025172599e-06
benchmark_suite,central,GA_0.00,central|GA_0.00,59,4.259316490568482e-05,25001,0,2.714630208007293,0.3654811146319371,-72437.4038129327,1.5829624763044674e-05
benchmark_suite,central,GA_0.00,central|GA_0.00,60,9.224625187811507e-06,17001,1,2.726942000008421,0.3624096070038504,-78932.7743963164,3.428309351773631e-06
benchmark_suite,central,GA_0.00,central|GA_0.00,61,2.0598126883059047e-06,14601,1,2.7175807080056984,0.3459074943756438,-87486.59679431494,7.655080246813431e-07
benchmark_suite,central,GA_0.00,central|GA_0.00,62,1.6832363820582077e-05,25001,0,2.750206833006814,0.3698583652660354,-80139.20912491654,6.25569890519838e-06
benchmark_suite,central,GA_0.00,central|GA_0.00,63,4.294539473699075e-05,25001,0,2.7960080829798244,0.3575342212323492,-75701.1972721465,1.5960530219484356e-05
benchmark_suite,central,GA_0.00,central|GA_0.00,64,5.4854722417595946e-05,25001,0,2.8004356660239864,0.3817851213620264,-72919.66450229262,2.038659740676577e-05
benchmark_suite,central,GA_0.00,central|GA_0.00,65,4.61398425208992e-05,25001,0,2.6580354170000646,0.3244270597286229,-77684.96930854463,1.714773722994825e-05
benchmark_suite,central,GA_0.00,central|GA_0.00,66,2.1521827121753053e-05,25001,0,2.723827625013655,0.3627303989264672,-79188.13026778656,7.998524494187477e-06
benchmark_suite,central,GA_0.00,central|GA_0.00,67,2.203891311906396e-05,25001,0,2.7037147079827264,0.3969474695933805,-77220.17899994098,8.19069792519583e-06
benchmark_suite,central,GA_0.00,central|GA_0.00,68,1.9157133582508573e-05,25001,0,2.719403249997413,0.3902983836238026,-77459.17994171946,7.1196944370909305e-06
benchmark_suite,central,GA_0.00,central|GA_0.00,69,6.366437021483685e-05,25001,0,2.758118833997287,0.3971660018602774,-71387.71518149153,2.366067700808073e-05
benchmark_suite,central,GA_0.00,central|GA_0.00,70,2.5451392701541608e-05,25001,0,2.733107124979142,0.3434358800748321,-76116.81426702948,9.45893466075464e-06
benchmark_suite,central,GA_0.00,central|GA_0.00,71,3.130921555421992e-05,25001,0,2.740518000005977,0.3495056256667064,-76700.80960633681,1.1635978616717716e-05
benchmark_suite,central,GA_0.00,central|GA_0.00,72,2.416902198956428e-05,25001,0,2.7450727919931524,0.3851168199766984,-74463.94400179044,8.982346275554803e-06
benchmark_suite,central,GA_0.00,central|GA_0.00,73,2.2718558804717768e-05,25001,0,2.679565583006479,0.3561842192364796,-77861.5393247924,8.443286923554745e-06
benchmark_suite,central,GA_0.00,central|GA_0.00,74,3.2347507165168674e-05,25001,0,2.697028708003927,0.3683432097079984,-74362.47678536689,1.2021855250343894e-05
benchmark_suite,central,GA_0.00,central|GA_0.00,75,1.0962597036742738e-05,25001,0,2.702268458990148,0.3280235752279337,-87663.15682062187,4.074217407105108e-06
benchmark_suite,central,GA_0.00,central|GA_0.00,76,2.243168759300184e-05,25001,0,2.681271042005392,0.3757892449038258,-73277.25575892678,8.336669639333114e-06
benchmark_suite,central,GA_0.00,central|GA_0.00,77,1.8402686725269804e-05,25001,0,2.691889040987008,0.3529874345055319,-78979.62625609749,6.839305952308726e-06
benchmark_suite,central,GA_0.00,central|GA_0.00,78,2.7467468509114696e-05,25001,0,2.6835379579861183,0.4098181070519471,-74641.71883668,1.0208203789351863e-05
benchmark_suite,central,GA_0.00,central|GA_0.00,79,6.594837129642266e-06,20701,1,2.706597457989119,0.3206203110505417,-84922.94441926274,2.4509462033977274e-06
benchmark_suite,central,GA_0.00,central|GA_0.00,80,2.5447414128021176e-06,12201,1,2.7210539590159897,0.364464328173653,-86698.69042128825,9.45734933011678e-07
benchmark_suite,central,GA_0.00,central|GA_0.00,81,7.71864701766237e-05,25001,0,2.6845147910062224,0.3485441535816158,-70357.74120437945,2.8686125876673383e-05
benchmark_suite,central,GA_0.00,central|GA_0.00,82,8.373922283693277e-06,17901,1,2.6286736670008395,0.3796822486213427,-76082.14767501829,3.112143149655121e-06
benchmark_suite,central,GA_0.00,central|GA_0.00,83,2.2587830714173403e-05,25001,0,2.6983800000161864,0.3015689995030112,-83540.14065512033,8.39470051523478e-06
benchmark_suite,central,GA_0.00,central|GA_0.00,84,3.661960893743576e-05,25001,0,2.719064792006975,0.3571340874170481,-73751.54153374142,1.3609569895393912e-05
benchmark_suite,central,GA_0.00,central|GA_0.00,85,1.5399093860866988e-05,25001,0,2.7260541249997914,0.3782542053403442,-79616.07138653043,5.723026776435855e-06
benchmark_suite,central,GA_0.00,central|GA_0.00,86,7.475275598609938e-06,17201,1,2.73413758300012,0.3576507945812913,-81894.8594263261,2.7781675861625967e-06
benchmark_suite,central,GA_0.00,central|GA_0.00,87,3.332641286206824e-05,25001,0,2.735411750007188,0.359311172811621,-74508.05480700357,1.2385664347023377e-05
benchmark_suite,central,GA_0.00,central|GA_0.00,88,3.192507625196061e-05,25001,0,2.727593582996633,0.3822973859168444,-77737.27347581268,1.1864860013384956e-05
benchmark_suite,central,GA_0.00,central|GA_0.00,89,4.5088224979406e-05,25001,0,2.6771579580090474,0.3487746779177767,-70667.79274988986,1.675690717472776e-05
benchmark_suite,central,GA_0.00,central|GA_0.00,90,2.708821267499296e-05,25001,0,2.727057957992656,0.3480960317971016,-77504.74566743452,1.0067253482590324e-05
benchmark_suite,central,GA_0.00,central|GA_0.00,91,1.7318534437887573e-05,25001,0,2.804225499974564,0.3624701150289727,-75271.17532708534,6.436380933221801e-06
benchmark_suite,central,GA_0.00,central|GA_0.00,92,4.485119317567666e-05,25001,0,2.754908207978588,0.3747346076168215,-69836.24944950757,1.6668815081130933e-05
benchmark_suite,central,GA_0.00,central|GA_0.00,93,2.008655525666712e-05,25001,0,2.7962223750073463,0.3775285141825953,-72113.87603705138,7.465109747077118e-06
benchmark_suite,central,GA_0.00,central|GA_0.00,94,4.837075755987996e-05,25001,0,2.7910054580133874,0.3599564476274297,-71198.66821352599,1.7976850433483924e-05
benchmark_suite,central,GA_0.00,central|GA_0.00,95,1.6827165555724705e-05,25001,0,2.7721253749914467,0.3862968259566107,-70312.05170404926,6.253765988782858e-06
benchmark_suite,central,GA_0.00,central|GA_0.00,96,2.202545873244295e-05,25001,0,2.812820582999848,0.3489245119309975,-79061.2723184485,8.185698074947523e-06
benchmark_suite,central,GA_0.00,central|GA_0.00,97,4.76427433026515e-05,25001,0,2.8063178340089507,0.3595306103019483,-73443.59800128217,1.7706286570631133e-05
benchmark_suite,central,GA_0.00,central|GA_0.00,98,2.904480581370912e-05,25001,0,2.737709375011036,0.3503652839265767,-76731.58555169671,1.0794417369091536e-05
benchmark_suite,central,GA_0.00,central|GA_0.00,99,4.0043276938921546e-05,25001,0,2.757659249997232,0.3306466912335836,-75781.41383085964,1.4881966626454712e-05
benchmark_suite,central,GA_0.00,central|GA_0.00,100,2.776758520869943e-05,25001,0,2.8460133750049863,0.3619396793477547,-75881.93677338284,1.0319741073316855e-05
benchmark_suite,central,GA_0.00,central|GA_0.00,101,1.8259498902190003e-05,25001,0,2.7425631250080187,0.3362342089393472,-78159.37847565503,6.786088190675293e-06
benchmark_suite,central,GA_0.00,central|GA_0.00,102,3.620914715462772e-05,25001,0,2.703875250008423,0.3707751689013105,-70923.7594949879,1.3457024103122794e-05
benchmark_suite,central,GA_0.00,central|GA_0.00,103,2.784267514378001e-05,25001,0,2.773108916997444,0.3765053461106531,-76280.63280701617,1.0347648313014589e-05
benchmark_suite,central,GA_0.00,central|GA_0.00,104,3.556864414501678e-05,25001,0,2.7719984999857843,0.378690576327339,-74614.55600980643,1.3218983054060458e-05
benchmark_suite,central,GA_0.00,central|GA_0.00,105,1.1553753488652734e-05,25001,0,2.6658665830036625,0.3914496171596998,-75700.72144879801,4.2939187009453525e-06
benchmark_suite,central,GA_0.00,central|GA_0.00,106,2.8120714018224383e-05,25001,0,2.719674207997741,0.3785211769139128,-75472.42355231824,1.045098243199409e-05
benchmark_suite,central,GA_0.00,central|GA_0.00,107,5.647842431723913e-05,25001,0,2.68837399999029,0.3858755640145076,-71362.73504274974,2.0990041417273e-05
benchmark_suite,central,GA_0.00,central|GA_0.00,108,2.3691890354830526e-05,25001,0,2.715701084001921,0.3902633705490159,-68958.65773041191,8.805023105817721e-06
benchmark_suite,central,GA_0.00,central|GA_0.00,109,1.1757290027658834e-05,25001,0,2.740764000016497,0.3860093154982067,-77859.11723166378,4.369560423809158e-06
benchmark_suite,central,GA_0.00,central|GA_0.00,110,1.0003508103078584e-05,25001,0,2.666122874972644,0.3841765852173053,-76330.36603799395,3.71777760887092e-06
benchmark_suite,central,GA_0.00,central|GA_0.00,111,2.255577109383266e-05,25001,0,2.721937374997651,0.3729966564162831,-73994.90480683409,8.38278659411675e-06
benchmark_suite,central,GA_0.00,central|GA_0.00,112,3.0701353888449005e-05,25001,0,2.7278080830001272,0.4253142520088443,-69338.11328756872,1.1410067238596316e-05
benchmark_suite,central,GA_0.00,central|GA_0.00,113,3.112229429791548e-05,25001,0,2.6956800000043586,0.4011771895653202,-74261.12768499534,1.1566508368922271e-05
benchmark_suite,central,GA_0.00,central|GA_0.00,114,1.2059008097638045e-05,25001,0,2.6494657919975,0.3629728525460483,-75237.5981123735,4.481697532774006e-06
benchmark_suite,central,GA_0.00,central|GA_0.00,115,2.781045355496602e-05,25001,0,2.7235940000100527,0.3798647092492656,-75932.59733790738,1.0335675073099836e-05
benchmark_suite,central,GA_0.00,central|GA_0.00,116,1.563930642578707e-05,25001,0,2.695973791007418,0.3574073385335211,-80634.17878055229,5.812302711953595e-06
benchmark_suite,central,GA_0.00,central|GA_0.00,117,5.626061628352167e-05,25001,0,2.74215920799179,0.3588093713061889,-75202.3178916234,2.090909333253552e-05
benchmark_suite,central,GA_0.00,central|GA_0.00,118,5.4283394272703904e-05,25001,0,2.758949583017966,0.4078315039436306,-71188.94122310808,2.0174264673883417e-05
benchmark_suite,central,GA_0.00,central|GA_0.00,119,4.259767404271347e-05,25001,0,2.7814714580017608,0.363911824571137,-72424.61866051324,1.583130131109648e-05
benchmark_suite,central,GA_0.00,central|GA_0.00,120,3.793719753041938e-05,25001,0,2.778898541000672,0.2787040253647718,-76272.25844475385,1.4099248113606058e-05
benchmark_suite,central,GA_0.00,central|GA_0.00,121,4.74552318641132e-05,25001,0,2.7485503329953644,0.3399190590629196,-74377.14205754241,1.7636598623238146e-05
benchmark_suite,central,GA_0.00,central|GA_0.00,122,6.854499810283626e-05,25001,0,2.734748666989617,0.378518790323646,-72385.16121363317,2.5474547504350546e-05
benchmark_suite,central,GA_0.00,central|GA_0.00,123,2.3828992873858704e-05,25001,0,2.708695041015744,0.3354648759120647,-77770.07338383354,8.855976297896086e-06
benchmark_suite,central,GA_0.00,central|GA_0.00,124,1.0887192605143424e-05,25001,0,2.709650665987283,0.3562632973893586,-85990.30277212037,4.046193590047472e-06
benchmark_suite,central,GA_0.00,central|GA_0.00,125,4.260962485644697e-05,25001,0,2.770926500001224,0.3507749873446352,-73783.75558575844,1.58357427440477e-05
benchmark_suite,central,GA_0.00,central|GA_0.00,126,1.1606426355083898e-05,25001,0,2.808630750019802,0.3932537683489102,-76634.9145723207,4.313492229876462e-06
benchmark_suite,central,GA_0.00,central|GA_0.00,127,5.049487962894708e-05,25001,0,2.778098750015488,0.3563830407176784,-70824.18205438256,1.876627460007483e-05
benchmark_suite,central,GA_0.00,central|GA_0.00,128,3.844579290835185e-05,25001,0,2.757030416978523,0.3596496887094478,-75266.43652110951,1.4288267180579149e-05
benchmark_suite,central,GA_0.00,central|GA_0.00,129,1.592064776135187e-05,25001,0,2.6554984159884043,0.3444171196753752,-81935.92464600869,5.916859638642305e-06
benchmark_suite,central,GA_0.00,central|GA_0.00,130,3.3153144772857635e-05,25001,0,2.745143041014672,0.3985764070274227,-74826.18714660549,1.2321270191767796e-05
benchmark_suite,central,GA_0.00,central|GA_0.00,131,4.276678952035899e-05,25001,0,2.8171556669985875,0.3775396657119091,-75069.17025723275,1.589415127879075e-05
benchmark_suite,central,GA_0.00,central|GA_0.00,132,3.0803983747007114e-06,16101,1,2.8028202500136103,0.3732736857442332,-85473.86126232609,1.1448077518819543e-06
benchmark_suite,central,GA_0.00,central|GA_0.00,133,4.490915312465279e-05,25001,0,2.8550502079888247,0.3874721485843497,-73814.10301716214,1.669035591310427e-05
benchmark_suite,central,GA_0.00,central|GA_0.00,134,2.7326267657442124e-05,25001,0,2.799401083000703,0.3375434957660458,-75049.07685108844,1.0155727914125931e-05
benchmark_suite,central,GA_0.00,central|GA_0.00,135,5.5746357312995535e-05,25001,0,2.831974041997455,0.4042250413363069,-73021.1692837187,2.0717970500385346e-05
benchmark_suite,central,GA_0.00,central|GA_0.00,136,5.0977327616766e-05,25001,0,2.910458500002278,0.3485222997164626,-72066.41643251266,1.8945575041633823e-05
benchmark_suite,central,GA_0.00,central|GA_0.00,137,1.91685470229163e-05,25001,0,2.8023425829887856,0.3798154078963739,-78802.74126698113,7.123934205819002e-06
benchmark_suite,central,GA_0.00,central|GA_0.00,138,2.2781317077432304e-05,25001,0,2.7903228329960257,0.3787150977111948,-73392.08394839357,8.46660921919151e-06
benchmark_suite,central,GA_0.00,central|GA_0.00,139,1.2427193220829903e-05,25001,0,2.6873449169797823,0.3917529094850072,-82314.41684471072,4.618531317185136e-06
benchmark_suite,central,GA_0.00,central|GA_0.00,140,3.002359530250888e-05,25001,0,2.690686208981788,0.3670040974371012,-75372.63190060959,1.1158181470184464e-05
benchmark_suite,central,GA_0.00,central|GA_0.00,141,5.69660653915949e-05,25001,0,2.775839875015663,0.3351109594163605,-74107.77476941503,2.1171270760482223e-05
benchmark_suite,central,GA_0.00,central|GA_0.00,142,3.799783248277035e-05,25001,0,2.7240875420102384,0.3755186858099562,-74626.4025861783,1.4121782930289422e-05
benchmark_suite,central,GA_0.00,central|GA_0.00,143,2.729788615726085e-05,25001,0,2.775367207999807,0.3724364789802194,-73435.86751781075,1.0145178843327357e-05
benchmark_suite,central,GA_0.00,central|GA_0.00,144,4.383930740174893e-06,18801,1,2.730942583992146,0.3634613328257225,-79723.37992585442,1.6292774136967472e-06
benchmark_suite,central,GA_0.00,central|GA_0.00,145,2.9925227054646005e-05,25001,0,2.713204041996505,0.3504482980284659,-72212.11426773906,1.112162172728605e-05
benchmark_suite,central,GA_0.00,central|GA_0.00,146,1.37587191107679e-05,25001,0,2.7331535829871427,0.3903662304370097,-77209.308401241,5.113390435131725e-06
benchmark_suite,central,GA_0.00,central|GA_0.00,147,1.334006013949403e-05,25001,0,2.708093833993189,0.3800794103609371,-76048.95202257924,4.957792276044224e-06
benchmark_suite,central,GA_0.00,central|GA_0.00,148,3.353986251418063e-06,18601,1,2.7242229160037823,0.3681782149615846,-79315.21093039689,1.2465104295026805e-06
benchmark_suite,central,GA_0.00,central|GA_0.00,149,3.1617630608036905e-05,25001,0,2.764119625004241,0.3876985886148946,-74809.25605196186,1.1750599040336164e-05
benchmark_suite,central,GA_0.00,central|GA_0.00,150,6.7310047747674485e-06,13001,1,2.754389874986373,0.3796392966277072,-84121.01199499526,2.501562800529484e-06
benchmark_suite,central,GA_0.00,central|GA_0.00,151,4.007225077664632e-05,25001,0,2.7549825830210466,0.423931925523103,-69156.01506368542,1.4892735737463526e-05
benchmark_suite,central,GA_0.00,central|GA_0.00,152,2.619991131595913e-05,25001,0,2.743236791982781,0.3895374790672289,-75638.81231228658,9.737120067144371e-06
benchmark_suite,central,GA_0.00,central|GA_0.00,153,3.0068062120198218e-05,25001,0,2.7147321660013404,0.3810815022387097,-76477.70233763612,1.117470807859671e-05
benchmark_suite,central,GA_0.00,central|GA_0.00,154,4.220526044131374e-05,25001,0,2.7375232500198763,0.3409839278473706,-78855.5532643403,1.568546063118159e-05
benchmark_suite,central,GA_0.00,central|GA_0.00,155,3.486096008354944e-05,25001,0,2.724496040988015,0.4076591306378296,-72452.04119655561,1.2955973566326336e-05
benchmark_suite,central,GA_0.00,central|GA_0.00,156,4.095090694268944e-05,25001,0,2.732113499980187,0.3760186981895665,-74151.11178105714,1.521928485478692e-05
benchmark_suite,central,GA_0.00,central|GA_0.00,157,2.513228274252413e-05,25001,0,2.7886208750132937,0.3731870337196299,-75395.55856110493,9.340339994504944e-06
benchmark_suite,central,GA_0.00,central|GA_0.00,158,3.130078913764621e-05,25001,0,2.789417790976586,0.4180099231750639,-67971.24424728527,1.1632846139078164e-05
benchmark_suite,central,GA_0.00,central|GA_0.00,159,4.018049416493005e-05,25001,0,2.8077678750269115,0.3506557166964446,-73063.97248376565,1.4932962596438584e-05
benchmark_suite,central,GA_0.00,central|GA_0.00,160,2.901228914658861e-05,25001,0,2.730782290978823,0.376322678646844,-71177.48554294638,1.0782333087218998e-05
benchmark_suite,central,GA_0.00,central|GA_0.00,161,2.612982242917832e-05,25001,0,2.7089637499884702,0.4027883841860167,-75703.64619668109,9.711073077825857e-06
benchmark_suite,central,GA_0.00,central|GA_0.00,162,3.837113530112557e-05,25001,0,2.71309829200618,0.3806108777682573,-70819.14507240054,1.4260519624014924e-05
benchmark_suite,central,GA_0.00,central|GA_0.00,163,5.759027180558547e-05,25001,0,2.684243666997645,0.3913763863736426,-69655.09450846336,2.140325573848276e-05
benchmark_suite,central,GA_0.00,central|GA_0.00,164,3.0099379232489305e-05,25001,0,2.684814124979312,0.3631742146593146,-74906.45937493215,1.11863448823163e-05
benchmark_suite,central,GA_0.00,central|GA_0.00,165,2.6211290787996e-05,25001,0,2.7129725410195533,0.375486862132139,-76305.18181416774,9.741348159162769e-06
benchmark_suite,central,GA_0.00,central|GA_0.00,166,4.473846774939931e-05,25001,0,2.723916042014025,0.356016539350087,-73397.52770260866,1.6626920624367494e-05
benchmark_suite,central,GA_0.00,central|GA_0.00,167,4.191804441151727e-05,25001,0,2.8868884579860605,0.3776418400688914,-69749.73093420625,1.5578719031885213e-05
benchmark_suite,central,GA_0.00,central|GA_0.00,168,5.4020641029263424e-05,25001,0,2.9434293750091456,0.3597739290165243,-73747.48575479118,2.007661324732672e-05
benchmark_suite,central,GA_0.00,central|GA_0.00,169,4.512677358724738e-05,25001,0,2.9780185419949703,0.3416546213659684,-75199.49876888558,1.67712335416941e-05
benchmark_suite,central,GA_0.00,central|GA_0.00,170,2.28529213928614e-05,25001,0,3.095060166990152,0.3982324179200926,-78510.11451009843,8.493219818485539e-06
benchmark_suite,central,GA_0.00,central|GA_0.00,171,2.7411276344351345e-05,25001,0,3.136941958015086,0.3726024341625674,-73130.94237593866,1.018732038076955e-05
benchmark_suite,central,GA_0.00,central|GA_0.00,172,1.2708410573350155e-05,25001,0,3.066094290988985,0.3351749371126114,-84259.64685222575,4.723040512016368e-06
benchmark_suite,central,GA_0.00,central|GA_0.00,173,1.2800453076092724e-05,25001,0,3.076826540986076,0.3708313381847514,-71750.96296069905,4.757252401183806e-06
benchmark_suite,central,GA_0.00,central|GA_0.00,174,2.365714095284912e-05,25001,0,3.0641105409886222,0.3824368484519296,-79003.3040335066,8.792108327744752e-06
benchmark_suite,central,GA_0.00,central|GA_0.00,175,1.3388624921390192e-05,25001,0,2.98079016598058,0.3240645330358603,-83217.86814055577,4.975841431160152e-06
benchmark_suite,central,GA_0.00,central|GA_0.00,176,1.0452184750958533e-05,25001,0,2.9157854999939445,0.3787569008418305,-80058.43338981025,3.884521831048111e-06
benchmark_suite,central,GA_0.00,central|GA_0.00,177,1.957412586760633e-05,25001,0,2.734941582981264,0.3464469827189794,-80184.66500337324,7.274667904891016e-06
benchmark_suite,central,GA_0.00,central|GA_0.00,178,5.464677795970251e-05,25001,0,2.6765917080047075,0.3607057300614201,-75088.8630182175,2.030931507276026e-05
benchmark_suite,central,GA_0.00,central|GA_0.00,179,1.978791171189625e-05,25001,0,2.7368337500083726,0.4358352387739674,-73597.54204090868,7.354119899597095e-06
benchmark_suite,central,GA_0.00,central|GA_0.00,180,8.131229288399923e-06,16001,1,2.664388000004692,0.3807865623010337,-81881.06506558254,3.0219494706869487e-06
benchmark_suite,central,GA_0.00,central|GA_0.00,181,4.2393015317185134e-05,25001,0,2.76107612499618,0.4219682244388082,-69861.8613758547,1.575524088644314e-05
benchmark_suite,central,GA_0.00,central|GA_0.00,182,1.0679278724226676e-05,25001,0,2.716159292001976,0.3331543391131983,-80989.36711077655,3.968925772616904e-06
benchmark_suite,central,GA_0.00,central|GA_0.00,183,3.2963706045554523e-05,25001,0,2.797107665974181,0.3455365561377348,-78736.21530070029,1.2250865113426706e-05
benchmark_suite,central,GA_0.00,central|GA_0.00,184,5.52134131387081e-05,25001,0,2.7768990419863258,0.3514523978434831,-74660.68101252016,2.051990286529338e-05
benchmark_suite,central,GA_0.00,central|GA_0.00,185,3.0838564215818405e-06,23001,1,2.7047837499994785,0.3285141309368847,-79679.4562319009,1.146094307026887e-06
benchmark_suite,central,GA_0.00,central|GA_0.00,186,2.5283534002818992e-05,25001,0,2.764697749982588,0.3465531923578059,-72531.15691530555,9.396552877502184e-06
benchmark_suite,central,GA_0.00,central|GA_0.00,187,5.123201686678705e-05,25001,0,2.7894899169914424,0.37529300014068,-73994.44668661675,1.904022844461191e-05
benchmark_suite,central,GA_0.00,central|GA_0.00,188,1.4097144296466644e-05,25001,0,2.735417042014888,0.3210857151300944,-79091.37368171317,5.239160913500857e-06
benchmark_suite,central,GA_0.00,central|GA_0.00,189,1.49254452001326e-05,25001,0,2.79927812499227,0.3583625262493047,-75960.36965510953,5.5469980237157485e-06
benchmark_suite,central,GA_0.00,central|GA_0.00,190,1.199425927016726e-05,25001,0,2.7722710829984862,0.3925209802701074,-78731.59976922972,4.45763384739296e-06
benchmark_suite,central,GA_0.00,central|GA_0.00,191,3.310970954510996e-05,25001,0,2.83031762499013,0.3880287423431643,-73255.01825228846,1.2305126137262942e-05
benchmark_suite,central,GA_0.00,central|GA_0.00,192,3.23017101256123e-05,25001,0,2.7867313750030007,0.4005916985294062,-71742.47258223721,1.2004836172821854e-05
benchmark_suite,central,GA_0.00,central|GA_0.00,193,4.3256964762106914e-05,25001,0,2.781537208997179,0.3541902111352047,-74636.92188674165,1.6076323887460292e-05
benchmark_suite,central,GA_0.00,central|GA_0.00,194,3.2510925809184096e-05,25001,0,2.852048165979795,0.3192896619708461,-80011.08061154842,1.2082589980091906e-05
benchmark_suite,central,GA_0.00,central|GA_0.00,195,1.883869837797826e-05,25001,0,2.821877666981891,0.3516024266478668,-76849.97566501396,7.001348692061987e-06
benchmark_suite,central,GA_0.00,central|GA_0.00,196,4.769116115851844e-05,25001,0,2.75126754201483,0.4212297588934617,-67274.7103115137,1.772428060670472e-05
benchmark_suite,central,GA_0.00,central|GA_0.00,197,5.315519696550472e-05,25001,0,2.8634219580271747,0.4450009721226052,-68151.26156740835,1.9754974132366857e-05
benchmark_suite,central,GA_0.00,central|GA_0.00,198,3.482302857263186e-05,25001,0,2.8619746250042226,0.3928613824694462,-75265.35782329053,1.2941876672853508e-05
benchmark_suite,central,GA_0.00,central|GA_0.00,199,1.7833608615481116e-05,25001,0,2.911127500003204,0.453109141652483,-75863.80579315357,6.627809494069299e-06
benchmark_suite,central,GA_0.00,central|GA_0.00,200,3.248362911648318e-05,25001,0,2.823474750010064,0.3661284892746293,-77101.3840938795,1.2072445555789436e-05
benchmark_suite,central,GA_0.00,central|GA_0.00,201,6.062920111368778e-05,25001,0,2.7146376250020694,0.3524365138618703,-73398.5589052612,2.253266460849224e-05
benchmark_suite,central,GA_0.00,central|GA_0.00,202,1.8033483534057213e-06,17001,1,2.712743499985663,0.3904718178161022,-84426.9094127939,6.702313162292813e-07
benchmark_suite,central,GA_0.00,central|GA_0.00,203,3.5663419500680945e-05,25001,0,2.7694947500131093,0.3787514765813613,-75217.64154351325,1.3254204544652777e-05
benchmark_suite,central,GA_0.00,central|GA_0.00,204,2.985054078984432e-05,25001,0,2.7447819169901777,0.3595096826864693,-76963.0469671566,1.1093866025686609e-05
benchmark_suite,central,GA_0.00,central|GA_0.00,205,1.3046985668161549e-05,25001,0,2.7366108749993145,0.3609968944451825,-79572.8510924701,4.848876137257136e-06
benchmark_suite,central,GA_0.00,central|GA_0.00,206,3.4204627990223814e-05,25001,0,2.7706627079751343,0.3774629032719889,-75630.5971142092,1.2712050201148309e-05
benchmark_suite,central,GA_0.00,central|GA_0.00,207,3.601995036785794e-05,25001,0,2.8584772079775576,0.3486618748726342,-72275.3464615266,1.3386709914497453e-05
benchmark_suite,central,GA_0.00,central|GA_0.00,208,2.818500970610052e-05,25001,0,2.7529976250079926,0.3378397746912165,-80978.50518197361,1.0474875809159672e-05
benchmark_suite,central,GA_0.00,central|GA_0.00,209,1.890714858457496e-05,25001,0,2.7790061669948045,0.3394790552538934,-75294.62894072307,7.026787034268907e-06
benchmark_suite,central,GA_0.00,central|GA_0.00,210,3.954818150256648e-05,25001,0,2.777730125002563,0.4073645410426215,-69376.13496361098,1.469796650418297e-05
benchmark_suite,central,GA_0.00,central|GA_0.00,211,1.141963785497085e-05,25001,0,2.7948340000002645,0.4478813724187896,-79181.71046295036,4.244075195969467e-06
benchmark_suite,central,GA_0.00,central|GA_0.00,212,4.285255302734384e-05,25001,0,2.7458431250124704,0.4296426771701448,-70997.96644311742,1.5926026260350946e-05
benchmark_suite,central,GA_0.00,central|GA_0.00,213,4.609655368646371e-05,25001,0,2.784713874978479,0.3319527568238667,-72918.20884535406,1.7131648796054705e-05
benchmark_suite,central,GA_0.00,central|GA_0.00,214,2.098790335488773e-05,25001,0,2.821195208001882,0.3636895360322432,-76415.83415789108,7.800094083308012e-06
benchmark_suite,central,GA_0.00,central|GA_0.00,215,4.470169540271362e-05,25001,0,2.933695707994048,0.330291038119286,-76625.81285459318,1.6613254439568534e-05
benchmark_suite,central,GA_0.00,central|GA_0.00,216,2.0985988351448463e-05,25001,0,2.9297351249842905,0.3744519279614378,-72645.56008888634,7.799380467147658e-06
benchmark_suite,central,GA_0.00,central|GA_0.00,217,1.2414303968710732e-05,25001,0,2.91417462498066,0.3904706147732938,-76747.61079219308,4.613737461405464e-06
benchmark_suite,central,GA_0.00,central|GA_0.00,218,2.3360344664048465e-05,25001,0,3.019305792025989,0.3657914903503821,-79551.82559813731,8.681804119498591e-06
benchmark_suite,central,GA_0.00,central|GA_0.00,219,1.9718543947360675e-05,25001,0,3.164878832991235,0.3834562223706926,-74514.6130703909,7.328339586619533e-06
benchmark_suite,central,GA_0.00,central|GA_0.00,220,3.409723024503199e-05,25001,0,2.991957999998704,0.3310509057787302,-76094.49044450698,1.2672135765470977e-05
benchmark_suite,central,GA_0.00,central|GA_0.00,221,2.4813319480208223e-05,25001,0,3.050913249986479,0.3480247394063968,-76889.61516429584,9.221796180728275e-06
benchmark_suite,central,GA_0.00,central|GA_0.00,222,7.600790050930651e-06,20201,1,3.056795292010065,0.3689934734154987,-75823.89471076771,2.8248084019366706e-06
benchmark_suite,central,GA_0.00,central|GA_0.00,223,5.414713741141408e-05,25001,0,3.0541532499773894,0.3553602844042371,-70910.48038683698,2.0123624924093407e-05
benchmark_suite,central,GA_0.00,central|GA_0.00,224,2.4415496912298773e-05,25001,0,3.068229290976888,0.4196446686875002,-70988.12219822226,9.073949218840264e-06
benchmark_suite,central,GA_0.00,central|GA_0.00,225,2.075104270260035e-05,25001,0,2.963676832994679,0.3508076226940934,-78260.29050800834,7.71206275265801e-06
benchmark_suite,central,GA_0.00,central|GA_0.00,226,3.2631311164671706e-05,25001,0,2.992033959017135,0.3923720976941227,-71823.08740182575,1.2127331732316188e-05
benchmark_suite,central,GA_0.00,central|GA_0.00,227,1.7374370555780332e-05,25001,0,3.109184834000189,0.3357868814833692,-74858.47124527142,6.457131976075294e-06
benchmark_suite,central,GA_0.00,central|GA_0.00,228,9.43284698610756e-06,15101,1,3.102252790995408,0.3485748501556444,-82044.40460062066,3.505688432129617e-06
benchmark_suite,central,GA_0.00,central|GA_0.00,229,1.827028208014844e-05,25001,0,3.100533541990444,0.3438728077679665,-81461.16024351848,6.790098311936942e-06
benchmark_suite,central,GA_0.00,central|GA_0.00,230,1.2488097700525052e-05,25001,0,3.1708776250015944,0.3881907422060461,-76797.80107319202,4.641165168671144e-06
benchmark_suite,central,GA_0.00,central|GA_0.00,231,2.9213026297144505e-05,25001,0,3.1271471249929164,0.3700079054046886,-75902.35985837487,1.0856937058465062e-05
benchmark_suite,central,GA_0.00,central|GA_0.00,232,1.287451703753494e-05,25001,0,3.1520642079995014,0.3120341467280878,-78517.95360994087,4.784773783219629e-06
benchmark_suite,central,GA_0.00,central|GA_0.00,233,3.0646932438739343e-05,25001,0,3.1738531670125667,0.3780724256514228,-76162.85769056786,1.1389843658544128e-05
benchmark_suite,central,GA_0.00,central|GA_0.00,234,1.882322797856818e-05,25001,0,3.205851457983954,0.3542457397278818,-77537.93123568223,6.995595758424184e-06
benchmark_suite,central,GA_0.00,central|GA_0.00,235,2.857452980264764e-05,25001,0,3.1870675410027616,0.3579916980274938,-76472.19431061333,1.0619640507469663e-05
benchmark_suite,central,GA_0.00,central|GA_0.00,236,7.585237304504812e-05,25001,0,3.2143552499765065,0.3601251006954258,-70340.5740934421,2.8190312950539475e-05
benchmark_suite,central,GA_0.00,central|GA_0.00,237,8.410540641347623e-06,21701,1,3.175025624979753,0.3570081823595388,-79606.7925605602,3.1257559490543024e-06
benchmark_suite,central,GA_0.00,central|GA_0.00,238,5.1767264510533954e-05,25001,0,3.213453624979593,0.3814164022380039,-74661.1563082264,1.9239152901931794e-05
benchmark_suite,central,GA_0.00,central|GA_0.00,239,3.253922320438484e-05,25001,0,3.1749498330173083,0.3638326653987048,-78187.51536672542,1.2093107249803228e-05
benchmark_suite,central,GA_0.00,central|GA_0.00,240,3.92028000087512e-06,16401,1,3.17615233300603,0.3524418113382582,-81687.55468048119,1.4569603921500748e-06
benchmark_suite,central,GA_0.00,central|GA_0.00,241,2.789937529888723e-05,25001,0,3.035545249993447,0.3787768096351533,-71803.15744976117,1.0368720673376386e-05
benchmark_suite,central,GA_0.00,central|GA_0.00,242,2.495270520572916e-05,25001,0,3.066288208006881,0.3294348452795114,-78158.69660603939,9.273601020520242e-06
benchmark_suite,central,GA_0.00,central|GA_0.00,243,2.972215808240129e-05,25001,0,3.0781092919933144,0.3709489207806832,-78436.19002241618,1.1046153147253008e-05
benchmark_suite,central,GA_0.00,central|GA_0.00,244,3.7715848665263065e-05,25001,0,3.086587166995741,0.3839286603304885,-75772.87051510208,1.4016985381466736e-05
benchmark_suite,central,GA_0.00,central|GA_0.00,245,2.4494427059543825e-05,25001,0,3.1139135409903247,0.3871667922518698,-73310.24630637572,9.103281432482085e-06
benchmark_suite,central,GA_0.00,central|GA_0.00,246,1.2391065944186417e-05,25001,0,3.043223624990788,0.367186153313107,-80339.43404164515,4.605101356586528e-06
benchmark_suite,central,GA_0.00,central|GA_0.00,247,4.2200730421517055e-05,25001,0,3.10740400000941,0.3672433507571002,-74440.56085598841,1.5683777019057893e-05
benchmark_suite,central,GA_0.00,central|GA_0.00,248,2.9819178283717488e-05,25001,0,3.113723332993686,0.2901393567994454,-80892.74403352033,1.1082209577712455e-05
benchmark_suite,central,GA_0.00,central|GA_0.00,249,2.5038740005858386e-05,25001,0,3.02784895800869,0.3827467727890603,-71994.50198511656,9.30557393929726e-06
benchmark_suite,central,GA_0.00,central|GA_0.00,250,3.3219979160836865e-05,25001,0,3.0509819999861065,0.3910547691667931,-75076.58413006253,1.2346109194476262e-05
benchmark_suite,central,GA_0.00,central|GA_0.00,251,3.154687387775663e-05,25001,0,3.155761667003389,0.3770482208874909,-73984.25795598382,1.1724304444744735e-05
benchmark_suite,central,GA_0.00,central|GA_0.00,252,2.82105783314907e-05,25001,0,3.075586084014504,0.3332090819212902,-78634.78147582043,1.0484379510131808e-05
benchmark_suite,central,GA_0.00,central|GA_0.00,253,2.4722054839172847e-05,25001,0,3.183015082991915,0.3661062175798094,-76792.81465019714,9.18787822954724e-06
benchmark_suite,central,GA_0.00,central|GA_0.00,254,1.4234049054085165e-05,25001,0,3.0861575419839937,0.4010083717618263,-82077.04983854854,5.290041839565619e-06
benchmark_suite,central,GA_0.00,central|GA_0.00,255,1.5547489130231532e-05,25001,0,3.0912051659834106,0.3873827639117673,-76152.80751056902,5.778176386608981e-06
benchmark_suite,central,GA_0.00,central|GA_0.00,256,2.613185331164884e-05,25001,0,3.080844041018281,0.3529439186714747,-75637.77245994356,9.71182606392681e-06
benchmark_suite,central,GA_0.00,central|GA_0.00,257,2.5061830608966128e-05,25001,0,2.9651680829992983,0.3360247444366164,-80360.84682057916,9.314157362051252e-06
benchmark_suite,central,GA_0.00,central|GA_0.00,258,4.122071674698448e-05,25001,0,2.9099375839869026,0.353561981116272,-71786.21762017236,1.5319558490382098e-05
benchmark_suite,central,GA_0.00,central|GA_0.00,259,2.804046175626545e-05,25001,0,2.847585624986096,0.3865320630855232,-73046.95510342925,1.0421156080935153e-05
benchmark_suite,central,GA_0.00,central|GA_0.00,260,4.027831004787586e-05,25001,0,2.8455502500000875,0.3253767920459783,-78617.09540708392,1.4969316634906949e-05
benchmark_suite,central,GA_0.00,central|GA_0.00,261,3.057047215261101e-05,25001,0,2.758883291011444,0.3698446691893516,-75924.9811037572,1.1361425151335034e-05
benchmark_suite,central,GA_0.00,central|GA_0.00,262,6.869480885081577e-05,25001,0,2.8213207499939017,0.3905510465195011,-70335.31689367749,2.553022409142878e-05
benchmark_suite,central,GA_0.00,central|GA_0.00,263,1.9462365505857844e-05,25001,0,2.899336000002222,0.3602222211295895,-74590.77576919456,7.233132579627646e-06
benchmark_suite,central,GA_0.00,central|GA_0.00,264,1.2971698328307649e-05,25001,0,2.851800208009081,0.3849098752499447,-78475.37066544524,4.82089092029842e-06
benchmark_suite,central,GA_0.00,central|GA_0.00,265,3.5926140297742866e-05,25001,0,2.752825917006703,0.380632175830686,-75556.60106348863,1.3351844408309735e-05
benchmark_suite,central,GA_0.00,central|GA_0.00,266,1.2305598694042186e-05,25001,0,2.817068250005832,0.3604331484594132,-82976.35222932564,4.573339790063228e-06
benchmark_suite,central,GA_0.00,central|GA_0.00,267,2.676368022457528e-05,25001,0,2.7786584579735063,0.3367666008393729,-79332.0175116538,9.946641993141371e-06
benchmark_suite,central,GA_0.00,central|GA_0.00,268,3.056496602341562e-05,25001,0,2.7540591249999125,0.3431910688585233,-78525.89094197443,1.1359380648023536e-05
benchmark_suite,central,GA_0.00,central|GA_0.00,269,3.7472945276573e-05,25001,0,2.834253207984148,0.3646307057082125,-75496.87043969579,1.3926710844664088e-05
benchmark_suite,central,GA_0.00,central|GA_0.00,270,0.0001025174050575,25001,0,2.888278958009323,0.3486464403342872,-69916.45680880084,3.8100293356180206e-05
benchmark_suite,central,GA_0.00,central|GA_0.00,271,2.431851245480497e-05,25001,0,2.86739570798818,0.3622450689217852,-75746.19699244895,9.037903807957242e-06
benchmark_suite,central,GA_0.00,central|GA_0.00,272,7.914101963539285e-06,16201,1,2.8592862079967745,0.4388684377427913,-76718.86678881313,2.9412481379521937e-06
benchmark_suite,central,GA_0.00,central|GA_0.00,273,1.6833590588016408e-05,25001,0,2.7326860839966685,0.4372194047192954,-74958.16497666521,6.256154861955631e-06
benchmark_suite,central,GA_0.00,central|GA_0.00,274,2.26276279324704e-05,25001,0,2.8391167919908185,0.3389128374473827,-81408.55701081232,8.40949098417004e-06
benchmark_suite,central,GA_0.00,central|GA_0.00,275,2.1548532054691057e-05,25001,0,2.7862522909999825,0.3454894459689484,-78511.8087049335,8.008448674184618e-06
benchmark_suite,central,GA_0.00,central|GA_0.00,276,3.829243565371285e-05,25001,0,2.7676458329951856,0.3624460426749968,-75605.48853348786,1.4231270937157902e-05
benchmark_suite,central,GA_0.00,central|GA_0.00,277,2.0067101164818685e-05,25001,0,2.7810680840048008,0.345504807665033,-77363.81972563824,7.457877492015852e-06
benchmark_suite,central,GA_0.00,central|GA_0.00,278,3.966643767658081e-05,25001,0,2.7468405830150004,0.3812313653188211,-74540.82967655483,1.4741914519601249e-05
benchmark_suite,central,GA_0.00,central|GA_0.00,279,1.3692618561021094e-05,25001,0,2.808474583987845,0.3874008599157542,-79888.55495754248,5.088821788093364e-06
benchmark_suite,central,GA_0.00,central|GA_0.00,280,4.061437161013792e-05,25001,0,2.795192667021184,0.3648832125654028,-76294.57158222601,1.509421331141713e-05
benchmark_suite,central,GA_0.00,central|GA_0.00,281,4.681902163336839e-05,25001,0,2.733564750000369,0.3828443279365398,-72636.28231200707,1.740015211690396e-05
benchmark_suite,central,GA_0.00,central|GA_0.00,282,8.718720222439944e-06,12001,1,2.776210707990685,0.3910849655780375,-81958.73006373817,3.240285010009815e-06
benchmark_suite,central,GA_0.00,central|GA_0.00,283,5.653759376447208e-05,25001,0,2.799247541988734,0.3450139814872636,-72793.68358305804,2.101203162400325e-05
benchmark_suite,central,GA_0.00,central|GA_0.00,284,2.6118909043737023e-05,25001,0,2.8507204159977846,0.373186272143349,-77304.84621157865,9.707014554554927e-06
benchmark_suite,central,GA_0.00,central|GA_0.00,285,9.799187597830808e-06,19601,1,2.923994375014445,0.34395143440448,-76288.3840783598,3.641838322518929e-06
benchmark_suite,central,GA_0.00,central|GA_0.00,286,4.97896920904288e-05,25001,0,2.866476750001312,0.3829038344809326,-72730.01500656182,1.850419358656213e-05
benchmark_suite,central,GA_0.00,central|GA_0.00,287,6.539162663542916e-05,25001,0,3.019094041985227,0.3680041107236713,-69304.34262781369,2.430260684073517e-05
benchmark_suite,central,GA_0.00,central|GA_0.00,288,5.562046397892812e-05,25001,0,2.9753416660241783,0.364962450725909,-72726.43235913431,2.067118324269956e-05
benchmark_suite,central,GA_0.00,central|GA_0.00,289,3.834913351317156e-05,25001,0,2.9331559580168687,0.3631438362351747,-76988.81217131828,1.4252342203810653e-05
benchmark_suite,central,GA_0.00,central|GA_0.00,290,3.0290523947450747e-05,25001,0,2.968259708984988,0.3565098867604951,-74358.92721001126,1.1257385346272158e-05
benchmark_suite,central,GA_0.00,central|GA_0.00,291,1.5696688271424456e-05,25001,0,2.9056353750056587,0.3855314689923303,-76500.1872603622,5.833629410488894e-06
benchmark_suite,central,GA_0.00,central|GA_0.00,292,2.351737497181474e-05,25001,0,2.9077132920210715,0.4079164621580617,-76239.8838191315,8.740164485901829e-06
benchmark_suite,central,GA_0.00,central|GA_0.00,293,2.1471916626067524e-05,25001,0,2.8553461670235265,0.3856171305392051,-75680.27175813676,7.97997407710084e-06
benchmark_suite,central,GA_0.00,central|GA_0.00,294,5.904640731007784e-05,25001,0,2.8418999169953167,0.3620736908610663,-71368.55743309735,2.194442446542081e-05
benchmark_suite,central,GA_0.00,central|GA_0.00,295,3.75092981441996e-05,25001,0,2.7792489580169786,0.3329249734602592,-76805.21016740921,1.3940220718073992e-05
benchmark_suite,central,GA_0.00,central|GA_0.00,296,4.37595629536174e-05,25001,0,2.764159332989948,0.3182341329364381,-74802.2670395101,1.6263113455464614e-05
benchmark_suite,central,GA_0.00,central|GA_0.00,297,3.869334920189652e-05,25001,0,2.718394540977897,0.3468232392108176,-74873.30218860063,1.438027094606676e-05
benchmark_suite,central,GA_0.00,central|GA_0.00,298,3.82061821020551e-05,25001,0,2.778345333004836,0.37054672449488,-75111.65424348158,1.4199215501121106e-05
benchmark_suite,central,GA_0.00,central|GA_0.00,299,3.339349225985606e-05,25001,0,2.7679757500009146,0.3197572363095114,-74017.62783314855,1.241059428951285e-05
benchmark_suite,central,GA_0.00,central|GA_0.00,300,7.018336190917133e-06,23701,1,2.817386084003374,0.3258698400148069,-76086.31070171764,2.6083416862914703e-06
benchmark_suite,central,GA_0.00,central|GA_0.00,301,1.9243105941710664e-05,25001,0,2.8159899580059573,0.3189748696318848,-79935.62309904394,7.1516453547462295e-06
benchmark_suite,central,GA_0.00,central|GA_0.00,302,2.7788600160046367e-05,25001,0,2.8654707919922657,0.3739781744164542,-73526.46637548957,1.032755325106503e-05
benchmark_suite,central,GA_0.00,central|GA_0.00,303,4.342148768907394e-05,25001,0,2.810234666976612,0.3411955899842008,-76365.7431552464,1.613746835625277e-05
benchmark_suite,central,GA_0.00,central|GA_0.00,304,3.4225057615465565e-05,25001,0,2.820094041991979,0.4039917465568093,-72840.98612607658,1.271964180931211e-05
benchmark_suite,central,GA_0.00,central|GA_0.00,305,3.528272768540655e-05,25001,0,2.851997999998275,0.4235117653765206,-70829.42788852965,1.311272141204009e-05
benchmark_suite,central,GA_0.00,central|GA_0.00,306,2.9949406423099813e-05,25001,0,2.7445157500042114,0.3737217343603456,-74344.99782497046,1.1130609262587572e-05
benchmark_suite,central,GA_0.00,central|GA_0.00,307,1.9047461389996232e-05,25001,0,2.751852957997471,0.3843454560607168,-74638.87291514812,7.078934072534663e-06
benchmark_suite,central,GA_0.00,central|GA_0.00,308,2.4957074044968428e-05,25001,0,2.71986141600064,0.3838562655511289,-76173.56999177039,9.275223770940856e-06
benchmark_suite,central,GA_0.00,central|GA_0.00,309,2.953600353981884e-05,25001,0,2.7276305420091376,0.3928971579579894,-69613.35483154742,1.0976968441509443e-05
benchmark_suite,central,GA_0.00,central|GA_0.00,310,3.27453347791841e-05,25001,0,2.7796703339845408,0.4178500853892499,-74092.09911155849,1.216970885200135e-05
benchmark_suite,central,GA_0.00,central|GA_0.00,311,3.441045627419787e-05,25001,0,2.8437724169925787,0.3811331397197894,-74421.51061878225,1.2788545925680684e-05
benchmark_suite,central,GA_0.00,central|GA_0.00,312,4.222238699299182e-05,25001,0,2.8471007499902043,0.3620409075666305,-73662.7246012838,1.569182618184683e-05
benchmark_suite,central,GA_0.00,central|GA_0.00,313,1.2638556706412851e-05,25001,0,2.688304499984952,0.3738298287674884,-79058.33357671204,4.697084025173646e-06
benchmark_suite,central,GA_0.00,central|GA_0.00,314,4.531094464137388e-05,25001,0,2.7237591670127586,0.332439326121232,-73524.11932498633,1.683968039506786e-05
benchmark_suite,central,GA_0.00,central|GA_0.00,315,3.754330928471908e-05,25001,0,2.77829429099802,0.4038467597368954,-70797.9315827715,1.3952859929757749e-05
benchmark_suite,central,GA_0.00,central|GA_0.00,316,4.225628822983007e-06,16701,1,2.7683560839795973,0.3627004147107385,-83518.51349286124,1.5704367032034062e-06
benchmark_suite,central,GA_0.00,central|GA_0.00,317,1.860223626581995e-05,25001,0,2.7475980830204207,0.3588387857312262,-83060.98779882582,6.913466387215582e-06
benchmark_suite,central,GA_0.00,central|GA_0.00,318,5.4902640380684e-06,14001,1,2.7534662499965634,0.3712063032730649,-83240.0137703272,2.0404437138338743e-06
benchmark_suite,central,GA_0.00,central|GA_0.00,319,2.756846914390059e-05,25001,0,2.6423756669973955,0.3877364411385879,-74995.2968337765,1.0245740206285723e-05
benchmark_suite,central,GA_0.00,central|GA_0.00,320,2.5525937040907253e-05,25001,0,2.766043165989686,0.3303123656165257,-79329.80539676169,9.48664053312266e-06
benchmark_suite,central,GA_0.00,central|GA_0.00,321,2.2444463180033973e-05,25001,0,2.7212373329966795,0.3758476440652328,-73737.14139394969,8.341417992215942e-06
benchmark_suite,central,GA_0.00,central|GA_0.00,322,1.5839114273169176e-05,25001,0,2.732580874988344,0.3373871426219146,-84168.04555563339,5.886559968485136e-06
benchmark_suite,central,GA_0.00,central|GA_0.00,323,2.6156135199076125e-05,25001,0,2.7554974170052446,0.4342891053887627,-69324.23816088164,9.72085018949108e-06
benchmark_suite,central,GA_0.00,central|GA_0.00,324,4.483194569564243e-06,22701,1,2.730162499996368,0.3625649124071597,-79682.02962335471,1.6661609010370716e-06
benchmark_suite,central,GA_0.00,central|GA_0.00,325,1.0009721242228218e-05,25001,0,2.780169750010828,0.3471355456959445,-73085.4168310772,3.7200836085618814e-06
benchmark_suite,central,GA_0.00,central|GA_0.00,326,2.433875588196436e-05,25001,0,2.745077375002438,0.3562739490401785,-75311.95347459518,9.04542571276657e-06
benchmark_suite,central,GA_0.00,central|GA_0.00,327,2.0406181367667183e-05,25001,0,2.692081334011164,0.341427263578229,-79032.70280099344,7.583898750860504e-06
benchmark_suite,central,GA_0.00,central|GA_0.00,328,4.051120131458246e-05,25001,0,2.781857833004324,0.4492530400507129,-70265.9324192323,1.505586855840729e-05
benchmark_suite,central,GA_0.00,central|GA_0.00,329,3.349417767575712e-05,25001,0,2.793209417024628,0.3595903559683838,-74108.14783026605,1.2448014120678448e-05
benchmark_suite,central,GA_0.00,central|GA_0.00,330,5.8751108146486646e-05,25001,0,2.7538116249779705,0.3680855701679592,-70971.2801287526,2.183467775982932e-05
benchmark_suite,central,GA_0.00,central|GA_0.00,331,1.7368260637360006e-05,25001,0,2.7579003749997355,0.3959101582991454,-75503.75804996557,6.454861429709712e-06
benchmark_suite,central,GA_0.00,central|GA_0.00,332,5.744969498599822e-05,25001,0,2.7612333339930046,0.3503039411902952,-70478.30450829954,2.1351010417234545e-05
benchmark_suite,central,GA_0.00,central|GA_0.00,333,3.753585645278119e-05,25001,0,2.794862707989523,0.3495518447934994,-76025.0601755264,1.3950090712089069e-05
benchmark_suite,central,GA_0.00,central|GA_0.00,334,6.524428803353344e-06,15701,1,2.735064375010552,0.4160620356864815,-77563.86001197396,2.4247888931373213e-06
benchmark_suite,central,GA_0.00,central|GA_0.00,335,1.036651840308232e-05,25001,0,2.753764332999708,0.3964762390317645,-75420.47220304303,3.852688324548917e-06
benchmark_suite,central,GA_0.00,central|GA_0.00,336,3.087525633414573e-05,25001,0,2.8023732919828035,0.3435142363987529,-74922.39529820983,1.147469937594398e-05
benchmark_suite,central,GA_0.00,central|GA_0.00,337,4.909219159472944e-05,25001,0,2.8218657080142293,0.3150699234370645,-77369.80892423185,1.824496868100592e-05
benchmark_suite,central,GA_0.00,central|GA_0.00,338,5.976913523081757e-05,25001,0,2.8073555000009947,0.3648362870109141,-71347.79230320734,2.22130248098832e-05
benchmark_suite,central,GA_0.00,central|GA_0.00,339,2.948250380857459e-05,25001,0,2.938090999989072,0.3589009049732027,-70438.60512605961,1.0957085023615512e-05
benchmark_suite,central,GA_0.00,central|GA_0.00,340,3.0867114291973185e-05,25001,0,2.794418292003684,0.3801842592756882,-71417.48507719772,1.1471672910916356e-05
benchmark_suite,central,GA_0.00,central|GA_0.00,341,2.1688045035202496e-05,25001,0,2.783316792018013,0.3749214182435789,-74268.51083447604,8.060297410142625e-06
benchmark_suite,central,GA_0.00,central|GA_0.00,342,2.483406262584552e-05,25001,0,2.813193416019203,0.3681770201918931,-77001.95543394756,9.22950692757051e-06
benchmark_suite,central,GA_0.00,central|GA_0.00,343,1.954905139428507e-05,25001,0,2.806766583991702,0.3820766205499087,-71150.74936314602,7.26534712841899e-06
benchmark_suite,central,GA_0.00,central|GA_0.00,344,3.538588132717236e-05,25001,0,2.8632755000144243,0.38380513868862,-70894.27773785946,1.3151059428670074e-05
benchmark_suite,central,GA_0.00,central|GA_0.00,345,2.3702768955501783e-05,25001,0,2.866084832989145,0.3870371823680542,-73106.50781563373,8.80906323529594e-06
benchmark_suite,central,GA_0.00,central|GA_0.00,346,8.726331703008242e-06,18501,1,2.711008292011684,0.4086178133283213,-75870.43868690998,3.2431149968441663e-06
benchmark_suite,central,GA_0.00,central|GA_0.00,347,2.074559548042297e-05,25001,0,2.74664166700677,0.3773316942582592,-71406.54440540083,7.710041609982233e-06
benchmark_suite,central,GA_0.00,central|GA_0.00,348,3.742111494756191e-05,25001,0,2.700140833010664,0.3846715118231005,-72272.24589387653,1.3907447572173092e-05
benchmark_suite,central,GA_0.00,central|GA_0.00,349,1.925163131295525e-05,25001,0,2.7371205000090413,0.3607540236370749,-76470.38722397444,7.154814340750748e-06
benchmark_suite,central,GA_0.00,central|GA_0.00,350,3.4126008099089045e-05,25001,0,2.741488542000297,0.3608181515295239,-74344.53919346664,1.2682829959089012e-05
benchmark_suite,central,GA_0.00,central|GA_0.00,351,3.475310520913791e-05,25001,0,2.7264652919839136,0.3314090289417569,-76459.44834211016,1.2915889882098317e-05
benchmark_suite,central,GA_0.00,central|GA_0.00,352,2.5307524325427307e-05,25001,0,2.789002374978736,0.4157919191160883,-75213.53547151155,9.405466266783403e-06
benchmark_suite,central,GA_0.00,central|GA_0.00,353,2.8596760948765088e-05,25001,0,2.791709457989782,0.3673190233304436,-71432.50463999431,1.062790324547466e-05
benchmark_suite,central,GA_0.00,central|GA_0.00,354,1.671993953458418e-05,25001,0,2.687785000016447,0.3942024948400757,-76993.28612150662,6.213915624333772e-06
benchmark_suite,central,GA_0.00,central|GA_0.00,355,4.39910141484414e-05,25001,0,2.717129124997882,0.3812255134973645,-73540.67612731927,1.6349131921880967e-05
benchmark_suite,central,GA_0.00,central|GA_0.00,356,5.348040660674115e-05,25001,0,2.712702791992342,0.3640984349505202,-71473.88986371827,1.9875836293034872e-05
benchmark_suite,central,GA_0.00,central|GA_0.00,357,2.838876530868367e-05,25001,0,2.712387583014788,0.3642858716481265,-75890.42255411408,1.0550600818596052e-05
benchmark_suite,central,GA_0.00,central|GA_0.00,358,1.1338070199180725e-05,25001,0,2.716601666004862,0.3812162862810377,-75767.14091549504,4.213761832293124e-06
benchmark_suite,central,GA_0.00,central|GA_0.00,359,5.86897703041182e-06,18301,1,2.68555591700715,0.3646742444937884,-83125.64722665964,2.181181178563108e-06
benchmark_suite,central,GA_0.00,central|GA_0.00,360,2.3789413334001813e-05,25001,0,2.807525540993084,0.3538264024633729,-77201.29699168619,8.841264318488094e-06
benchmark_suite,central,GA_0.00,central|GA_0.00,361,2.301197665646889e-05,25001,0,2.795884582999861,0.3537303202821985,-75888.28502950903,8.55233432950004e-06
benchmark_suite,central,GA_0.00,central|GA_0.00,362,2.369015643851887e-05,25001,0,2.750464374985313,0.347264413421617,-78827.54826033904,8.804375583305888e-06
benchmark_suite,central,GA_0.00,central|GA_0.00,363,2.29299095560051e-05,25001,0,2.7577040840114933,0.3997035608889887,-72452.94010962939,8.521832948315788e-06
benchmark_suite,central,GA_0.00,central|GA_0.00,364,4.20163125009568e-05,25001,0,2.77708845800953,0.4031304236680524,-73707.52677532702,1.56152393753855e-05
benchmark_suite,central,GA_0.00,central|GA_0.00,365,3.679873058271252e-05,25001,0,2.767088541004341,0.3869839169834111,-72678.86384644386,1.3676139577854102e-05
benchmark_suite,central,GA_0.00,central|GA_0.00,366,9.980886310981558e-06,11801,1,2.7605006249796133,0.3974537162441827,-81557.83520274804,3.709368366553837e-06
benchmark_suite,central,GA_0.00,central|GA_0.00,367,3.615468835459843e-05,25001,0,2.698543125006836,0.3654540068926308,-73686.08756525173,1.343678415780656e-05
benchmark_suite,central,GA_0.00,central|GA_0.00,368,5.68288052005235e-05,25001,0,2.738308875006624,0.3810112784391938,-73018.38572503536,2.1120259392356005e-05
benchmark_suite,central,GA_0.00,central|GA_0.00,369,3.943584356584051e-05,25001,0,2.7496390839805827,0.3835890910621249,-75405.06167710683,1.4656216677681384e-05
benchmark_suite,central,GA_0.00,central|GA_0.00,370,3.6012940661260344e-05,25001,0,2.69099054200342,0.3269282584606585,-78240.24646626107,1.3384103110815472e-05
benchmark_suite,central,GA_0.00,central|GA_0.00,371,2.91546616702952e-05,25001,0,2.711136375000933,0.3302421162488073,-78252.1759942726,1.0835243980065625e-05
benchmark_suite,central,GA_0.00,central|GA_0.00,372,1.2541378874549802e-05,25001,0,2.65372179201222,0.3215527575821144,-86912.70232349925,4.660966006566419e-06
benchmark_suite,central,GA_0.00,central|GA_0.00,373,3.4012186857357026e-05,25001,0,2.7335121250071097,0.3427287438515828,-72512.61614676885,1.2640529391481657e-05
benchmark_suite,central,GA_0.00,central|GA_0.00,374,1.3287207600521045e-05,25001,0,2.7430060420010705,0.3857991194965038,-76210.88850186455,4.938153007737765e-06
benchmark_suite,central,GA_0.00,central|GA_0.00,375,6.236252567567254e-05,25001,0,2.6401947080157697,0.3242877512040948,-73288.26748209487,2.3176850535785424e-05
benchmark_suite,central,GA_0.00,central|GA_0.00,376,1.5828119756244063e-05,25001,0,2.7597832919855136,0.3700434684559762,-81460.85985595782,5.882473063113103e-06
benchmark_suite,central,GA_0.00,central|GA_0.00,377,3.7784361736362335e-06,10101,1,2.788946584012592,0.4129185973138745,-89322.67426972082,1.4042434835227202e-06
benchmark_suite,central,GA_0.00,central|GA_0.00,378,3.5533442832473314e-05,25001,0,2.701293791993521,0.3767784480083074,-74122.65675260764,1.32059000946543e-05
benchmark_suite,central,GA_0.00,central|GA_0.00,379,1.9719827625360065e-05,25001,0,2.7331272500159685,0.3573774122495048,-76589.45608920697,7.328817381549816e-06
benchmark_suite,central,GA_0.00,central|GA_0.00,380,2.685766377701201e-06,23301,1,2.6950231669761706,0.372141703736661,-80707.12004928535,9.981575787599038e-07
benchmark_suite,central,GA_0.00,central|GA_0.00,381,4.9240814446703577e-05,25001,0,2.7443450829887297,0.3244566184096454,-76365.77870643506,1.8300205125006564e-05
benchmark_suite,central,GA_0.00,central|GA_0.00,382,1.6892791278304066e-05,25001,0,2.758962583000539,0.2883944692083991,-80176.77270522373,6.278154470279724e-06
benchmark_suite,central,GA_0.00,central|GA_0.00,383,2.482917134554946e-05,25001,0,2.7062450829835143,0.3983049486510256,-73841.71735499054,9.2276872933367e-06
benchmark_suite,central,GA_0.00,central|GA_0.00,384,1.3496767366390788e-05,25001,0,2.868414333002874,0.3241065985065274,-83530.17095642592,5.016034713542372e-06
benchmark_suite,central,GA_0.00,central|GA_0.00,385,3.984707586838044e-05,25001,0,2.935496999998577,0.4040061364608411,-69639.79981680254,1.480904864822636e-05
benchmark_suite,central,GA_0.00,central|GA_0.00,386,3.509509134025979e-05,25001,0,2.8269700419914443,0.3352313975087923,-77676.75319091608,1.3042988427492517e-05
benchmark_suite,central,GA_0.00,central|GA_0.00,387,3.412974268853335e-05,25001,0,2.855374207982095,0.3558024687980048,-76279.61598110978,1.2684218505382036e-05
benchmark_suite,central,GA_0.00,central|GA_0.00,388,3.147344661604782e-05,25001,0,2.83636241601198,0.3642297781199002,-74812.2790657243,1.1697013158738334e-05
benchmark_suite,central,GA_0.00,central|GA_0.00,389,4.000146711962737e-05,25001,0,2.91755633300636,0.3924988331428256,-71299.64010385251,1.486642879647696e-05
benchmark_suite,central,GA_0.00,central|GA_0.00,390,9.08088549026369e-06,24501,1,2.909889500006102,0.3556219300381846,-74672.35392321445,3.3748889661567787e-06
benchmark_suite,central,GA_0.00,central|GA_0.00,391,3.3360841348316244e-05,25001,0,2.8410708330047783,0.3435033205503217,-76241.89115284647,1.2398459337776923e-05
benchmark_suite,central,GA_0.00,central|GA_0.00,392,5.1080989303152297e-05,25001,0,2.76432516699424,0.3656148729108855,-73050.93528235063,1.898409961503533e-05
benchmark_suite,central,GA_0.00,central|GA_0.00,393,1.620760059777909e-05,25001,0,2.720928083988838,0.3276580777944603,-84038.60826465466,6.0235065311743474e-06
benchmark_suite,central,GA_0.00,central|GA_0.00,394,1.6659178329643388e-05,25001,0,2.72075649999897,0.3697293798258998,-78988.75531013493,6.191333300834204e-06
benchmark_suite,central,GA_0.00,central|GA_0.00,395,2.0097562412693783e-05,25001,0,2.731769666977925,0.4223098544459706,-74872.73441705908,7.469200739978396e-06
benchmark_suite,central,GA_0.00,central|GA_0.00,396,2.4518021234953823e-05,25001,0,2.7430731669883244,0.4009633232368634,-75605.9593650691,9.112051912437977e-06
benchmark_suite,central,GA_0.00,central|GA_0.00,397,2.470922572804474e-05,25001,0,2.7778516669932287,0.3624687858472533,-73301.45571124963,9.18311248498684e-06
benchmark_suite,central,GA_0.00,central|GA_0.00,398,7.516007446690781e-06,20701,1,2.781720916973427,0.3751948860924536,-74936.59304874865,2.7932974712406868e-06
benchmark_suite,central,GA_0.00,central|GA_0.00,399,2.682011981110522e-05,25001,0,2.701933916978305,0.4452653444905439,-75975.18477987195,9.967619939227206e-06
benchmark_suite,central,GA_0.00,central|GA_0.00,400,3.9615599506791845e-05,25001,0,2.7154469579982106,0.3462831722995147,-76735.98548754235,1.4723022045741996e-05
benchmark_suite,central,GA_0.00,central|GA_0.00,401,3.3110923368406895e-05,25001,0,2.746402124990709,0.3686318464420726,-74812.73755082773,1.2305577589332048e-05
benchmark_suite,central,GA_0.00,central|GA_0.00,402,3.42252327850462e-05,25001,0,2.679654500010656,0.3735861582181627,-76739.92345442661,1.2719707461910616e-05
benchmark_suite,central,GA_0.00,central|GA_0.00,403,1.9167423361432816e-05,25001,0,2.705574624997098,0.3559577375556336,-78551.29942646297,7.123518092407241e-06
benchmark_suite,central,GA_0.00,central|GA_0.00,404,5.962799031423395e-05,25001,0,2.7165925000153948,0.3569670299408834,-73110.92559515816,2.216056748978447e-05
benchmark_suite,central,GA_0.00,central|GA_0.00,405,3.753935237010296e-05,25001,0,2.739942499989411,0.3291181541013406,-74987.39310105414,1.3951390155286168e-05
benchmark_suite,central,GA_0.00,central|GA_0.00,406,8.18444159034567e-06,24301,1,2.722514124994632,0.3550585644048224,-76043.55299481026,3.0417254176163336e-06
benchmark_suite,central,GA_0.00,central|GA_0.00,407,2.1487050756210483e-05,25001,0,2.6939199999906123,0.3975536599854595,-74488.56665045072,7.985599206297655e-06
benchmark_suite,central,GA_0.00,central|GA_0.00,408,5.375041144897289e-05,25001,0,2.795761874993332,0.332606664045023,-75865.10127385701,1.997618260432928e-05
benchmark_suite,central,GA_0.00,central|GA_0.00,409,2.534029978015921e-05,25001,0,2.770937041990692,0.3272989924211606,-78229.42806662444,9.417647324025076e-06
benchmark_suite,central,GA_0.00,central|GA_0.00,410,2.3318598572180373e-05,25001,0,2.6367427919758484,0.350220263069703,-76029.6237235717,8.666289898927405e-06
benchmark_suite,central,GA_0.00,central|GA_0.00,411,3.415961120571984e-05,25001,0,2.797559666010784,0.4064168202487417,-71726.86786879596,1.269531836186452e-05
benchmark_suite,central,GA_0.00,central|GA_0.00,412,1.876306502884666e-05,25001,0,2.7004216670175083,0.3997914810441502,-76988.89679268104,6.9732383998149885e-06
benchmark_suite,central,GA_0.00,central|GA_0.00,413,3.4853213990502496e-05,25001,0,2.817419416998746,0.310941350824261,-76071.87134400297,1.2953095650394314e-05
benchmark_suite,central,GA_0.00,central|GA_0.00,414,8.285608418282787e-06,16501,1,2.73797512499732,0.3685834032860796,-82694.93235007368,3.0793268571016946e-06
benchmark_suite,central,GA_0.00,central|GA_0.00,415,4.218767956251509e-05,25001,0,2.7396007500065025,0.3713845041889788,-73159.69116951071,1.567892818333937e-05
benchmark_suite,central,GA_0.00,central|GA_0.00,416,1.265514835647968e-05,25001,0,2.775015000021085,0.3743860267996282,-82683.81711496922,4.703251855150951e-06
benchmark_suite,central,GA_0.00,central|GA_0.00,417,4.742751453509871e-05,25001,0,2.770165875001112,0.3425979971188581,-74672.67252276976,1.7626297591104994e-05
benchmark_suite,central,GA_0.00,central|GA_0.00,418,2.3627162023934687e-05,25001,0,2.7554906670120545,0.361462229851423,-77107.6878323158,8.780965081246745e-06
benchmark_suite,central,GA_0.00,central|GA_0.00,419,3.2802868096710925e-05,25001,0,2.7064664580102544,0.3749387344650002,-75109.13855205063,1.2191090152787098e-05
benchmark_suite,central,GA_0.00,central|GA_0.00,420,3.51567375357092e-05,25001,0,2.705667916976381,0.3591680810831064,-75711.06473505197,1.3065898378663612e-05
benchmark_suite,central,GA_0.00,central|GA_0.00,421,5.068643505128648e-05,25001,0,2.7430564160167705,0.3772268496560494,-72709.65975780983,1.8837465329483248e-05
benchmark_suite,central,GA_0.00,central|GA_0.00,422,2.413186812982393e-05,25001,0,2.832634666003287,0.3930512602936833,-77869.9092880412,8.968539598887238e-06
benchmark_suite,central,GA_0.00,central|GA_0.00,423,1.669052451598806e-05,25001,0,2.6738488750124816,0.3327618709724984,-83204.47600336868,6.202982385279408e-06
benchmark_suite,central,GA_0.00,central|GA_0.00,424,8.739178763303307e-05,25001,0,2.7685077500063926,0.3605317194257559,-70722.88469700649,3.247890159864833e-05
benchmark_suite,central,GA_0.00,central|GA_0.00,425,4.101310672890389e-05,25001,0,2.761477082996862,0.3389289200221961,-76349.47146574385,1.524240182208401e-05
benchmark_suite,central,GA_0.00,central|GA_0.00,426,4.2406432345086375e-05,25001,0,2.6802287909958977,0.4002995616115917,-73186.08161775582,1.5760226111377568e-05
benchmark_suite,central,GA_0.00,central|GA_0.00,427,2.693798603324712e-05,25001,0,2.7061594999977387,0.3657027118117244,-78303.94341749232,1.0011423294697157e-05
benchmark_suite,central,GA_0.00,central|GA_0.00,428,6.253458666681026e-05,25001,0,2.7286617500067223,0.333507389516635,-72520.7128767213,2.324079563359456e-05
benchmark_suite,central,GA_0.00,central|GA_0.00,429,2.560408905870616e-05,25001,0,2.7571545829996467,0.3747134602383954,-72877.39113746659,9.51568593633358e-06
benchmark_suite,central,GA_0.00,central|GA_0.00,430,2.8905725552001453e-05,25001,0,2.7034336249926127,0.3817463929763979,-71604.42663621105,1.0742726965695454e-05
benchmark_suite,central,GA_0.00,central|GA_0.00,431,2.38356638098592e-05,25001,0,2.684290167002473,0.3696512509676876,-76691.6557916725,8.858453941586149e-06
benchmark_suite,central,GA_0.00,central|GA_0.00,432,3.862983419443316e-05,25001,0,2.7449572500190698,0.359211564251947,-74256.39878155135,1.4356664532855045e-05
benchmark_suite,central,GA_0.00,central|GA_0.00,433,6.541908458205507e-05,25001,0,2.7293201250140555,0.358114278929736,-72832.88342201088,2.4312810699883168e-05
benchmark_suite,central,GA_0.00,central|GA_0.00,434,2.644780230305894e-05,25001,0,2.789686999982223,0.3409862385791848,-76612.8709338707,9.829247909898158e-06
benchmark_suite,central,GA_0.00,central|GA_0.00,435,3.0092894107509984e-05,25001,0,2.698323249991517,0.3508460893793224,-80107.19792092731,1.11839346832094e-05
benchmark_suite,central,GA_0.00,central|GA_0.00,436,4.41864030115897e-06,15801,1,2.69371350001893,0.3339855631589574,-83931.77612477061,1.642180419813086e-06
benchmark_suite,central,GA_0.00,central|GA_0.00,437,3.973114020423106e-05,25001,0,2.7369859159807675,0.3576550937028171,-74657.684126332,1.476596296056804e-05
benchmark_suite,central,GA_0.00,central|GA_0.00,438,2.7038394113626067e-05,25001,0,2.7182980840152595,0.443672312845894,-73008.6785606722,1.0048739388521229e-05
benchmark_suite,central,GA_0.00,central|GA_0.00,439,2.437554885397726e-05,25001,0,2.717248415981885,0.3597793888351319,-79180.27811224798,9.05910285485424e-06
benchmark_suite,central,GA_0.00,central|GA_0.00,440,3.11366029829986e-05,25001,0,2.722469500004081,0.3527980113441641,-76941.48093971309,1.1571826452839878e-05
benchmark_suite,central,GA_0.00,central|GA_0.00,441,5.70320254304244e-05,25001,0,2.652795625006547,0.3848319781826804,-69443.79114689771,2.119578536993685e-05
benchmark_suite,central,GA_0.00,central|GA_0.00,442,1.207345378624624e-05,25001,0,2.8091669589921366,0.441544234418192,-69002.54262647506,4.487063761806115e-06
benchmark_suite,central,GA_0.00,central|GA_0.00,443,4.0174232516170765e-05,25001,0,2.7282027909823228,0.3819286653199992,-71005.21887000809,1.493063561229417e-05
benchmark_suite,central,GA_0.00,central|GA_0.00,444,4.046306539248897e-05,25001,0,2.69501220798702,0.3639710188719823,-76283.63518965364,1.503798001491092e-05
benchmark_suite,central,GA_0.00,central|GA_0.00,445,1.1632721069841142e-05,25001,0,2.7556023340148386,0.3430860900241912,-85113.02460205852,4.323268360854723e-06
benchmark_suite,central,GA_0.00,central|GA_0.00,446,4.298300322563603e-05,25001,0,2.7394557499792427,0.415031152466527,-72287.03268617397,1.597450811822602e-05
benchmark_suite,central,GA_0.00,central|GA_0.00,447,1.83322440220168e-05,25001,0,2.6123067919979803,0.3797608289212135,-79843.09145902944,6.813125199105468e-06
benchmark_suite,central,GA_0.00,central|GA_0.00,448,2.009366197190188e-05,25001,0,2.7119895829819143,0.3611438769759005,-79954.14326385343,7.467751050274818e-06
benchmark_suite,central,GA_0.00,central|GA_0.00,449,4.259938895335544e-05,25001,0,2.74602320799022,0.3714939405256531,-72545.3725413896,1.5831938381735534e-05
benchmark_suite,central,GA_0.00,central|GA_0.00,450,6.258404679088776e-05,25001,0,2.796500249998644,0.3835384277475606,-71470.22434988742,2.3259177220890305e-05
benchmark_suite,central,GA_0.00,central|GA_0.00,451,3.63832410375522e-05,25001,0,2.7887583340052515,0.336043064454408,-78042.80614014027,1.352172440280484e-05
benchmark_suite,central,GA_0.00,central|GA_0.00,452,4.3845465964445134e-05,25001,0,2.7160634160100017,0.3741466552036866,-72663.86794155871,1.6295038685836594e-05
benchmark_suite,central,GA_0.00,central|GA_0.00,453,1.3655091097963714e-05,25001,0,2.703450625005644,0.3976966969688627,-74124.59472899025,5.074872481054863e-06
benchmark_suite,central,GA_0.00,central|GA_0.00,454,4.754753895734622e-05,25001,0,2.753607791994,0.3945626453889553,-70893.2108597206,1.7670903317073308e-05
benchmark_suite,central,GA_0.00,central|GA_0.00,455,2.1119997741171016e-05,25001,0,2.6649247920140624,0.3291055070050918,-80597.29599651982,7.849185316146931e-06
benchmark_suite,central,GA_0.00,central|GA_0.00,456,1.992654681426664e-05,25001,0,2.804086917021777,0.3941300892236557,-79153.08648449225,7.405642294804576e-06
benchmark_suite,central,GA_0.00,central|GA_0.00,457,1.988913755624968e-05,25001,0,2.759361541015096,0.3296540894791613,-76988.78644557134,7.391738277522021e-06
benchmark_suite,central,GA_0.00,central|GA_0.00,458,1.2240285828823371e-05,25001,0,2.8281204999948386,0.3349927925791756,-86314.004068493,4.549064537574765e-06
benchmark_suite,central,GA_0.00,central|GA_0.00,459,2.1989802661849058e-05,25001,0,2.7235335419827607,0.3679803816479428,-78936.73682135191,8.172444725368857e-06
benchmark_suite,central,GA_0.00,central|GA_0.00,460,8.579083931565122e-06,21801,1,2.767578791012056,0.3916574384635315,-78899.85858793653,3.1883869801112256e-06
benchmark_suite,central,GA_0.00,central|GA_0.00,461,4.734959742092695e-06,16901,1,2.6907330000249203,0.3508131607028899,-82639.42830639276,1.7597384898528498e-06
benchmark_suite,central,GA_0.00,central|GA_0.00,462,4.956575556738908e-05,25001,0,2.8448021660151426,0.3722838812223225,-74009.62326569676,1.84209680267352e-05
benchmark_suite,central,GA_0.00,central|GA_0.00,463,2.9355007679966803e-05,25001,0,2.768127332994481,0.3555976012672783,-77006.29476737473,1.0909703753054076e-05
benchmark_suite,central,GA_0.00,central|GA_0.00,464,2.171734718942169e-05,25001,0,2.726665916998172,0.3227973774046122,-75293.37778894999,8.071189776243629e-06
benchmark_suite,central,GA_0.00,central|GA_0.00,465,3.482804004088094e-05,25001,0,2.7585768749995623,0.3640426897134823,-76484.50771826004,1.2943739085222773e-05
benchmark_suite,central,GA_0.00,central|GA_0.00,466,3.538052839069539e-05,25001,0,2.758318749984028,0.4394843134558181,-71729.55498014089,1.31490698398822e-05
benchmark_suite,central,GA_0.00,central|GA_0.00,467,1.5969985385449495e-05,25001,0,2.703106790984748,0.3604752320198675,-82235.4494897429,5.935200896072827e-06
benchmark_suite,central,GA_0.00,central|GA_0.00,468,1.5461475300255632e-05,25001,0,2.7965199160098564,0.406300369225693,-77567.90377118145,5.746214241689231e-06
benchmark_suite,central,GA_0.00,central|GA_0.00,469,4.004789575394533e-05,25001,0,2.712567415990634,0.3750721410649809,-75197.80700455987,1.488368345377764e-05
benchmark_suite,central,GA_0.00,central|GA_0.00,470,5.820945938801631e-05,25001,0,2.7151630409935024,0.3945538010123044,-69336.65893284569,2.1633374651396205e-05
benchmark_suite,central,GA_0.00,central|GA_0.00,471,2.8467879713064107e-05,25001,0,2.769784625008469,0.3458804734065867,-77843.95776348616,1.058000440635392e-05
benchmark_suite,central,GA_0.00,central|GA_0.00,472,3.5340226720503344e-05,25001,0,2.709553833992686,0.3901571324199983,-75278.36114456513,1.3134092213421232e-05
benchmark_suite,central,GA_0.00,central|GA_0.00,473,4.749895600661152e-06,18301,1,2.7523339169856627,0.3951525884613047,-78499.80564760674,1.7652797460303503e-06
benchmark_suite,central,GA_0.00,central|GA_0.00,474,2.7564538367326592e-05,25001,0,2.8117181670095306,0.3502191613298021,-74844.25309775813,1.024427861979991e-05
benchmark_suite,central,GA_0.00,central|GA_0.00,475,9.282403483967516e-05,25001,0,2.7130820419988595,0.351974623658444,-70909.75162203007,3.4497780459197065e-05
benchmark_suite,central,GA_0.00,central|GA_0.00,476,6.010232589078504e-05,25001,0,2.7180268750234973,0.3815645156443054,-71559.54770504781,2.233685379248971e-05
benchmark_suite,central,GA_0.00,central|GA_0.00,477,3.657982867349693e-05,25001,0,2.6500987500185147,0.3664423536044227,-72461.93062616768,1.3594786869347143e-05
benchmark_suite,central,GA_0.00,central|GA_0.00,478,1.969526560106524e-05,25001,0,2.713262957986444,0.3323883096588104,-76090.98061413202,7.319689754106032e-06
benchmark_suite,central,GA_0.00,central|GA_0.00,479,6.359227971979706e-05,25001,0,2.727150457998505,0.3969274565457629,-71192.74609797754,2.363388523608216e-05
benchmark_suite,central,GA_0.00,central|GA_0.00,480,1.0246387771666868e-05,25001,0,2.7249122909852304,0.418691031772721,-82319.51532726428,3.808041494471291e-06
benchmark_suite,central,GA_0.00,central|GA_0.00,481,2.26139837677636e-05,25001,0,2.78795966701,0.4118237294474862,-74829.90647690669,8.404421106155281e-06
benchmark_suite,central,GA_0.00,central|GA_0.00,482,6.301198763463698e-05,25001,0,2.719588999985717,0.3892961696272884,-69509.15799445608,2.341822050717724e-05
benchmark_suite,central,GA_0.00,central|GA_0.00,483,1.2620254306224245e-05,25001,0,2.739453499991214,0.381815789996217,-77621.28699009428,4.690279283751193e-06
benchmark_suite,central,GA_0.00,central|GA_0.00,484,5.0391959863958e-05,25001,0,2.6889689590025228,0.3107424849875123,-75898.06132253124,1.87280243970278e-05
benchmark_suite,central,GA_0.00,central|GA_0.00,485,3.0658022905673936e-05,25001,0,2.744065375009086,0.3953745117671696,-75500.99487520142,1.139396349231721e-05
benchmark_suite,central,GA_0.00,central|GA_0.00,486,2.72177204545344e-05,25001,0,2.7455628750030883,0.3650244090067061,-75269.01201529901,1.011538707299926e-05
benchmark_suite,central,GA_0.00,central|GA_0.00,487,6.81340013959894e-06,20001,1,2.7474634170066565,0.398318027614182,-74940.45631457663,2.532181125668662e-06
benchmark_suite,central,GA_0.00,central|GA_0.00,488,1.3837042088296235e-05,25001,0,2.7533965409966186,0.3642945145992046,-76977.67315993705,5.142496801625498e-06
benchmark_suite,central,GA_0.00,central|GA_0.00,489,1.7527553799851253e-05,25001,0,2.7982179580139928,0.3837537502791612,-74752.00700584875,6.514064208452002e-06
benchmark_suite,central,GA_0.00,central|GA_0.00,490,6.359582368763381e-05,25001,0,2.8326410000154283,0.3943724257810153,-71513.18282532663,2.363520109317412e-05
benchmark_suite,central,GA_0.00,central|GA_0.00,491,2.2245422463224747e-05,25001,0,2.6724282919894904,0.3620041556832542,-79587.75216207361,8.267447680925072e-06
benchmark_suite,central,GA_0.00,central|GA_0.00,492,2.363074233481036e-05,25001,0,2.7034540419990662,0.3464158179603079,-79551.9551986492,8.782294942364148e-06
benchmark_suite,central,GA_0.00,central|GA_0.00,493,3.316685850411015e-05,25001,0,2.676547250011936,0.3421414709406009,-73502.03941281477,1.2326364657914598e-05
benchmark_suite,central,GA_0.00,central|GA_0.00,494,3.754660935193899e-05,25001,0,2.746273582975846,0.3854987112811506,-74573.32620864318,1.3954087677603414e-05
benchmark_suite,central,GA_0.00,central|GA_0.00,495,4.757025283625747e-05,25001,0,2.747932124999352,0.3516441403230733,-73992.43037902056,1.767934557956882e-05
benchmark_suite,central,GA_0.00,central|GA_0.00,496,2.404960630109532e-05,25001,0,2.7071397920080926,0.3490997029252607,-79082.93590862877,8.937965622120308e-06
benchmark_suite,central,GA_0.00,central|GA_0.00,497,3.993845349805925e-05,25001,0,2.7661491250037216,0.3810803710543693,-70196.71710934695,1.484300922592658e-05
benchmark_suite,central,GA_0.00,central|GA_0.00,498,2.132688839770729e-06,11601,1,2.671416249999311,0.3908417896248657,-91075.1276924145,7.926114513238405e-07
benchmark_suite,central,GA_0.00,central|GA_0.00,499,4.1463321125283e-05,25001,0,2.827859167009592,0.4170458893387647,-72443.55399466457,1.540972290740921e-05
benchmark_suite,central,GA_0.00,central|GA_0.00,500,3.616667460737265e-05,25001,0,2.686241457995493,0.3592235510626915,-76735.58224060782,1.344123863596735e-05
benchmark_suite,central,GA_0.10,central|GA_0.10,1,3.86390528996483e-05,25001,0,2.6699167909973767,0.0240997596170037,-98587.2621779818,1.436009053108134e-05
benchmark_suite,central,GA_0.10,central|GA_0.10,2,2.9193812563701312e-05,25001,0,2.717146875016624,0.0248612908699679,-98384.08811924164,1.0849795933054315e-05
benchmark_suite,central,GA_0.10,central|GA_0.10,3,2.897495447153537e-05,25001,0,2.68434304202674,0.0332032419793372,-95453.96181137164,1.0768457938762485e-05
benchmark_suite,central,GA_0.10,central|GA_0.10,4,5.719826203040998e-05,25001,0,2.6266188330191653,0.0433283754067927,-93238.7890510782,2.125756663352766e-05
benchmark_suite,central,GA_0.10,central|GA_0.10,5,1.3091702632793984e-05,25001,0,2.77655887498986,0.0323896670444067,-99983.60632477188,4.8654960183279856e-06
benchmark_suite,central,GA_0.10,central|GA_0.10,6,3.590653012642355e-05,25001,0,2.7016378749976866,0.0345363788588276,-97679.73517238576,1.3344556797180932e-05
benchmark_suite,central,GA_0.10,central|GA_0.10,7,3.509818507850156e-05,25001,0,2.7333875829936005,0.0314301309472913,-98497.15468614126,1.3044138512954244e-05
benchmark_suite,central,GA_0.10,central|GA_0.10,8,4.218331609670578e-05,25001,0,2.7239581249887124,0.0445081839866775,-95229.9527536158,1.5677305269329233e-05
benchmark_suite,central,GA_0.10,central|GA_0.10,9,1.7704423232598512e-05,25001,0,2.6648069160000887,0.0385089812716767,-101229.45076537172,6.579798065924604e-06
benchmark_suite,central,GA_0.10,central|GA_0.10,10,1.3730431579618564e-05,25001,0,2.6898162080033217,0.027238259507661,-100517.0802761756,5.102873915037495e-06
benchmark_suite,central,GA_0.10,central|GA_0.10,11,9.424957950994843e-06,19601,1,2.7015404579869937,0.0263196860076372,-107778.46414018514,3.502761635866333e-06
benchmark_suite,central,GA_0.10,central|GA_0.10,12,4.703638805126974e-05,25001,0,2.6875148749968503,0.0336288643335556,-98125.13615591628,1.7480935495261987e-05
benchmark_suite,central,GA_0.10,central|GA_0.10,13,3.401912582136333e-05,25001,0,2.714361958001973,0.0257732783401693,-100001.15598500433,1.2643108370104014e-05
benchmark_suite,central,GA_0.10,central|GA_0.10,14,1.556938184715598e-05,25001,0,2.6885242919961456,0.0325239901788022,-100518.52432761266,5.786317406216741e-06
benchmark_suite,central,GA_0.10,central|GA_0.10,15,2.6390591721494085e-05,25001,0,2.676582874992164,0.0394684914877707,-97545.50445828012,9.807985994931777e-06
benchmark_suite,central,GA_0.10,central|GA_0.10,16,4.470003630961555e-05,25001,0,2.7281374169979244,0.0327223416954372,-96005.63910588516,1.661263803877285e-05
benchmark_suite,central,GA_0.10,central|GA_0.10,17,4.768464713374717e-06,10401,1,2.7052848750026897,0.0451038398031655,-109925.29242542184,1.7721938383609951e-06
benchmark_suite,central,GA_0.10,central|GA_0.10,18,1.818214018907306e-05,25001,0,2.6943169579899404,0.0305456086891715,-96621.2665180903,6.757337379110385e-06
benchmark_suite,central,GA_0.10,central|GA_0.10,19,1.0332921179358317e-05,25001,0,2.726215917005902,0.0310251529072668,-106386.61070779232,3.84020365657314e-06
benchmark_suite,central,GA_0.10,central|GA_0.10,20,3.7372516290688887e-06,21401,1,2.696969667013036,0.0224690630281083,-104465.82699987812,1.3889294158165046e-06
benchmark_suite,central,GA_0.10,central|GA_0.10,21,6.634806569416924e-05,25001,0,2.774882916972274,0.0304347987954941,-94119.15670185808,2.4658065013630144e-05
benchmark_suite,central,GA_0.10,central|GA_0.10,22,2.5251414724919374e-05,25001,0,2.699444041994866,0.0317092703746183,-101419.22687059797,9.384614590278757e-06
benchmark_suite,central,GA_0.10,central|GA_0.10,23,5.87328847864841e-06,19101,1,2.670013208000455,0.0218561027508256,-104586.15152998136,2.182788329677656e-06
benchmark_suite,central,GA_0.10,central|GA_0.10,24,2.484459304544084e-05,25001,0,2.762104666995583,0.0329892434940987,-103425.985602525,9.233420984050256e-06
benchmark_suite,central,GA_0.10,central|GA_0.10,25,4.505760283532667e-05,25001,0,2.67996158299502,0.0360011935186886,-94593.38400387726,1.6745525894799174e-05
benchmark_suite,central,GA_0.10,central|GA_0.10,26,3.787365734655116e-05,25001,0,2.707520583004225,0.0289022922123856,-96903.147149754,1.407563424363623e-05
benchmark_suite,central,GA_0.10,central|GA_0.10,27,3.2350232197264346e-05,25001,0,2.773309915995924,0.0295241343195725,-96246.95434789204,1.2022869924382054e-05
benchmark_suite,central,GA_0.10,central|GA_0.10,28,1.5871478542417906e-05,25001,0,2.701805499993497,0.0487666519020637,-103841.31936478264,5.898587314951325e-06
benchmark_suite,central,GA_0.10,central|GA_0.10,29,4.403466345563179e-05,25001,0,2.71816358299111,0.0493362491839759,-92853.38702291167,1.6365353390993206e-05
benchmark_suite,central,GA_0.10,central|GA_0.10,30,1.1918842609869262e-05,25001,0,2.6564569159818348,0.0307921538737321,-109084.4983285424,4.429602111540625e-06
benchmark_suite,central,GA_0.10,central|GA_0.10,31,1.2752886998084988e-05,25001,0,2.674333375005517,0.0352474256274223,-108219.20153323324,4.739575019518817e-06
benchmark_suite,central,GA_0.10,central|GA_0.10,32,1.447454342697567e-05,25001,0,2.7580959999759216,0.0305353208026879,-105470.19820869564,5.379424029473706e-06
benchmark_suite,central,GA_0.10,central|GA_0.10,33,1.7161454573352305e-05,25001,0,2.6333866250060964,0.0395124146588036,-105432.55839451546,6.378003477433464e-06
benchmark_suite,central,GA_0.10,central|GA_0.10,34,3.3989022794173425e-06,5701,1,2.685885207989486,0.0294455473436311,-119111.78182174209,1.2631927431270902e-06
benchmark_suite,central,GA_0.10,central|GA_0.10,35,1.7994853508178183e-05,25001,0,2.7302627499739174,0.0370654945666646,-97948.4448986738,6.687733063981549e-06
benchmark_suite,central,GA_0.10,central|GA_0.10,36,3.123591915900781e-05,25001,0,2.658052624989068,0.0321654888028321,-101398.16258648325,1.1608737501121028e-05
benchmark_suite,central,GA_0.10,central|GA_0.10,37,2.9078408641132964e-05,25001,0,2.669138458004454,0.0282129060593753,-100295.3822526368,1.0806905820238326e-05
benchmark_suite,central,GA_0.10,central|GA_0.10,38,5.481991996304588e-05,25001,0,2.7651239589904435,0.0259574829963707,-97131.580055805,2.037366269926081e-05
benchmark_suite,central,GA_0.10,central|GA_0.10,39,1.2823087750666765e-05,25001,0,2.6725693749904167,0.0271757291024302,-108567.95854879888,4.765664458315407e-06
benchmark_suite,central,GA_0.10,central|GA_0.10,40,1.237200260277688e-05,25001,0,2.7212085829814896,0.0219574577503806,-106541.80128537177,4.598019603612368e-06
benchmark_suite,central,GA_0.10,central|GA_0.10,41,2.88462311484793e-05,25001,0,2.673380583000835,0.0332139308791018,-102121.18002445973,1.0720616320433236e-05
benchmark_suite,central,GA_0.10,central|GA_0.10,42,2.555954441498233e-05,25001,0,2.667395625001518,0.0327152538318194,-102426.06279640918,9.499129902900162e-06
benchmark_suite,central,GA_0.10,central|GA_0.10,43,8.732639870907774e-06,14401,1,2.716199917020276,0.0324735895475037,-101807.90804949406,3.245458230661048e-06
benchmark_suite,central,GA_0.10,central|GA_0.10,44,1.7152964774393592e-05,25001,0,2.723820500017609,0.0319062305929375,-102268.73439129585,6.374850511823851e-06
benchmark_suite,central,GA_0.10,central|GA_0.10,45,4.057426671180454e-05,25001,0,2.668947375001153,0.0324727665204632,-97471.39979783152,1.507930792634448e-05
benchmark_suite,central,GA_0.10,central|GA_0.10,46,2.246420106531027e-05,25001,0,2.725646290986333,0.0452960509355924,-94104.78551808448,8.348755190202846e-06
benchmark_suite,central,GA_0.10,central|GA_0.10,47,3.249747506062943e-05,25001,0,2.68638512500911,0.0334041027775338,-99225.24908505492,1.207759236782988e-05
benchmark_suite,central,GA_0.10,central|GA_0.10,48,3.49714919970776e-05,25001,0,2.724433625000529,0.0515594717420941,-91333.56749242452,1.2997053736645965e-05
benchmark_suite,central,GA_0.10,central|GA_0.10,49,4.088606013511919e-05,25001,0,2.636335999995936,0.0300796890994462,-98773.76901865794,1.5195185057986289e-05
benchmark_suite,central,GA_0.10,central|GA_0.10,50,1.9300852349145906e-05,25001,0,2.7778727500117384,0.0331204477350296,-96569.82897339364,7.173105731714482e-06
benchmark_suite,central,GA_0.10,central|GA_0.10,51,5.465361601501618e-05,25001,0,2.711932667007204,0.0269646778926667,-97302.55530391354,2.031185684510142e-05
benchmark_suite,central,GA_0.10,central|GA_0.10,52,2.954252071927977e-05,25001,0,2.6741752499947324,0.0263201109869744,-99165.36286917375,1.0979392228050148e-05
benchmark_suite,central,GA_0.10,central|GA_0.10,53,4.338918263545739e-05,25001,0,2.7386091249936726,0.0492410014832779,-94267.4317377379,1.6125463187122513e-05
benchmark_suite,central,GA_0.10,central|GA_0.10,54,1.6209395202277506e-05,25001,0,2.744100875017466,0.0355830863126429,-104989.31057255952,6.024176559006724e-06
benchmark_suite,central,GA_0.10,central|GA_0.10,55,3.6509906698820414e-05,25001,0,2.7411358339886647,0.0226092853940854,-100689.45947164648,1.3568799221505072e-05
benchmark_suite,central,GA_0.10,central|GA_0.10,56,4.07726867598569e-05,25001,0,2.7114704999839887,0.027900629088349,-99514.53202074512,1.515305047995412e-05
benchmark_suite,central,GA_0.10,central|GA_0.10,57,3.906960570627128e-05,25001,0,2.6505404170020483,0.0340701877023725,-96136.17354304167,1.4520105615615805e-05
benchmark_suite,central,GA_0.10,central|GA_0.10,58,3.663077022075671e-05,25001,0,2.708660208998481,0.0223394207895755,-97631.30539006296,1.3613718840499766e-05
benchmark_suite,central,GA_0.10,central|GA_0.10,59,7.012903777808764e-05,25001,0,2.79574295898783,0.02732939596161,-94046.22590613084,2.606325192343931e-05
benchmark_suite,central,GA_0.10,central|GA_0.10,60,1.3421951600861258e-05,25001,0,3.0371721660194453,0.0322121835918517,-101759.68785559972,4.988226309694787e-06
benchmark_suite,central,GA_0.10,central|GA_0.10,61,2.822431769870564e-05,25001,0,4.20933783298824,0.0241821956121373,-103220.88458988856,1.0489485938231422e-05
benchmark_suite,central,GA_0.10,central|GA_0.10,62,2.7108484698165696e-05,25001,0,4.183688290999271,0.0367267507107569,-100225.68178728272,1.0074788290842157e-05
benchmark_suite,central,GA_0.10,central|GA_0.10,63,3.774650904817286e-05,25001,0,4.189455332991201,0.0292973948764889,-97501.02082016024,1.4028380357845938e-05
benchmark_suite,central,GA_0.10,central|GA_0.10,64,5.244135915644345e-05,25001,0,4.212978374998784,0.0248724023144057,-98958.73606203208,1.948967795798287e-05
benchmark_suite,central,GA_0.10,central|GA_0.10,65,2.861763254788802e-05,25001,0,4.214167499972973,0.0295720775969107,-103352.77632038838,1.06356581990604e-05
benchmark_suite,central,GA_0.10,central|GA_0.10,66,3.4981186039426475e-05,25001,0,4.234665875002975,0.0258037780660761,-101359.51639115343,1.30006542556901e-05
benchmark_suite,central,GA_0.10,central|GA_0.10,67,3.94113206240321e-05,25001,0,4.207871874998091,0.0461210184964483,-96592.21714534244,1.464710172366084e-05
benchmark_suite,central,GA_0.10,central|GA_0.10,68,1.986789206368764e-05,25001,0,3.7736743330024174,0.0252991795461087,-107018.76650317172,7.383845572577257e-06
benchmark_suite,central,GA_0.10,central|GA_0.10,69,4.254222803074864e-06,7701,1,2.6909867500071414,0.0293972435498321,-118024.64690721556,1.5810719408055153e-06
benchmark_suite,central,GA_0.10,central|GA_0.10,70,1.6735496723852298e-05,25001,0,2.8104014589916915,0.0220154168841346,-98020.1351991292,6.219698942276065e-06
benchmark_suite,central,GA_0.10,central|GA_0.10,71,3.280798510748262e-05,25001,0,2.716209833015455,0.026758232619564,-99333.82120425224,1.219299061719032e-05
benchmark_suite,central,GA_0.10,central|GA_0.10,72,4.4110492769249846e-05,25001,0,2.724162583006546,0.0208157326632346,-98026.7765149003,1.6393535300722003e-05
benchmark_suite,central,GA_0.10,central|GA_0.10,73,1.116730441152155e-05,25001,0,2.676809875003528,0.0281576492948139,-104078.51033210108,4.150298355316251e-06
benchmark_suite,central,GA_0.10,central|GA_0.10,74,1.635095393952436e-05,25001,0,2.724117957986892,0.036324731725277,-105157.35878901323,6.076782924660419e-06
benchmark_suite,central,GA_0.10,central|GA_0.10,75,1.5665536263679072e-05,25001,0,2.712134250003146,0.0234102069978027,-101085.17898916962,5.822052129707736e-06
benchmark_suite,central,GA_0.10,central|GA_0.10,76,2.5061467351591955e-05,25001,0,2.71208670802298,0.0296472663229308,-100130.81121235131,9.314022616054651e-06
benchmark_suite,central,GA_0.10,central|GA_0.10,77,3.712866450945027e-05,25001,0,2.687519583996618,0.0320097388314593,-96005.1001107936,1.3798758645989653e-05
benchmark_suite,central,GA_0.10,central|GA_0.10,78,3.1036067561681265e-05,25001,0,2.732291916996473,0.0312648083626497,-99980.24651604056,1.1534463147004606e-05
benchmark_suite,central,GA_0.10,central|GA_0.10,79,3.2113637654374644e-05,25001,0,2.746052292000968,0.0377291497413152,-99178.80418875944,1.193494037096314e-05
benchmark_suite,central,GA_0.10,central|GA_0.10,80,8.97151384440302e-06,10401,1,2.759013291972224,0.0310331171439365,-109227.20417788182,3.334236225875894e-06
benchmark_suite,central,GA_0.10,central|GA_0.10,81,5.250524321411268e-05,25001,0,2.6979884169995785,0.0328427684016997,-95447.73253492908,1.9513419403149293e-05
benchmark_suite,central,GA_0.10,central|GA_0.10,82,3.41917785937421e-05,25001,0,2.754873750003753,0.0444114958892708,-93641.36053651587,1.2707273992446684e-05
benchmark_suite,central,GA_0.10,central|GA_0.10,83,5.299536334611969e-05,25001,0,2.738280958001269,0.0230831368079244,-94712.12521477402,1.969557125688365e-05
benchmark_suite,central,GA_0.10,central|GA_0.10,84,3.2618087052907355e-05,25001,0,2.7480967499723192,0.032921079942797,-95423.11916147414,1.2122415544067352e-05
benchmark_suite,central,GA_0.10,central|GA_0.10,85,1.817879372817717e-05,25001,0,2.734722958994098,0.0418689517827835,-97959.26067170492,6.756097046741363e-06
benchmark_suite,central,GA_0.10,central|GA_0.10,86,3.2169822830403615e-05,25001,0,2.656211666006129,0.0279930678691634,-97648.35486317935,1.1955821072113287e-05
benchmark_suite,central,GA_0.10,central|GA_0.10,87,2.7946570657743976e-05,25001,0,2.732282167009544,0.0394105323848827,-97116.644557476,1.038625986105864e-05
benchmark_suite,central,GA_0.10,central|GA_0.10,88,1.8325399326596392e-05,25001,0,2.6368413750024047,0.0275112541345012,-108767.76206456134,6.810579533596325e-06
benchmark_suite,central,GA_0.10,central|GA_0.10,89,3.219161279998289e-05,25001,0,2.7243304580042604,0.0308701255028836,-98807.39769102616,1.1963918655582864e-05
benchmark_suite,central,GA_0.10,central|GA_0.10,90,3.263763207099292e-05,25001,0,2.7613166669907514,0.027149415278828,-106645.76946666556,1.212968105630591e-05
benchmark_suite,central,GA_0.10,central|GA_0.10,91,6.491367248202523e-05,25001,0,2.7216073750169016,0.0321964235735321,-95250.27887259689,2.412497593727779e-05
benchmark_suite,central,GA_0.10,central|GA_0.10,92,5.277639157376642e-05,25001,0,2.6877458750095684,0.0310480917040937,-95494.13676921444,1.961419084363604e-05
benchmark_suite,central,GA_0.10,central|GA_0.10,93,1.6686306731547353e-05,25001,0,2.694232084002578,0.0345613526070888,-106215.99142671668,6.201418243476078e-06
benchmark_suite,central,GA_0.10,central|GA_0.10,94,1.657096224559016e-05,25001,0,2.75229820801178,0.03461230686502,-98367.2949642851,6.158550030524532e-06
benchmark_suite,central,GA_0.10,central|GA_0.10,95,9.890218482339356e-06,21101,1,2.7973082500102464,0.0344792044889843,-103833.44760558648,3.67566663271028e-06
benchmark_suite,central,GA_0.10,central|GA_0.10,96,1.9898033365929623e-05,25001,0,2.706622875004541,0.0305407969073076,-105103.14741462072,7.395045036011244e-06
benchmark_suite,central,GA_0.10,central|GA_0.10,97,1.828090099687596e-05,25001,0,2.8094674999883864,0.0371092376126396,-103169.20118066884,6.794041452421462e-06
benchmark_suite,central,GA_0.10,central|GA_0.10,98,3.104342857176228e-05,25001,0,2.752743332996033,0.0368548072859296,-97601.21768374689,1.153720024299801e-05
benchmark_suite,central,GA_0.10,central|GA_0.10,99,3.820571715959034e-05,25001,0,2.7299432499858085,0.0271070048279201,-98882.88359455162,1.4199042876025309e-05
benchmark_suite,central,GA_0.10,central|GA_0.10,100,8.946508512417477e-05,25001,0,2.734903792006662,0.0294368577940926,-93864.05685232328,3.3249437445155016e-05
benchmark_suite,central,GA_0.10,central|GA_0.10,101,2.7862637322109084e-05,25001,0,2.7402731660113204,0.0507531828368721,-98926.54279265224,1.0355067574992328e-05
benchmark_suite,central,GA_0.10,central|GA_0.10,102,1.6074133370833744e-05,25001,0,2.690218375006225,0.0314621677461749,-104895.5833554624,5.973906569677035e-06
benchmark_suite,central,GA_0.10,central|GA_0.10,103,3.07325458679229e-05,25001,0,2.752820166992024,0.0324175832031257,-97592.04511890402,1.1421660624675269e-05
benchmark_suite,central,GA_0.10,central|GA_0.10,104,2.054734511667021e-05,25001,0,2.686844999989262,0.0330986750488355,-107764.7425283642,7.636362185050327e-06
benchmark_suite,central,GA_0.10,central|GA_0.10,105,1.0873703134341337e-05,25001,0,2.7517885839915834,0.0321559398411345,-103775.57026193058,4.041180358398703e-06
benchmark_suite,central,GA_0.10,central|GA_0.10,106,7.254004036676092e-06,16401,1,2.760314916988136,0.0228555659354774,-110109.82327889238,2.695924534156564e-06
benchmark_suite,central,GA_0.10,central|GA_0.10,107,2.5226341220278787e-05,25001,0,2.6957197909941897,0.0399230847405948,-100857.15519381118,9.37529705921183e-06
benchmark_suite,central,GA_0.10,central|GA_0.10,108,4.253326538577661e-05,25001,0,2.738516083016293,0.0292219253275525,-95829.21815184498,1.5807364164135868e-05
benchmark_suite,central,GA_0.10,central|GA_0.10,109,3.6371136901307945e-05,25001,0,2.702603249985259,0.0630298316505972,-92995.48655771196,1.351722659545074e-05
benchmark_suite,central,GA_0.10,central|GA_0.10,110,2.952272418933777e-05,25001,0,2.686896583007183,0.0459772787125594,-98300.35016924236,1.0972034507526362e-05
benchmark_suite,central,GA_0.10,central|GA_0.10,111,2.3105460127136875e-05,25001,0,2.739958374993876,0.0308862271655974,-96898.67902536136,8.587075542249838e-06
benchmark_suite,central,GA_0.10,central|GA_0.10,112,1.214460178280045e-05,25001,0,2.681783083011396,0.0237032724449895,-109253.84796714946,4.51350665304389e-06
benchmark_suite,central,GA_0.10,central|GA_0.10,113,5.9899031551794425e-05,25001,0,2.7455578329972923,0.0326058138538824,-96587.97444118306,2.226129981720352e-05
benchmark_suite,central,GA_0.10,central|GA_0.10,114,2.1820744745901245e-05,25001,0,2.738965958007612,0.0276726867641296,-98679.78503515063,8.109614523829594e-06
benchmark_suite,central,GA_0.10,central|GA_0.10,115,7.949430826928508e-06,15201,1,2.7103957910148893,0.0268408448604783,-105737.47629233357,2.9543779733639515e-06
benchmark_suite,central,GA_0.10,central|GA_0.10,116,3.2902816697120275e-05,25001,0,2.690171416994417,0.0354238647748846,-96905.83036129858,1.2228234285150742e-05
benchmark_suite,central,GA_0.10,central|GA_0.10,117,4.725403271021861e-05,25001,0,2.700102875009179,0.0280682412220976,-99096.01796003369,1.756182239214869e-05
benchmark_suite,central,GA_0.10,central|GA_0.10,118,4.8038579679773634e-05,25001,0,2.704627041006461,0.0242471467626168,-93925.68491888208,1.7853398313782236e-05
benchmark_suite,central,GA_0.10,central|GA_0.10,119,4.944950734578414e-05,25001,0,2.6456495840102434,0.0261005899888231,-95777.36462017168,1.8377764904516625e-05
benchmark_suite,central,GA_0.10,central|GA_0.10,120,5.715367522709479e-06,24301,1,2.751887624996016,0.0358917095538663,-97820.52383513466,2.124105788572143e-06
benchmark_suite,central,GA_0.10,central|GA_0.10,121,1.6786950082878305e-05,25001,0,2.71570125001017,0.0297469324818374,-107413.2758769816,6.238819412478111e-06
benchmark_suite,central,GA_0.10,central|GA_0.10,122,3.848069011367597e-05,25001,0,2.75722416699864,0.0231170234162949,-101119.88628613736,1.430123691133486e-05
benchmark_suite,central,GA_0.10,central|GA_0.10,123,4.7792328685017726e-05,25001,0,2.665817834000336,0.0243881785514233,-98041.04516591653,1.776187909547841e-05
benchmark_suite,central,GA_0.10,central|GA_0.10,124,5.055729687974498e-05,25001,0,2.664870290987892,0.0289735148111356,-98222.15419594858,1.8789470676733742e-05
benchmark_suite,central,GA_0.10,central|GA_0.10,125,1.5767005902632746e-05,25001,0,2.720268166012829,0.0208619678958772,-107612.20754239042,5.859759021763783e-06
benchmark_suite,central,GA_0.10,central|GA_0.10,126,3.100607611266332e-05,25001,0,2.736092000006465,0.0295622560301742,-96949.41034542525,1.1523317092208823e-05
benchmark_suite,central,GA_0.10,central|GA_0.10,127,4.166909837260759e-05,25001,0,2.6733114999951795,0.0431579107814008,-98746.89083474406,1.5486198036683424e-05
benchmark_suite,central,GA_0.10,central|GA_0.10,128,2.1161747545892595e-05,25001,0,2.8207042920112144,0.0374265362721389,-104295.12683218878,7.864700288715493e-06
benchmark_suite,central,GA_0.10,central|GA_0.10,129,2.624506964593507e-05,25001,0,2.7580743330181576,0.0333715880584383,-100471.19285108626,9.75390258833592e-06
benchmark_suite,central,GA_0.10,central|GA_0.10,130,1.2698482453807229e-05,25001,0,2.741909374977695,0.0601407965073019,-99956.90781535566,4.719354898911182e-06
benchmark_suite,central,GA_0.10,central|GA_0.10,131,3.4079962292931615e-05,25001,0,2.8076725419959985,0.0235086469163426,-101381.77266854874,1.2665718599030878e-05
benchmark_suite,central,GA_0.10,central|GA_0.10,132,3.145262753291639e-05,25001,0,2.792833417013753,0.0220258878307437,-101701.13125048706,1.1689276927870756e-05
benchmark_suite,central,GA_0.10,central|GA_0.10,133,2.4498850432412085e-05,25001,0,2.703381166997133,0.0302344377849093,-101868.26465732536,9.10492437378342e-06
benchmark_suite,central,GA_0.10,central|GA_0.10,134,4.685406592969098e-05,25001,0,2.773202874988783,0.0296992545925945,-94337.26178329263,1.7413176259814877e-05
benchmark_suite,central,GA_0.10,central|GA_0.10,135,1.5402712687298275e-05,25001,0,2.740020833007293,0.0247519102441356,-109189.55621144846,5.724373344856899e-06
benchmark_suite,central,GA_0.10,central|GA_0.10,136,6.05159621010636e-06,23901,1,2.7537483750202227,0.0321428695582121,-99340.12057409974,2.2490558827114416e-06
benchmark_suite,central,GA_0.10,central|GA_0.10,137,3.9470748650465446e-05,25001,0,2.7498341249884106,0.0333725471005431,-94253.92465348433,1.466918798606832e-05
benchmark_suite,central,GA_0.10,central|GA_0.10,138,4.109581949348122e-05,25001,0,2.732732957985718,0.0268975785521719,-98976.52219324531,1.5273141558318948e-05
benchmark_suite,central,GA_0.10,central|GA_0.10,139,2.318065173423724e-05,25001,0,2.758356292004464,0.0334427828247427,-98616.1954487678,8.61502236254809e-06
benchmark_suite,central,GA_0.10,central|GA_0.10,140,2.1085653829232467e-05,25001,0,2.714474292006344,0.0385015953608876,-103270.40682742326,7.836420539802447e-06
benchmark_suite,central,GA_0.10,central|GA_0.10,141,5.193402500111667e-05,25001,0,2.720072957978118,0.0278511048995559,-97475.9394104599,1.930112912962478e-05
benchmark_suite,central,GA_0.10,central|GA_0.10,142,3.003041333615396e-05,25001,0,2.7720240829803515,0.0265530447328232,-97621.42119019438,1.1160716230211348e-05
benchmark_suite,central,GA_0.10,central|GA_0.10,143,2.207678316868129e-05,25001,0,2.6718330419971608,0.039498976343411,-101243.56848205614,8.204773392517774e-06
benchmark_suite,central,GA_0.10,central|GA_0.10,144,1.2214281044040406e-05,25001,0,2.8006747080071364,0.0591505473890829,-100076.09624876996,4.539401709847091e-06
benchmark_suite,central,GA_0.10,central|GA_0.10,145,4.7357948629471e-05,25001,0,2.7209648749849293,0.0449576824452572,-92347.04060651344,1.760044350089734e-05
benchmark_suite,central,GA_0.10,central|GA_0.10,146,6.77492596738194e-05,25001,0,2.707221749995369,0.0359687622940885,-92055.84076234316,2.5178813733667232e-05
benchmark_suite,central,GA_0.10,central|GA_0.10,147,5.092405071195571e-06,10401,1,2.686127458000556,0.0318396513585069,-110106.31297257138,1.8925845811811725e-06
benchmark_suite,central,GA_0.10,central|GA_0.10,148,3.414082693783109e-05,25001,0,2.7201914160104934,0.031450644808411,-101046.58013056224,1.2688338188281256e-05
benchmark_suite,central,GA_0.10,central|GA_0.10,149,2.5388167967530403e-05,25001,0,2.6730473749921657,0.0303527550491939,-104381.00928950224,9.435437018850651e-06
benchmark_suite,central,GA_0.10,central|GA_0.10,150,2.2449567422829424e-05,25001,0,2.714749665989075,0.0370247812873818,-97009.97370043896,8.343317637739385e-06
benchmark_suite,central,GA_0.10,central|GA_0.10,151,2.39445386311852e-05,25001,0,2.6933698749926407,0.0267184308687028,-99897.56679832096,8.898917311630806e-06
benchmark_suite,central,GA_0.10,central|GA_0.10,152,5.91401538628953e-06,9701,1,2.726333958999021,0.0285990301242778,-110414.75635143358,2.1979208445134167e-06
benchmark_suite,central,GA_0.10,central|GA_0.10,153,1.8094047526775203e-05,25001,0,2.711676959006581,0.0300893678300402,-105743.83225967723,6.724598860090775e-06
benchmark_suite,central,GA_0.10,central|GA_0.10,154,2.949387403393104e-05,25001,0,2.6748554999940097,0.027267221674576,-101228.06857387796,1.0961311990572565e-05
benchmark_suite,central,GA_0.10,central|GA_0.10,155,3.147561947555319e-05,25001,0,2.730051916994853,0.0378946208366684,-98336.26508543373,1.1697822130784296e-05
benchmark_suite,central,GA_0.10,central|GA_0.10,156,2.4302053395925897e-05,25001,0,2.7476014170097187,0.0816120196889434,-93116.13324019212,9.031788644158168e-06
benchmark_suite,central,GA_0.10,central|GA_0.10,157,5.734766430362152e-05,25001,0,2.698968375014374,0.0432939311320445,-96751.29775863148,2.1313091876183887e-05
benchmark_suite,central,GA_0.10,central|GA_0.10,158,3.072948228817137e-05,25001,0,2.710764375020517,0.0219585141545928,-101886.54041744374,1.1420521111399292e-05
benchmark_suite,central,GA_0.10,central|GA_0.10,159,3.830099351149154e-05,25001,0,2.6569865420169663,0.0328592355148993,-93112.15757472596,1.4234452582886386e-05
benchmark_suite,central,GA_0.10,central|GA_0.10,160,4.750613583869084e-05,25001,0,2.7363385000207927,0.0247841316146954,-98152.07114570658,1.7655516822391808e-05
benchmark_suite,central,GA_0.10,central|GA_0.10,161,2.832198444619352e-05,25001,0,2.737941542000044,0.0330711886743897,-101857.39560745248,1.0525781772164713e-05
benchmark_suite,central,GA_0.10,central|GA_0.10,162,8.149477616505191e-06,7501,1,2.7221870409848634,0.0319312642022456,-113577.3582760188,3.028730642200284e-06
benchmark_suite,central,GA_0.10,central|GA_0.10,163,4.643757957646488e-05,25001,0,2.7480982919805683,0.0250453652185805,-99042.3092309464,1.7258391093080426e-05
benchmark_suite,central,GA_0.10,central|GA_0.10,164,1.847027632045495e-05,25001,0,2.654934417019831,0.022464536303724,-104003.4914087473,6.864424234984395e-06
benchmark_suite,central,GA_0.10,central|GA_0.10,165,3.789663244281956e-05,25001,0,2.677438833983615,0.03315963564727,-100560.64767350226,1.4084173154058796e-05
benchmark_suite,central,GA_0.10,central|GA_0.10,166,1.234769596735383e-05,25001,0,2.698436959006358,0.0248991426320363,-108085.28325443323,4.588986006885584e-06
benchmark_suite,central,GA_0.10,central|GA_0.10,167,1.1615968889924606e-05,25001,0,2.684524333977606,0.0361019294122562,-109764.6739292051,4.317041578659166e-06
benchmark_suite,central,GA_0.10,central|GA_0.10,168,2.457129639710105e-05,25001,0,2.681819582998287,0.0260283201919804,-98782.06433508758,9.131848997763318e-06
benchmark_suite,central,GA_0.10,central|GA_0.10,169,1.6799828450773585e-05,25001,0,2.7556471250136383,0.0344162254327703,-98886.03808551907,6.243606603709954e-06
benchmark_suite,central,GA_0.10,central|GA_0.10,170,1.3381192970720643e-05,25001,0,2.732051875005709,0.0350119945406386,-95208.896859348,4.973083456630016e-06
benchmark_suite,central,GA_0.10,central|GA_0.10,171,2.698562853828104e-05,25001,0,2.6883439579978585,0.0289135657017615,-102633.19770550108,1.002913112224802e-05
benchmark_suite,central,GA_0.10,central|GA_0.10,172,3.533832290341496e-05,25001,0,2.717917625006521,0.0357318870862763,-93688.74347162971,1.3133383229500498e-05
benchmark_suite,central,GA_0.10,central|GA_0.10,173,4.96770879229318e-05,25001,0,2.762595666019479,0.0306087563291492,-96492.32744219476,1.8462345149665244e-05
benchmark_suite,central,GA_0.10,central|GA_0.10,174,2.846123348259428e-05,25001,0,2.70798854198074,0.0291441927742516,-103376.65836187298,1.0577533373811173e-05
benchmark_suite,central,GA_0.10,central|GA_0.10,175,3.4821510962886305e-05,25001,0,2.728484416991705,0.0257182439913189,-98964.70834073372,1.2941311566471956e-05
benchmark_suite,central,GA_0.10,central|GA_0.10,176,5.255109514206297e-05,25001,0,2.6963081659923773,0.0397272429479685,-94274.75016482775,1.953046080309232e-05
benchmark_suite,central,GA_0.10,central|GA_0.10,177,1.8621193620275744e-05,25001,0,2.730363708018558,0.0413383549709757,-101062.27819841952,6.9205113521113295e-06
benchmark_suite,central,GA_0.10,central|GA_0.10,178,7.0928901180593e-06,4801,1,2.6968732500099577,0.0294051244784906,-117535.5181129944,2.6360491903568763e-06
benchmark_suite,central,GA_0.10,central|GA_0.10,179,3.056258311647991e-05,25001,0,2.723241875006352,0.0269887176640898,-102507.00652486576,1.1358495275664138e-05
benchmark_suite,central,GA_0.10,central|GA_0.10,180,2.2628697522707404e-05,25001,0,2.693368750013178,0.0230869240949992,-103522.56171225272,8.40989096655978e-06
benchmark_suite,central,GA_0.10,central|GA_0.10,181,1.548657258687059e-05,25001,0,2.7824122500023805,0.0306184948735217,-105003.35901491733,5.755537109851184e-06
benchmark_suite,central,GA_0.10,central|GA_0.10,182,5.985165983729799e-05,25001,0,2.6252408339933027,0.0384570173659372,-93473.301106797,2.2243694402070293e-05
benchmark_suite,central,GA_0.10,central|GA_0.10,183,5.335139719071301e-05,25001,0,2.6698099579953123,0.0274213069983238,-98147.05247540158,1.9827891225706287e-05
benchmark_suite,central,GA_0.10,central|GA_0.10,184,2.05479934956224e-05,25001,0,2.7557793330051936,0.038050490075006,-100020.9233755674,7.636602481380269e-06
benchmark_suite,central,GA_0.10,central|GA_0.10,185,6.581340044858276e-05,25001,0,2.7619681249780115,0.033187075675166,-94446.54552868484,2.4459357230596328e-05
benchmark_suite,central,GA_0.10,central|GA_0.10,186,5.7286974955247584e-05,25001,0,2.7270607499813195,0.0530212724351958,-88902.29337436397,2.129053615409552e-05
benchmark_suite,central,GA_0.10,central|GA_0.10,187,2.604308643637561e-05,25001,0,2.7570809169847053,0.0297766671207487,-101344.43721578806,9.678838279444907e-06
benchmark_suite,central,GA_0.10,central|GA_0.10,188,2.609545193313157e-05,25001,0,2.6909510839905124,0.0295016897169628,-96291.97485189085,9.698296812430571e-06
benchmark_suite,central,GA_0.10,central|GA_0.10,189,2.1859612400838643e-05,25001,0,2.717790458991658,0.025491315212593,-106137.43149934305,8.124061123624754e-06
benchmark_suite,central,GA_0.10,central|GA_0.10,190,6.315603642225108e-05,25001,0,2.6537175419798587,0.0333565906365829,-91614.37544261524,2.3471756079652137e-05
benchmark_suite,central,GA_0.10,central|GA_0.10,191,6.951270792238648e-05,25001,0,2.695801333000418,0.0622333270113949,-87762.88690190089,2.583419454731964e-05
benchmark_suite,central,GA_0.10,central|GA_0.10,192,4.486155378492556e-05,25001,0,2.8110864170012064,0.0407186937307049,-93604.46015920128,1.6672665314494644e-05
benchmark_suite,central,GA_0.10,central|GA_0.10,193,2.989602260035317e-05,25001,0,2.767751833976945,0.0378962249717138,-100669.248617736,1.111076826409016e-05
benchmark_suite,central,GA_0.10,central|GA_0.10,194,1.9673810749812127e-05,25001,0,2.7493106669862755,0.0367091850619815,-101624.22995020346,7.311712564020772e-06
benchmark_suite,central,GA_0.10,central|GA_0.10,195,3.2121408432200705e-05,25001,0,2.7058290420100093,0.0393194894707322,-99163.88658404598,1.1937826391988244e-05
benchmark_suite,central,GA_0.10,central|GA_0.10,196,2.106261081405521e-05,25001,0,2.675491041998612,0.0481533563474967,-99344.78489570398,7.827855864442548e-06
benchmark_suite,central,GA_0.10,central|GA_0.10,197,6.228810503740152e-05,25001,0,2.7059404159954283,0.040904675002043,-90625.6942140161,2.314919167523908e-05
benchmark_suite,central,GA_0.10,central|GA_0.10,198,5.530834112503314e-05,25001,0,2.6847736249910668,0.0364252407079742,-94900.0728842037,2.055518314776672e-05
benchmark_suite,central,GA_0.10,central|GA_0.10,199,2.517775087989141e-05,25001,0,2.6852471669844817,0.0217839321190302,-97241.1046141279,9.357236496368506e-06
benchmark_suite,central,GA_0.10,central|GA_0.10,200,1.6084186661690662e-05,25001,0,2.765482917020563,0.0300822162058255,-104954.04435295016,5.977639105273734e-06
benchmark_suite,central,GA_0.10,central|GA_0.10,201,5.725422110098435e-05,25001,0,2.805110707995482,0.0351652971783945,-95411.59789117254,2.127836409696755e-05
benchmark_suite,central,GA_0.10,central|GA_0.10,202,7.119169140591059e-06,11601,1,2.7023911669966765,0.0261528600029862,-107008.46210917331,2.6458131134907465e-06
benchmark_suite,central,GA_0.10,central|GA_0.10,203,2.329733530372512e-05,25001,0,2.7342849579872563,0.0329413938696415,-92285.34837759362,8.658387745722289e-06
benchmark_suite,central,GA_0.10,central|GA_0.10,204,4.0088643557471806e-05,25001,0,2.739024833019357,0.0345847611700488,-93067.28761290984,1.4898826639621516e-05
benchmark_suite,central,GA_0.10,central|GA_0.10,205,1.9058055055412302e-05,25001,0,2.681727458024397,0.0299632503658568,-103404.34176623408,7.082870287512612e-06
benchmark_suite,central,GA_0.10,central|GA_0.10,206,1.2819693365138332e-05,25001,0,2.7301270840107463,0.0399470103681956,-107578.28931016038,4.764404346905813e-06
benchmark_suite,central,GA_0.10,central|GA_0.10,207,5.8925627819632405e-05,25001,0,2.760869499994442,0.0315915165928267,-94151.68972525452,2.189953656899459e-05
benchmark_suite,central,GA_0.10,central|GA_0.10,208,6.540710201617514e-06,3501,1,2.756560708017787,0.0436541432691581,-117483.0639997641,2.430836528157361e-06
benchmark_suite,central,GA_0.10,central|GA_0.10,209,4.338117299197752e-05,25001,0,2.738260125013767,0.0303043220564554,-95529.7267765322,1.612248517942452e-05
benchmark_suite,central,GA_0.10,central|GA_0.10,210,3.0114336172305847e-05,25001,0,2.7042685839987826,0.0306224705773597,-98016.57838469408,1.1191905364521163e-05
benchmark_suite,central,GA_0.10,central|GA_0.10,211,3.65657128792769e-05,25001,0,2.727663958998164,0.0386940676390897,-99016.88681357238,1.358954076768207e-05
benchmark_suite,central,GA_0.10,central|GA_0.10,212,2.4084978747511577e-05,25001,0,2.6992590829904657,0.0340220551857363,-99133.44124288727,8.951111019895635e-06
benchmark_suite,central,GA_0.10,central|GA_0.10,213,1.6880983533607263e-05,25001,0,2.6850868750188965,0.0299574411432204,-107623.26539925026,6.273768994406326e-06
benchmark_suite,central,GA_0.10,central|GA_0.10,214,1.6524440458130333e-05,25001,0,2.629581292014336,0.0253551133970607,-103053.49481968967,6.141259411708964e-06
benchmark_suite,central,GA_0.10,central|GA_0.10,215,3.0462296258682616e-05,25001,0,2.7393285410071258,0.0422174556096766,-100989.37603275818,1.1321223148423471e-05
benchmark_suite,central,GA_0.10,central|GA_0.10,216,5.284484996722898e-05,25001,0,2.73351749998983,0.0420319101733087,-94430.3046474746,1.9639633832745014e-05
benchmark_suite,central,GA_0.10,central|GA_0.10,217,1.8692721257078703e-05,25001,0,2.7511663339973893,0.0306336675174811,-100718.99419775976,6.947096305540427e-06
benchmark_suite,central,GA_0.10,central|GA_0.10,218,2.715354668951771e-05,25001,0,2.5919390830094926,0.0328720973472384,-99144.61075254469,1.009153749096479e-05
benchmark_suite,central,GA_0.10,central|GA_0.10,219,4.9638780728816e-05,25001,0,2.736466750007821,0.0359114428150052,-99429.43920663145,1.844810723341888e-05
benchmark_suite,central,GA_0.10,central|GA_0.10,220,1.2732534334877496e-05,25001,0,2.667886124982033,0.0233414359715962,-103736.9399744409,4.732006697554535e-06
benchmark_suite,central,GA_0.10,central|GA_0.10,221,1.88311062639802e-05,25001,0,2.709943875001045,0.0233980303651003,-104207.13969597178,6.998526152558132e-06
benchmark_suite,central,GA_0.10,central|GA_0.10,222,4.503233966902371e-05,25001,0,2.7118194999929983,0.0279002334254466,-98423.4653145243,1.6736137159924684e-05
benchmark_suite,central,GA_0.10,central|GA_0.10,223,5.527302888012209e-05,25001,0,2.684363416978158,0.0342829592248107,-96191.0939264177,2.054205891733369e-05
benchmark_suite,central,GA_0.10,central|GA_0.10,224,3.719047441268992e-05,25001,0,2.760674916993594,0.0311964434573938,-100642.0772850438,1.3821731638623167e-05
benchmark_suite,central,GA_0.10,central|GA_0.10,225,3.184673437078805e-05,25001,0,2.727787499985425,0.0349138180265364,-98339.11577044544,1.1835744503816076e-05
benchmark_suite,central,GA_0.10,central|GA_0.10,226,4.2930134193338927e-05,25001,0,2.721608041989384,0.0335750390106241,-94714.97963539498,1.5954858895503978e-05
benchmark_suite,central,GA_0.10,central|GA_0.10,227,4.023564626392317e-05,25001,0,2.7391461249790154,0.0266963481397025,-102615.6667264282,1.495346097646152e-05
benchmark_suite,central,GA_0.10,central|GA_0.10,228,2.368975340195577e-05,25001,0,2.6937476660241373,0.0382386567897304,-99647.2901113714,8.804229170718966e-06
benchmark_suite,central,GA_0.10,central|GA_0.10,229,1.732396977892956e-05,25001,0,2.7224736670032144,0.0379634409842211,-105054.59095492912,6.438404380162796e-06
benchmark_suite,central,GA_0.10,central|GA_0.10,230,5.538373337389124e-05,25001,0,2.6572074169816915,0.0375528581617588,-96615.695442662,2.05832017817009e-05
benchmark_suite,central,GA_0.10,central|GA_0.10,231,6.911423293441384e-05,25001,0,2.654926624993095,0.0316791698436284,-95852.15402713115,2.5686101896696973e-05
benchmark_suite,central,GA_0.10,central|GA_0.10,232,2.220310020412857e-05,25001,0,2.7833395000197925,0.0350016303014462,-98562.3489113252,8.251717117377168e-06
benchmark_suite,central,GA_0.10,central|GA_0.10,233,4.665999250333736e-05,25001,0,2.788218624977162,0.0404351221305888,-98521.6837910073,1.7341049633099875e-05
benchmark_suite,central,GA_0.10,central|GA_0.10,234,3.2718104708445806e-05,25001,0,2.712677957984852,0.0253684463704925,-102990.96683479712,1.2159587124543814e-05
benchmark_suite,central,GA_0.10,central|GA_0.10,235,3.556851304793935e-05,25001,0,2.7662546659994405,0.0508547699182012,-97552.71395151538,1.3218933927139948e-05
benchmark_suite,central,GA_0.10,central|GA_0.10,236,1.0035287653837991e-05,25001,0,2.7741214589914307,0.0376458490310379,-93000.75340589749,3.729586424774804e-06
benchmark_suite,central,GA_0.10,central|GA_0.10,237,3.50180141439748e-05,25001,0,2.7898382499988656,0.0370563423592797,-97921.27416198383,1.301434269700366e-05
benchmark_suite,central,GA_0.10,central|GA_0.10,238,1.3799263749235217e-05,25001,0,2.751785625005141,0.0315123419258256,-99489.20496174076,5.128457891922615e-06
benchmark_suite,central,GA_0.10,central|GA_0.10,239,5.061668494472332e-05,25001,0,2.7491736249940004,0.0362362828085548,-92784.71836886404,1.8811543403501263e-05
benchmark_suite,central,GA_0.10,central|GA_0.10,240,6.527439670286435e-05,25001,0,2.7468332079879474,0.037042906997087,-95964.13338560834,2.425903881994436e-05
benchmark_suite,central,GA_0.10,central|GA_0.10,241,1.0103712541111544e-05,25001,0,2.780148041987559,0.0271166461528941,-110193.91943845648,3.755017874013204e-06
benchmark_suite,central,GA_0.10,central|GA_0.10,242,1.4368305114784604e-05,25001,0,2.7564794999780133,0.03283139267192,-104252.86341259824,5.339940282575978e-06
benchmark_suite,central,GA_0.10,central|GA_0.10,243,1.116994859811349e-05,25001,0,2.7553280829743017,0.0320008386754371,-97880.14577335452,4.151280486597281e-06
benchmark_suite,central,GA_0.10,central|GA_0.10,244,3.277750816153701e-05,25001,0,2.6938793339941185,0.0281809864477558,-98206.31159028194,1.2181664190408746e-05
benchmark_suite,central,GA_0.10,central|GA_0.10,245,4.248497974251941e-05,25001,0,2.6359936250082683,0.0504810392903455,-95818.45463766756,1.5789417924291064e-05
benchmark_suite,central,GA_0.10,central|GA_0.10,246,2.799382922349441e-05,25001,0,2.701074583979789,0.026959950852055,-93314.35715961285,1.040382451587997e-05
benchmark_suite,central,GA_0.10,central|GA_0.10,247,3.813686064299076e-05,25001,0,2.6620314159954432,0.0296372356969985,-93853.1559160904,1.4173452234275494e-05
benchmark_suite,central,GA_0.10,central|GA_0.10,248,3.540111989741604e-05,25001,0,2.7247454579919577,0.0337307257716706,-99325.32080840814,1.315672245332764e-05
benchmark_suite,central,GA_0.10,central|GA_0.10,249,2.017441133305649e-05,25001,0,2.7567870839848183,0.0326372075782828,-97831.14935909028,7.497762931747655e-06
benchmark_suite,central,GA_0.10,central|GA_0.10,250,7.163944900863324e-05,25001,0,2.7560626250051428,0.0362185506079392,-93825.8898211215,2.66245910594243e-05
benchmark_suite,central,GA_0.10,central|GA_0.10,251,3.395791880907111e-05,25001,0,2.728408583003329,0.0338476394488735,-99742.1315690692,1.2620361159608995e-05
benchmark_suite,central,GA_0.10,central|GA_0.10,252,3.963428770648679e-06,5101,1,2.6994773329934105,0.0279552449257554,-120055.10436098196,1.4729894155685234e-06
benchmark_suite,central,GA_0.10,central|GA_0.10,253,2.9191355761419566e-05,25001,0,2.631151792011224,0.0266065516451257,-103718.06864541429,1.0848882194767128e-05
benchmark_suite,central,GA_0.10,central|GA_0.10,254,2.272593675774064e-05,25001,0,2.6428589170100167,0.0334698034669635,-97949.11736069951,8.44602641493761e-06
benchmark_suite,central,GA_0.10,central|GA_0.10,255,2.255238441826499e-05,25001,0,2.6976803329889663,0.0455276651840123,-101964.1350965772,8.381526566947983e-06
benchmark_suite,central,GA_0.10,central|GA_0.10,256,2.100540537281667e-05,25001,0,2.7412957080232445,0.0455238655528896,-96715.30776243488,7.806596675093182e-06
benchmark_suite,central,GA_0.10,central|GA_0.10,257,5.083378206612655e-05,25001,0,2.7804221249825787,0.0332223331870198,-93920.5795684022,1.889222628172836e-05
benchmark_suite,central,GA_0.10,central|GA_0.10,258,9.827516332634837e-06,13601,1,2.730363791983109,0.0426649022831813,-101335.89774678348,3.652370637479487e-06
benchmark_suite,central,GA_0.10,central|GA_0.10,259,1.7874910251970385e-05,25001,0,2.771032499993453,0.0243310601704102,-108518.28526837286,6.643157749773349e-06
benchmark_suite,central,GA_0.10,central|GA_0.10,260,1.90311106436599e-05,25001,0,2.797601625003153,0.0325399662543217,-101883.84908437764,7.072855687189534e-06
benchmark_suite,central,GA_0.10,central|GA_0.10,261,1.4622921825593357e-05,25001,0,2.6909758339752443,0.021243185395456,-107147.82763835305,5.434564478762702e-06
benchmark_suite,central,GA_0.10,central|GA_0.10,262,1.9208793227100893e-05,25001,0,2.73211299997638,0.0266392059332804,-104561.92687430762,7.138893860461956e-06
benchmark_suite,central,GA_0.10,central|GA_0.10,263,1.700681480038798e-05,25001,0,2.7838467080146074,0.0236254219131118,-98853.41244150604,6.320534831792143e-06
benchmark_suite,central,GA_0.10,central|GA_0.10,264,6.402168716906152e-05,25001,0,2.794799208000768,0.0323089954310343,-93242.92275611313,2.379347315155519e-05
benchmark_suite,central,GA_0.10,central|GA_0.10,265,2.4068295408847365e-05,25001,0,2.8133763750083745,0.0305224408662045,-103226.97620201422,8.944912833515805e-06
benchmark_suite,central,GA_0.10,central|GA_0.10,266,4.924868716153534e-05,25001,0,2.7417468749918044,0.0284907739123066,-94390.29420815468,1.8303129688941803e-05
benchmark_suite,central,GA_0.10,central|GA_0.10,267,2.9193850593071367e-05,25001,0,2.771169457992073,0.0453191618348217,-94586.6998616376,1.0849808545526604e-05
benchmark_suite,central,GA_0.10,central|GA_0.10,268,3.34096794736922e-05,25001,0,2.770952083985321,0.0333608614084281,-99184.09963635562,1.2416609536387788e-05
benchmark_suite,central,GA_0.10,central|GA_0.10,269,5.388108235923847e-05,25001,0,2.824831042002188,0.0253219545215891,-95767.61354902854,2.002474719289288e-05
benchmark_suite,central,GA_0.10,central|GA_0.10,270,5.038864617991922e-05,25001,0,2.786789874982788,0.0395642936879002,-97369.25932010432,1.872679215754606e-05
benchmark_suite,central,GA_0.10,central|GA_0.10,271,1.7217658238715194e-05,25001,0,2.799395915993955,0.0342146248236271,-109015.13861606868,6.398891209869181e-06
benchmark_suite,central,GA_0.10,central|GA_0.10,272,1.866640336230553e-05,25001,0,2.828339041006984,0.0390524936339452,-102447.97207486448,6.93731499281646e-06
benchmark_suite,central,GA_0.10,central|GA_0.10,273,2.5123967598764163e-05,25001,0,2.8290843340219,0.0296925985001347,-104953.46996979191,9.337247815159172e-06
benchmark_suite,central,GA_0.10,central|GA_0.10,274,1.4205848350631532e-05,25001,0,2.728069792006864,0.0328756617005822,-100392.3900436282,5.279561571254781e-06
benchmark_suite,central,GA_0.10,central|GA_0.10,275,1.549051500180403e-05,25001,0,2.720823334006127,0.0237681212908828,-98089.7343437414,5.7570062734781496e-06
benchmark_suite,central,GA_0.10,central|GA_0.10,276,8.035084162973928e-06,23801,1,2.6891249170003,0.0506035329203764,-98135.15263232768,2.986220279847553e-06
benchmark_suite,central,GA_0.10,central|GA_0.10,277,3.0868157341330784e-05,25001,0,2.663754249981139,0.0543376489239965,-95698.13277431592,1.1472061151732696e-05
benchmark_suite,central,GA_0.10,central|GA_0.10,278,1.0622887213799214e-05,25001,0,2.6693240419845097,0.0304905869946272,-110885.1791683395,3.94796715750414e-06
benchmark_suite,central,GA_0.10,central|GA_0.10,279,3.1540630056008905e-05,25001,0,2.721894416987197,0.0285709225749664,-95281.1727432753,1.1721982892440662e-05
benchmark_suite,central,GA_0.10,central|GA_0.10,280,1.946162391181596e-05,25001,0,2.755426375020761,0.0225488274393191,-97408.86736361768,7.232854559977999e-06
benchmark_suite,central,GA_0.10,central|GA_0.10,281,1.6357403128464996e-05,25001,0,2.712689957988914,0.0282741367857866,-101399.41105333724,6.079183451165767e-06
benchmark_suite,central,GA_0.10,central|GA_0.10,282,8.323282318760437e-06,14801,1,2.7515442080039065,0.0292421571694601,-103987.14983020084,3.0933209388409094e-06
benchmark_suite,central,GA_0.10,central|GA_0.10,283,3.946396365598975e-05,25001,0,2.685119958012365,0.0297403518715501,-97565.45800537632,1.4666667325563969e-05
benchmark_suite,central,GA_0.10,central|GA_0.10,284,4.834006970131935e-05,25001,0,2.662431375007145,0.0358497440156784,-96257.76622562126,1.796544552757379e-05
benchmark_suite,central,GA_0.10,central|GA_0.10,285,2.1140079447982905e-05,25001,0,2.635721084021497,0.0330541864905894,-101250.92969464288,7.856648465619783e-06
benchmark_suite,central,GA_0.10,central|GA_0.10,286,5.5489431359340896e-05,25001,0,2.6933817910030484,0.0459341160109616,-92501.67965724035,2.062248403218568e-05
benchmark_suite,central,GA_0.10,central|GA_0.10,287,5.32093571627121e-05,25001,0,2.698042208008701,0.0284533584903824,-94693.6699194707,1.977510183474902e-05
benchmark_suite,central,GA_0.10,central|GA_0.10,288,4.320501172403411e-05,25001,0,2.770734209014336,0.0291994573810601,-99888.67228775934,1.6057016762847453e-05
benchmark_suite,central,GA_0.10,central|GA_0.10,289,3.643648071916053e-05,25001,0,2.6820884159824345,0.0380278454611412,-95197.59008417932,1.3541511620759336e-05
benchmark_suite,central,GA_0.10,central|GA_0.10,290,8.487437711569135e-06,8201,1,2.7336581660201773,0.0273114154590815,-108899.2237101329,3.154333108279954e-06
benchmark_suite,central,GA_0.10,central|GA_0.10,291,2.39830937425164e-05,25001,0,2.707852208026452,0.0313042247160517,-101942.04912363322,8.913245742398065e-06
benchmark_suite,central,GA_0.10,central|GA_0.10,292,2.744123985886652e-05,25001,0,2.7475774999766145,0.0226286774296621,-103953.72947118893,1.0198455797810888e-05
benchmark_suite,central,GA_0.10,central|GA_0.10,293,2.031166563622572e-05,25001,0,2.697867792012403,0.0373754380215467,-102381.51336246727,7.548772124236861e-06
benchmark_suite,central,GA_0.10,central|GA_0.10,294,3.569818786572304e-05,25001,0,2.723925291997148,0.0286921401193336,-96470.46560126828,1.3267127419031496e-05
benchmark_suite,central,GA_0.10,central|GA_0.10,295,3.6339169453495234e-05,25001,0,2.6965379590110388,0.0253854220501509,-100997.09418962708,1.3505346108735947e-05
benchmark_suite,central,GA_0.10,central|GA_0.10,296,5.274079867713005e-05,25001,0,2.8268085829913616,0.0341466575284537,-94114.64919416164,1.960096333654908e-05
benchmark_suite,central,GA_0.10,central|GA_0.10,297,3.970112883849044e-05,25001,0,2.7533089999924414,0.0280749442533369,-95263.87369490048,1.4754807999362872e-05
benchmark_suite,central,GA_0.10,central|GA_0.10,298,2.282778135281065e-05,25001,0,2.786451499996474,0.0340052486130943,-102252.8299956318,8.483879867443996e-06
benchmark_suite,central,GA_0.10,central|GA_0.10,299,1.1566392280077227e-05,25001,0,2.692225667007733,0.0345626030920421,-99651.38392566975,4.298614842202444e-06
benchmark_suite,central,GA_0.10,central|GA_0.10,300,1.6969066562917077e-05,25001,0,2.764550749998307,0.0313301045986358,-101241.07867691715,6.306504905368783e-06
benchmark_suite,central,GA_0.10,central|GA_0.10,301,2.33571411940638e-05,25001,0,2.7320357499993406,0.04442225201256,-102262.810215077,8.680612072064812e-06
benchmark_suite,central,GA_0.10,central|GA_0.10,302,2.338505460455144e-05,25001,0,2.7151369169878308,0.039512257480687,-101070.96583200576,8.690985344272e-06
benchmark_suite,central,GA_0.10,central|GA_0.10,303,1.5856305951228824e-05,25001,0,2.7141354590130504,0.0326160980869024,-107913.3114580426,5.8929516977562655e-06
benchmark_suite,central,GA_0.10,central|GA_0.10,304,9.453539060477866e-06,13801,1,2.7551497910171747,0.0388333590814354,-104798.95212706056,3.5133814435252936e-06
benchmark_suite,central,GA_0.10,central|GA_0.10,305,1.4721834457461151e-05,25001,0,2.734689917007927,0.0354864237856412,-106528.71048699922,5.471327225031598e-06
benchmark_suite,central,GA_0.10,central|GA_0.10,306,3.521836409285993e-05,25001,0,2.7948264579754323,0.0275844604348741,-100138.0879891275,1.3088803052077336e-05
benchmark_suite,central,GA_0.10,central|GA_0.10,307,2.2235658328912742e-05,25001,0,2.7123747499717865,0.0268658194340575,-105011.94718166324,8.263819023632632e-06
benchmark_suite,central,GA_0.10,central|GA_0.10,308,4.674075523274384e-05,25001,0,2.707624874979956,0.0272001806450538,-97446.19018199836,1.7371064268798454e-05
benchmark_suite,central,GA_0.10,central|GA_0.10,309,3.071415257637909e-05,25001,0,2.6984226669883355,0.0553595603547119,-97180.54407555627,1.1414825587943802e-05
benchmark_suite,central,GA_0.10,central|GA_0.10,310,2.276888653491863e-05,25001,0,2.702754207974067,0.0188644750710451,-104740.28707052737,8.461988393429277e-06
benchmark_suite,central,GA_0.10,central|GA_0.10,311,9.593293047321226e-06,24301,1,2.6792360840190668,0.0378005581094849,-94187.32013051763,3.5653217586553616e-06
benchmark_suite,central,GA_0.10,central|GA_0.10,312,3.1649680513365515e-05,25001,0,2.785656249994645,0.0328453218450055,-98808.34854668396,1.1762510295539831e-05
benchmark_suite,central,GA_0.10,central|GA_0.10,313,2.062317479168949e-05,25001,0,2.695288207993144,0.0354910490679607,-101084.45547993632,7.664543031050536e-06
benchmark_suite,central,GA_0.10,central|GA_0.10,314,1.9173376858817787e-05,25001,0,2.795498416002374,0.0299606268895337,-104350.3296561799,7.125727479468701e-06
benchmark_suite,central,GA_0.10,central|GA_0.10,315,1.3871308391204866e-05,25001,0,2.657738915993832,0.0337977092401119,-96751.7487224394,5.155232970225188e-06
benchmark_suite,central,GA_0.10,central|GA_0.10,316,2.16316005478034e-05,25001,0,2.736149625008693,0.0430101446129291,-92918.75077333838,8.039319677389065e-06
benchmark_suite,central,GA_0.10,central|GA_0.10,317,1.3007766362960889e-05,25001,0,2.653928250016179,0.0239540217506639,-108024.52626866433,4.834295747123946e-06
benchmark_suite,central,GA_0.10,central|GA_0.10,318,4.088212803640168e-05,25001,0,2.6690354999736883,0.0262556637316449,-100124.9578049144,1.5193722791132173e-05
benchmark_suite,central,GA_0.10,central|GA_0.10,319,1.709252177838535e-05,25001,0,2.6582562919938937,0.0333436143134354,-101612.41045329024,6.352384488514347e-06
benchmark_suite,central,GA_0.10,central|GA_0.10,320,4.1508029053511485e-05,25001,0,2.7097962919797283,0.0497657604226388,-98625.34418240676,1.5426337420206072e-05
benchmark_suite,central,GA_0.10,central|GA_0.10,321,1.947411314976171e-05,25001,0,2.7433395000116434,0.0278244677645828,-101888.8267303273,7.237496154917129e-06
benchmark_suite,central,GA_0.10,central|GA_0.10,322,1.396834246241626e-05,25001,0,2.736178332997952,0.0257626238303104,-103096.22869393032,5.191294046858434e-06
benchmark_suite,central,GA_0.10,central|GA_0.10,323,5.3676675676699554e-05,25001,0,2.6754297090228647,0.0310853377408863,-96320.52296942924,1.994877934121677e-05
benchmark_suite,central,GA_0.10,central|GA_0.10,324,4.172310232786906e-05,25001,0,2.7321364160161465,0.0299617779715034,-97428.07076003564,1.5506269110132074e-05
benchmark_suite,central,GA_0.10,central|GA_0.10,325,1.7316700907485018e-05,25001,0,2.7083026669861283,0.0309031463411953,-106994.76677459532,6.435702595054894e-06
benchmark_suite,central,GA_0.10,central|GA_0.10,326,2.093400490433104e-05,25001,0,2.7012285419914406,0.0384304104197439,-102117.7678726599,7.780063233641691e-06
benchmark_suite,central,GA_0.10,central|GA_0.10,327,4.083087296945547e-05,25001,0,2.694614250009181,0.0302035332327537,-100787.82893952972,1.517467531045933e-05
benchmark_suite,central,GA_0.10,central|GA_0.10,328,2.787773497965613e-05,25001,0,2.768167332978919,0.0320397857230307,-99114.30686822932,1.036067991224463e-05
benchmark_suite,central,GA_0.10,central|GA_0.10,329,2.2168971885703445e-05,25001,0,2.7734198750113137,0.0238310674001101,-104376.45096398635,8.239034651998407e-06
benchmark_suite,central,GA_0.10,central|GA_0.10,330,2.771683276716669e-05,25001,0,2.6945210419944488,0.0308876279902413,-97770.77122224374,1.0300880578336228e-05
benchmark_suite,central,GA_0.10,central|GA_0.10,331,6.383704411628423e-05,25001,0,2.7443914580217097,0.0256137902994893,-97589.1757772212,2.3724850487945625e-05
benchmark_suite,central,GA_0.10,central|GA_0.10,332,5.49518742401491e-05,25001,0,2.7708761670219246,0.0346112508908639,-92438.55677910607,2.042270393259935e-05
benchmark_suite,central,GA_0.10,central|GA_0.10,333,1.3835469381655164e-05,25001,0,2.7065047080104705,0.0380677498775772,-101271.33333659772,5.141911778264763e-06
benchmark_suite,central,GA_0.10,central|GA_0.10,334,4.418542308717028e-05,25001,0,2.718004459020449,0.0269061239533867,-98474.64365149978,1.642138288492173e-05
benchmark_suite,central,GA_0.10,central|GA_0.10,335,4.334393047864548e-05,25001,0,2.714807042008033,0.0282877543952828,-96127.09767737884,1.6108644025112532e-05
benchmark_suite,central,GA_0.10,central|GA_0.10,336,6.69156715125873e-06,5701,1,2.7547719159920234,0.0384811897164371,-115564.70513359692,2.486897895198812e-06
benchmark_suite,central,GA_0.10,central|GA_0.10,337,1.341356147883458e-05,25001,0,2.77340966599877,0.0401500073621177,-103663.96828756624,4.985111484560281e-06
benchmark_suite,central,GA_0.10,central|GA_0.10,338,2.282803425201532e-05,25001,0,2.67630479199579,0.0427784131221018,-97156.83631092876,8.483971574961183e-06
benchmark_suite,central,GA_0.10,central|GA_0.10,339,3.705286918405496e-05,25001,0,2.665571582998382,0.0220286258283177,-99014.57409866407,1.3770589627373909e-05
benchmark_suite,central,GA_0.10,central|GA_0.10,340,2.507753424165728e-05,25001,0,2.7531078750034794,0.0331484090636125,-98450.67830928204,9.319991656943808e-06
benchmark_suite,central,GA_0.10,central|GA_0.10,341,3.6862581587831314e-05,25001,0,2.682579915999668,0.0240925891466344,-97090.54073677571,1.3699870851268e-05
benchmark_suite,central,GA_0.10,central|GA_0.10,342,5.197237929887317e-06,16001,1,2.651931083004456,0.024216275866835,-105874.86291588625,1.9315323321178875e-06
benchmark_suite,central,GA_0.10,central|GA_0.10,343,2.1307576758425505e-05,25001,0,2.714103125006659,0.0287817401923728,-96107.2142769422,7.918897888427542e-06
benchmark_suite,central,GA_0.10,central|GA_0.10,344,2.744683061185412e-05,25001,0,2.642155167006422,0.0243964422142693,-101732.5341772665,1.0200535282769944e-05
benchmark_suite,central,GA_0.10,central|GA_0.10,345,2.603240110617252e-05,25001,0,2.724986124987481,0.032239476854825,-101826.9650552274,9.674864843992744e-06
benchmark_suite,central,GA_0.10,central|GA_0.10,346,1.451038014943811e-05,25001,0,2.7547634999791626,0.0363971059787296,-100473.25561328992,5.392741260536776e-06
benchmark_suite,central,GA_0.10,central|GA_0.10,347,1.4938516286352034e-05,25001,0,2.7024802090018056,0.0269326284040062,-98537.36116370963,5.5518575602571325e-06
benchmark_suite,central,GA_0.10,central|GA_0.10,348,3.889231617530167e-05,25001,0,2.738106874981895,0.0390457474422339,-96480.65407415856,1.4454216061098895e-05
benchmark_suite,central,GA_0.10,central|GA_0.10,349,5.948126210967845e-05,25001,0,2.643363957991824,0.0269968884223841,-95767.7375857392,2.210603630525408e-05
benchmark_suite,central,GA_0.10,central|GA_0.10,350,4.444164343317292e-05,25001,0,2.685180667001987,0.0330131745658529,-94515.91583282496,1.6516607367854367e-05
benchmark_suite,central,GA_0.10,central|GA_0.10,351,5.153769473735231e-05,25001,0,2.716802500013728,0.0281885547585394,-95813.67739960544,1.9153833940950185e-05
benchmark_suite,central,GA_0.10,central|GA_0.10,352,2.4968415220604948e-05,25001,0,2.6667711659974884,0.0364950404005549,-103309.89301869852,9.279438383598772e-06
benchmark_suite,central,GA_0.10,central|GA_0.10,353,2.0794259446309645e-05,25001,0,2.8981253750098404,0.0426579122641825,-96053.27931561612,7.72812394326424e-06
benchmark_suite,central,GA_0.10,central|GA_0.10,354,3.051247725123514e-05,25001,0,2.706863792001968,0.0254826944181305,-99113.71907030314,1.133987282640882e-05
benchmark_suite,central,GA_0.10,central|GA_0.10,355,5.228588780342736e-05,25001,0,2.77558554202551,0.0285927192179536,-93877.60551976756,1.9431896496253045e-05
benchmark_suite,central,GA_0.10,central|GA_0.10,356,4.836099264042977e-05,25001,0,2.767157958995085,0.0218296146629708,-98321.52199462766,1.7973221670589154e-05
benchmark_suite,central,GA_0.10,central|GA_0.10,357,3.434217573133774e-05,25001,0,2.778821042011259,0.0297511478011766,-95776.90981464676,1.2763169083724164e-05
benchmark_suite,central,GA_0.10,central|GA_0.10,358,2.4467924478881744e-05,25001,0,2.746838541002944,0.0286975640293032,-104414.29769779062,9.0934318295909e-06
benchmark_suite,central,GA_0.10,central|GA_0.10,359,1.1493655007484065e-05,25001,0,2.7600059590185992,0.040968724607424,-103385.83213573322,4.271584484120839e-06
benchmark_suite,central,GA_0.10,central|GA_0.10,360,2.3774185102223503e-05,25001,0,2.98243254199042,0.0404596871790252,-95030.9583224004,8.835605136126586e-06
benchmark_suite,central,GA_0.10,central|GA_0.10,361,1.2301375628103976e-05,25001,0,2.892787666001823,0.0311481655955959,-104952.00270537849,4.571767456907503e-06
benchmark_suite,central,GA_0.10,central|GA_0.10,362,2.0635240790763344e-05,25001,0,3.048767250002129,0.0257797899916501,-106640.84555850943,7.669026197201118e-06
benchmark_suite,central,GA_0.10,central|GA_0.10,363,2.4206825138750148e-05,25001,0,3.0281297089823056,0.0332753306107429,-100541.0075293322,8.99639582843306e-06
benchmark_suite,central,GA_0.10,central|GA_0.10,364,3.606652379879005e-05,25001,0,3.025729874992976,0.0359907718851372,-99628.42968098566,1.3404018351885255e-05
benchmark_suite,central,GA_0.10,central|GA_0.10,365,2.6556753994905023e-05,25001,0,3.042450082983123,0.0295469335690969,-102658.53110390108,9.869739854348511e-06
benchmark_suite,central,GA_0.10,central|GA_0.10,366,3.859206856400725e-05,25001,0,2.961371041019447,0.0342740213019631,-97544.8207782588,1.4342629923693628e-05
benchmark_suite,central,GA_0.10,central|GA_0.10,367,3.347057550562323e-05,25001,0,3.065944624977419,0.0314790354345513,-98450.85588245772,1.2439241010682862e-05
benchmark_suite,central,GA_0.10,central|GA_0.10,368,3.806014442442607e-06,4401,1,3.2736595419992227,0.0234766374949768,-119828.14813723163,1.4144888085466755e-06
benchmark_suite,central,GA_0.10,central|GA_0.10,369,2.5251361964745906e-05,25001,0,3.232621959003154,0.0320165091957674,-98168.89152865716,9.384594345649892e-06
benchmark_suite,central,GA_0.10,central|GA_0.10,370,7.686688571279587e-06,17601,1,3.2525836669956334,0.0239832260713569,-104696.16393133902,2.856738796727795e-06
benchmark_suite,central,GA_0.10,central|GA_0.10,371,2.430906036197933e-05,25001,0,3.200403499999084,0.0273922670399113,-104066.90029919654,9.034389890363976e-06
benchmark_suite,central,GA_0.10,central|GA_0.10,372,2.7855703202950497e-05,25001,0,3.177756582997972,0.0404009995447894,-101233.32966801176,1.0352491356879607e-05
benchmark_suite,central,GA_0.10,central|GA_0.10,373,2.8945581370303307e-05,25001,0,3.22677208299865,0.0363242491403378,-101131.4159052526,1.0757540980368563e-05
benchmark_suite,central,GA_0.10,central|GA_0.10,374,1.644621118445225e-05,25001,0,3.21324454198475,0.0347138280726129,-100542.04588725032,6.112186235743699e-06
benchmark_suite,central,GA_0.10,central|GA_0.10,375,1.8583797253236968e-05,25001,0,3.317933624988654,0.0244432981112788,-109628.14302315484,6.906615243650925e-06
benchmark_suite,central,GA_0.10,central|GA_0.10,376,2.085802779469716e-05,25001,0,3.2490122919844,0.0358015666397425,-103727.13455175134,7.751826512228098e-06
benchmark_suite,central,GA_0.10,central|GA_0.10,377,3.3077577343813465e-05,25001,0,3.4028885409934446,0.0319578816379314,-97552.51437606083,1.2293183580327354e-05
benchmark_suite,central,GA_0.10,central|GA_0.10,378,2.9694683179654965e-05,25001,0,3.3566813340003137,0.0356404747810827,-102226.86674238223,1.10359415505217e-05
benchmark_suite,central,GA_0.10,central|GA_0.10,379,8.641517290492021e-06,14401,1,3.319026000011945,0.0369140747107154,-107919.15409487583,3.2115972748370087e-06
benchmark_suite,central,GA_0.10,central|GA_0.10,380,3.055884128707608e-05,25001,0,3.246266583009856,0.0279919538997663,-95635.4906836292,1.1357104716502184e-05
benchmark_suite,central,GA_0.10,central|GA_0.10,381,3.516978997024741e-05,25001,0,3.283649624994723,0.0461962896351528,-91425.5166195971,1.307074849203806e-05
benchmark_suite,central,GA_0.10,central|GA_0.10,382,3.0084473902287985e-05,25001,0,3.17001750000054,0.0331736364290563,-99851.80815576516,1.1180807000163935e-05
benchmark_suite,central,GA_0.10,central|GA_0.10,383,3.0168489237609527e-05,25001,0,3.289822874998208,0.0370092389588268,-94619.80586133196,1.1212029941166917e-05
benchmark_suite,central,GA_0.10,central|GA_0.10,384,3.847595818784469e-05,25001,0,3.2024789999995846,0.0337093487078899,-101212.27979264384,1.4299477812213382e-05
benchmark_suite,central,GA_0.10,central|GA_0.10,385,4.0405294733122406e-05,25001,0,3.17666729199118,0.0301772280944826,-101414.3404508682,1.5016510002308268e-05
benchmark_suite,central,GA_0.10,central|GA_0.10,386,3.958654385012267e-05,25001,0,3.196796167001594,0.0473808726199499,-98524.90059784875,1.4712223667691802e-05
benchmark_suite,central,GA_0.10,central|GA_0.10,387,1.7927911470932245e-05,25001,0,3.159579875005875,0.0248128272909095,-106454.9742298292,6.6628547164201205e-06
benchmark_suite,central,GA_0.10,central|GA_0.10,388,4.620795545595432e-05,25001,0,3.1059294170117937,0.0282189482831632,-96515.1609060986,1.7173051365367512e-05
benchmark_suite,central,GA_0.10,central|GA_0.10,389,1.1492051428123996e-05,25001,0,3.068673208996188,0.043316841194328,-104317.91093088762,4.270990679368029e-06
benchmark_suite,central,GA_0.10,central|GA_0.10,390,2.138113612787698e-05,25001,0,3.0869466250005644,0.0370656117638738,-99370.71343839935,7.946238586435434e-06
benchmark_suite,central,GA_0.10,central|GA_0.10,391,4.1603785869011794e-05,25001,0,3.116217083006632,0.0253428634076442,-96726.24307946482,1.546192446877277e-05
benchmark_suite,central,GA_0.10,central|GA_0.10,392,8.46524986914311e-06,12501,1,3.075450042000739,0.0253180162895344,-104843.66890320936,3.14608788574901e-06
benchmark_suite,central,GA_0.10,central|GA_0.10,393,2.8844145043589776e-05,25001,0,3.043084833014291,0.0439640230967153,-94299.60124639736,1.0719843127304916e-05
benchmark_suite,central,GA_0.10,central|GA_0.10,394,4.910883346064346e-05,25001,0,3.1051037500146776,0.0311373864510892,-95183.59079752746,1.825115432762261e-05
benchmark_suite,central,GA_0.10,central|GA_0.10,395,1.0213178049770088e-05,25001,0,3.1476477090036497,0.031325559031797,-100790.7159315364,3.795694383998832e-06
benchmark_suite,central,GA_0.10,central|GA_0.10,396,2.713730975499182e-05,25001,0,2.9450464159890544,0.0391797177683616,-96180.02937351108,1.0085500993433782e-05
benchmark_suite,central,GA_0.10,central|GA_0.10,397,3.630863548754109e-05,25001,0,3.009460208006203,0.0312025580890687,-101649.71514446534,1.3493998821419516e-05
benchmark_suite,central,GA_0.10,central|GA_0.10,398,4.2835336307850376e-05,25001,0,3.1080923750123475,0.0227490464522347,-99640.53050727828,1.5919626456532666e-05
benchmark_suite,central,GA_0.10,central|GA_0.10,399,3.8659000073954776e-05,25001,0,3.0481804170121904,0.031705448266502,-95670.5117359495,1.4367504659786362e-05
benchmark_suite,central,GA_0.10,central|GA_0.10,400,7.217701644489399e-06,24001,1,3.106236584018916,0.0306787988831596,-101690.64218569086,2.682438699281746e-06
benchmark_suite,central,GA_0.10,central|GA_0.10,401,4.599168992224849e-05,25001,0,3.1198510410031304,0.0287216986045985,-96515.99651781507,1.709267679689603e-05
benchmark_suite,central,GA_0.10,central|GA_0.10,402,3.613960164305883e-05,25001,0,3.131119708006736,0.027992333518204,-99196.62322551974,1.34311771590082e-05
benchmark_suite,central,GA_0.10,central|GA_0.10,403,1.0930791458488708e-05,25001,0,3.248684874997707,0.0367816114802231,-94357.88821195348,4.062395386542502e-06
benchmark_suite,central,GA_0.10,central|GA_0.10,404,2.300083891273855e-05,25001,0,3.1893280420044903,0.0325754886214992,-96826.56401184808,8.548195130169242e-06
benchmark_suite,central,GA_0.10,central|GA_0.10,405,4.925138776289831e-05,25001,0,3.231694541987963,0.033745790444891,-99243.03545958787,1.830413339881816e-05
benchmark_suite,central,GA_0.10,central|GA_0.10,406,9.025651909236968e-06,9801,1,3.1822287079994567,0.03802854125673,-106091.81606828715,3.354354326246425e-06
benchmark_suite,central,GA_0.10,central|GA_0.10,407,5.112229001254293e-05,25001,0,3.308242125000106,0.0312432916606637,-97133.58353892344,1.899945023601217e-05
benchmark_suite,central,GA_0.10,central|GA_0.10,408,6.672590901537085e-05,25001,0,3.268008916988037,0.0295676531334673,-92874.10720073912,2.4798489153886665e-05
benchmark_suite,central,GA_0.10,central|GA_0.10,409,2.494954599680142e-06,6601,1,3.2077962500043213,0.0500600839319656,-120660.245268491,9.272530568306236e-07
benchmark_suite,central,GA_0.10,central|GA_0.10,410,2.7110917305137305e-05,25001,0,3.1931289580243174,0.0283334462053883,-97972.12386141528,1.0075693139634384e-05
benchmark_suite,central,GA_0.10,central|GA_0.10,411,5.414504188071552e-05,25001,0,3.206908374995692,0.0237922334590567,-96127.4731048193,2.012284567447056e-05
benchmark_suite,central,GA_0.10,central|GA_0.10,412,1.858411985427567e-05,25001,0,3.3098564160172828,0.0302197049311793,-106858.31161887554,6.906734535330964e-06
benchmark_suite,central,GA_0.10,central|GA_0.10,413,7.188725420518546e-06,12501,1,3.335373167006765,0.0321986395718913,-106319.16515503108,2.671673708788422e-06
benchmark_suite,central,GA_0.10,central|GA_0.10,414,2.9866380689045657e-05,25001,0,3.2556532500020694,0.0256384618121666,-102163.95229357237,1.1099753632722132e-05
benchmark_suite,central,GA_0.10,central|GA_0.10,415,3.230245251793955e-05,25001,0,3.350709917023778,0.0288374019756172,-98767.55773627164,1.200511256912162e-05
benchmark_suite,central,GA_0.10,central|GA_0.10,416,8.170702234544982e-06,23901,1,3.209564166987548,0.0387865143958352,-92656.0791146179,3.0366161390642577e-06
benchmark_suite,central,GA_0.10,central|GA_0.10,417,2.9172264762311607e-05,25001,0,3.286057208024431,0.0347711456355613,-99210.56907273566,1.0841786263247152e-05
benchmark_suite,central,GA_0.10,central|GA_0.10,418,3.292652238071048e-05,25001,0,3.363951665989589,0.041729569199656,-98362.369933723,1.223704612766191e-05
benchmark_suite,central,GA_0.10,central|GA_0.10,419,3.7252581115992825e-05,25001,0,3.1949442500190344,0.0318496301011903,-94602.30914577287,1.3844813463565796e-05
benchmark_suite,central,GA_0.10,central|GA_0.10,420,2.894244371814596e-05,25001,0,3.294084209017456,0.0279470915504601,-102461.90395301564,1.0756374650899415e-05
benchmark_suite,central,GA_0.10,central|GA_0.10,421,4.151503087657144e-05,25001,0,3.297092332999455,0.0301118381646691,-95493.10511829903,1.542893885182461e-05
benchmark_suite,central,GA_0.10,central|GA_0.10,422,7.318460741726511e-05,25001,0,3.31784533301834,0.0218908851573249,-95406.2282551264,2.7198845352759703e-05
benchmark_suite,central,GA_0.10,central|GA_0.10,423,4.704467686743996e-05,25001,0,3.260013541992521,0.023433287966865,-99049.01225826544,1.7484015633238228e-05
benchmark_suite,central,GA_0.10,central|GA_0.10,424,3.841930300415687e-05,25001,0,3.175870292005129,0.0357066435238238,-99166.67325534666,1.4278421662466448e-05
benchmark_suite,central,GA_0.10,central|GA_0.10,425,2.1087517663214025e-05,25001,0,3.174477583001135,0.0239201286104705,-104671.87292359692,7.8371133651232e-06
benchmark_suite,central,GA_0.10,central|GA_0.10,426,4.7685573768134114e-05,25001,0,3.1010082499997225,0.0262737591069722,-96052.67300451089,1.772220451825167e-05
benchmark_suite,central,GA_0.10,central|GA_0.10,427,1.739298106099945e-05,25001,0,3.1636334159993567,0.0233526321576489,-100542.20769819371,6.46405273310202e-06
benchmark_suite,central,GA_0.10,central|GA_0.10,428,2.1403815478606952e-05,25001,0,3.210084583988646,0.0359382149252451,-104228.42275169138,7.954663942792344e-06
benchmark_suite,central,GA_0.10,central|GA_0.10,429,1.3948601235892264e-05,25001,0,3.167997082986404,0.0344839980381645,-102551.48119330288,5.183956375048144e-06
benchmark_suite,central,GA_0.10,central|GA_0.10,430,1.0121059114005324e-05,25001,0,3.115727500000503,0.0337632419820814,-108811.52271418356,3.761464084806752e-06
benchmark_suite,central,GA_0.10,central|GA_0.10,431,2.40127115299985e-05,25001,0,3.155934832990169,0.0276667287509992,-100138.15224817923,8.924253649027856e-06
benchmark_suite,central,GA_0.10,central|GA_0.10,432,3.677790125382652e-05,25001,0,3.14308104099473,0.0417465673328726,-94268.65676977116,1.3668398609807603e-05
benchmark_suite,central,GA_0.10,central|GA_0.10,433,7.700397623922865e-06,7001,1,3.090158083010465,0.0423071499169656,-110566.39297052364,2.8618310074782854e-06
benchmark_suite,central,GA_0.10,central|GA_0.10,434,1.3119048662543424e-05,25001,0,3.03826466598548,0.0377267328718247,-102371.02915997876,4.8756536139821e-06
benchmark_suite,central,GA_0.10,central|GA_0.10,435,2.942837865558265e-05,25001,0,3.145013041998027,0.0299909722626398,-91363.38804896416,1.0936969575460151e-05
benchmark_suite,central,GA_0.10,central|GA_0.10,436,1.855044354033664e-05,25001,0,3.1062883329868782,0.0306253902876324,-103886.44063073084,6.89421800015998e-06
benchmark_suite,central,GA_0.10,central|GA_0.10,437,4.735588558077394e-05,25001,0,3.173541833006311,0.0324074473993548,-96818.84597876604,1.75996762556111e-05
benchmark_suite,central,GA_0.10,central|GA_0.10,438,5.341978376019606e-05,25001,0,3.165962375001982,0.0489440036647682,-95845.23080702953,1.9853306049842507e-05
benchmark_suite,central,GA_0.10,central|GA_0.10,439,3.675058373877231e-05,25001,0,3.09362562498427,0.0320263467837926,-97768.47600755088,1.365824792370764e-05
benchmark_suite,central,GA_0.10,central|GA_0.10,440,4.501297232731732e-05,25001,0,2.965927834011381,0.0313624025721669,-94812.51577568374,1.6728939257586397e-05
benchmark_suite,central,GA_0.10,central|GA_0.10,441,2.0999675200455707e-05,25001,0,2.8821559170028195,0.0308411462723704,-103520.39350089536,7.804468462128966e-06
benchmark_suite,central,GA_0.10,central|GA_0.10,442,8.805333820569821e-05,25001,0,2.8731038750265725,0.0298627395172014,-91182.2538381053,3.2724765614652324e-05
benchmark_suite,central,GA_0.10,central|GA_0.10,443,2.694417566978017e-05,25001,0,2.948284040990984,0.0460439343615638,-100630.91580375316,1.0013723012149066e-05
benchmark_suite,central,GA_0.10,central|GA_0.10,444,5.1095266916246576e-05,25001,0,2.8831142089911737,0.0282191592155478,-97824.94658459345,1.898940564489718e-05
benchmark_suite,central,GA_0.10,central|GA_0.10,445,1.7671570969691883e-05,25001,0,2.920744833012577,0.0286028810969011,-107586.38883440528,6.5675863877916695e-06
benchmark_suite,central,GA_0.10,central|GA_0.10,446,1.7095950991271945e-05,25001,0,2.932703083002707,0.0341114239790646,-104856.39394687532,6.353658272357423e-06
benchmark_suite,central,GA_0.10,central|GA_0.10,447,1.1027644586896105e-05,25001,0,2.8201347079884727,0.0257666567177749,-106016.62468961196,4.09838811112556e-06
benchmark_suite,central,GA_0.10,central|GA_0.10,448,6.026611012636457e-05,25001,0,2.8067731249902863,0.0409906587686193,-95289.75038058156,2.239772409305828e-05
benchmark_suite,central,GA_0.10,central|GA_0.10,449,1.443060332346772e-05,25001,0,2.790841374982847,0.027920976735272,-102742.47856509856,5.363090695585362e-06
benchmark_suite,central,GA_0.10,central|GA_0.10,450,4.024252737490637e-05,25001,0,2.768364040995948,0.0253148650966053,-95765.99312968194,1.4956016597026324e-05
benchmark_suite,central,GA_0.10,central|GA_0.10,451,3.140394179047906e-05,25001,0,2.7709369999938644,0.0223014872150885,-104011.6772450378,1.1671183680520655e-05
benchmark_suite,central,GA_0.10,central|GA_0.10,452,1.018960535364033e-06,11301,1,2.884270541020669,0.0262413684057744,-122369.0047216008,3.786945115765831e-07
benchmark_suite,central,GA_0.10,central|GA_0.10,453,5.28012296668408e-05,25001,0,2.798377708008047,0.0275887893705309,-95414.79361478712,1.96234218268331e-05
benchmark_suite,central,GA_0.10,central|GA_0.10,454,3.606949727979307e-05,25001,0,2.815690415998688,0.0252245026919558,-100813.2962552424,1.3405123097238989e-05
benchmark_suite,central,GA_0.10,central|GA_0.10,455,2.0430149549833667e-05,25001,0,2.7712750830105506,0.0255637723627204,-105591.88907872095,7.592805328309034e-06
benchmark_suite,central,GA_0.10,central|GA_0.10,456,3.310852250360044e-05,25001,0,2.7475763330003247,0.0391069471605314,-101298.1506580012,1.2304685892368722e-05
benchmark_suite,central,GA_0.10,central|GA_0.10,457,2.942677901816436e-05,25001,0,2.7182482079952024,0.0296727550126331,-102085.66862739976,1.0936374988203358e-05
benchmark_suite,central,GA_0.10,central|GA_0.10,458,1.9745326224789723e-05,25001,0,2.701857875013957,0.0387805796384189,-99107.6788267476,7.338293616044551e-06
benchmark_suite,central,GA_0.10,central|GA_0.10,459,1.5813663811143737e-05,25001,0,2.729055415984476,0.04517645391991,-98890.90029886126,5.877101673513095e-06
benchmark_suite,central,GA_0.10,central|GA_0.10,460,2.641530824348241e-05,25001,0,2.7687200419895817,0.0328885682711423,-101415.23180681224,9.817173037078246e-06
benchmark_suite,central,GA_0.10,central|GA_0.10,461,1.878155267041794e-05,25001,0,2.749357291002525,0.0312111037561708,-107035.80805012483,6.980111196923311e-06
benchmark_suite,central,GA_0.10,central|GA_0.10,462,2.0178615282360413e-05,25001,0,2.735318541992456,0.036513135753539,-99831.76880929367,7.499322535875071e-06
benchmark_suite,central,GA_0.10,central|GA_0.10,463,4.471389331042441e-05,25001,0,2.6836187909939326,0.0484081695184252,-92033.8356998609,1.6617788108090666e-05
benchmark_suite,central,GA_0.10,central|GA_0.10,464,6.949683681657931e-05,25001,0,2.716780290997121,0.0344838031493327,-93956.85327222008,2.582829646647224e-05
benchmark_suite,central,GA_0.10,central|GA_0.10,465,2.16528690752906e-05,25001,0,2.748582832980901,0.030865090841787,-101406.44125861095,8.047223941688958e-06
benchmark_suite,central,GA_0.10,central|GA_0.10,466,3.784834516560418e-05,25001,0,2.7175936669809744,0.030605059386056,-101972.7327808674,1.406622731144376e-05
benchmark_suite,central,GA_0.10,central|GA_0.10,467,2.7698376869284804e-05,25001,0,2.736914125009207,0.0437016140414932,-97175.32429966022,1.0294020724174082e-05
benchmark_suite,central,GA_0.10,central|GA_0.10,468,2.9139745545159043e-05,25001,0,2.7900867910066154,0.0339281798599687,-101175.9574221526,1.082969991806788e-05
benchmark_suite,central,GA_0.10,central|GA_0.10,469,3.5234859881077754e-05,25001,0,2.746824000001652,0.0232952156078022,-97494.8607460004,1.3094933218805452e-05
benchmark_suite,central,GA_0.10,central|GA_0.10,470,9.965613195121865e-06,13601,1,2.785897666006349,0.0375284432409846,-105743.62425566376,3.703693368488763e-06
benchmark_suite,central,GA_0.10,central|GA_0.10,471,3.690237595326301e-05,25001,0,2.739749208005378,0.0265208162097416,-101213.28613842632,1.3714660464405818e-05
benchmark_suite,central,GA_0.10,central|GA_0.10,472,2.762147183918899e-05,25001,0,2.759194500016747,0.0277011074910055,-102841.49407667691,1.0265438082449112e-05
benchmark_suite,central,GA_0.10,central|GA_0.10,473,5.123089865718404e-05,25001,0,2.684654875018168,0.0341022765325258,-96908.4270719228,1.9039813327318822e-05
benchmark_suite,central,GA_0.10,central|GA_0.10,474,2.752695826835505e-05,25001,0,2.790947250003228,0.0276828487577529,-103214.67739607752,1.0230314771208409e-05
benchmark_suite,central,GA_0.10,central|GA_0.10,475,3.622251918671528e-05,25001,0,2.760849792015506,0.0287515824710395,-99579.53164398164,1.3461992313028992e-05
benchmark_suite,central,GA_0.10,central|GA_0.10,476,1.525609672050925e-05,25001,0,2.7645474589953665,0.0249905099987105,-109742.81852396928,5.669882997222957e-06
benchmark_suite,central,GA_0.10,central|GA_0.10,477,2.0455902476914824e-05,25001,0,2.754662207997171,0.0289572052388846,-102738.33005874396,7.602374791239691e-06
benchmark_suite,central,GA_0.10,central|GA_0.10,478,2.3838001922315e-05,25001,0,2.7652815000037663,0.0312295802126149,-101662.31469262391,8.85932258195845e-06
benchmark_suite,central,GA_0.10,central|GA_0.10,479,4.256396124784971e-05,25001,0,2.708753458980937,0.0336198810308286,-97180.80854333048,1.581877234117798e-05
benchmark_suite,central,GA_0.10,central|GA_0.10,480,3.0990116571979574e-05,25001,0,2.710478749999311,0.0308355496348312,-102270.79310112853,1.1517387049197526e-05
benchmark_suite,central,GA_0.10,central|GA_0.10,481,1.2561122069034426e-05,25001,0,2.652769499982241,0.0274944536982283,-100238.98332639525,4.668306881602967e-06
benchmark_suite,central,GA_0.10,central|GA_0.10,482,1.6055335633302124e-05,25001,0,2.747563250013627,0.0368477300374216,-104289.07895182564,5.966920874362588e-06
benchmark_suite,central,GA_0.10,central|GA_0.10,483,1.434013617161414e-05,25001,0,2.732295666995924,0.0291956324037502,-103116.84096599574,5.32946777219204e-06
benchmark_suite,central,GA_0.10,central|GA_0.10,484,2.2303867727470047e-05,25001,0,2.784290832991246,0.0322149615630927,-104922.4165292768,8.289166324006545e-06
benchmark_suite,central,GA_0.10,central|GA_0.10,485,9.266773247408304e-06,9701,1,2.7372562090167776,0.0260464617697876,-110065.8997551668,3.443972848576268e-06
benchmark_suite,central,GA_0.10,central|GA_0.10,486,2.32700895868875e-05,25001,0,2.747157874982804,0.0292347344449346,-100093.7120901545,8.648259814155161e-06
benchmark_suite,central,GA_0.10,central|GA_0.10,487,8.860992763061403e-06,13001,1,2.701153375004651,0.038337042590503,-103455.50540131718,3.2931664863359056e-06
benchmark_suite,central,GA_0.10,central|GA_0.10,488,2.183197599287368e-05,25001,0,2.839778083987767,0.0227941285087973,-100908.31153399409,8.113789834529384e-06
benchmark_suite,central,GA_0.10,central|GA_0.10,489,3.631984953958116e-05,25001,0,2.752191292005591,0.0272850368893937,-101399.76448774675,1.3498164824458818e-05
benchmark_suite,central,GA_0.10,central|GA_0.10,490,3.233716780193839e-05,25001,0,2.7845159999851603,0.0406979351761743,-95179.89504004606,1.201801386025312e-05
benchmark_suite,central,GA_0.10,central|GA_0.10,491,5.276614587329683e-05,25001,0,2.752978667005664,0.0521524258192958,-96901.17884427434,1.961038428850333e-05
benchmark_suite,central,GA_0.10,central|GA_0.10,492,2.0400119615341914e-05,25001,0,2.794650665979134,0.0306942433640366,-99257.94609196438,7.58164660902409e-06
benchmark_suite,central,GA_0.10,central|GA_0.10,493,4.57600952502242e-05,25001,0,2.7990950000239536,0.0274921519744532,-98001.6359575055,1.7006605571417528e-05
benchmark_suite,central,GA_0.10,central|GA_0.10,494,2.22293762667146e-05,25001,0,2.8623475409985986,0.0322930237292463,-100753.24891297011,8.261483957373267e-06
benchmark_suite,central,GA_0.10,central|GA_0.10,495,1.965714510669661e-05,25001,0,2.738109916012036,0.0367841946897646,-99292.60165840545,7.305521733167754e-06
benchmark_suite,central,GA_0.10,central|GA_0.10,496,2.5412426493838367e-05,25001,0,2.7166008340136614,0.0384033361433836,-99246.30080337124,9.444453543138338e-06
benchmark_suite,central,GA_0.10,central|GA_0.10,497,2.2871345684487262e-05,25001,0,2.717540458979784,0.0258320627911871,-100241.39403675792,8.500069580478252e-06
benchmark_suite,central,GA_0.10,central|GA_0.10,498,2.9123556186616845e-05,25001,0,2.71800920800888,0.0338584491570684,-98721.87658242816,1.082368511626101e-05
benchmark_suite,central,GA_0.10,central|GA_0.10,499,3.932717104396153e-05,25001,0,2.7313358329993207,0.032253598979625,-97440.84126929066,1.46158288486863e-05
benchmark_suite,central,GA_0.10,central|GA_0.10,500,5.093343322748044e-05,25001,0,2.7329458750027698,0.022977560762171,-96363.94546591995,1.892926062908905e-05
benchmark_suite,central,Halpern,central|Halpern,1,0.0001602279574197,25001,0,2.136270374991,0.0015323228315472,-84029.0166902394,0.9642339742523388
benchmark_suite,central,Halpern,central|Halpern,2,0.0001131169278272,25001,0,1.935284625011264,0.0010905659727936,-87809.12625526833,0.888344369093404
benchmark_suite,central,Halpern,central|Halpern,3,0.0001104719129059,25001,0,1.9323979580076407,0.0010657430125323,-88066.0095511268,0.881164742967786
benchmark_suite,central,Halpern,central|Halpern,4,0.0001236728585136,25001,0,1.979585499997484,0.0011896076870073,-86840.49467460245,0.9131185271475916
benchmark_suite,central,Halpern,central|Halpern,5,0.0001446468219115,25001,0,2.01733212498948,0.0013862893562575,-85139.7026338619,0.9476443079253278
benchmark_suite,central,Halpern,central|Halpern,6,0.0001151393951163,25001,0,1.9579062499979043,0.0011095448274995,-87616.72519480395,0.8935567292462726
benchmark_suite,central,Halpern,central|Halpern,7,0.0001537089510908,25001,0,2.012085875001503,0.0014712300974881,-84479.97497868555,0.9580356864328584
benchmark_suite,central,Halpern,central|Halpern,8,0.00016541951846,25001,0,2.0440785409882665,0.0015809703648526,-83682.82116738771,0.9685190245645344
benchmark_suite,central,Halpern,central|Halpern,9,0.0001126042940242,25001,0,2.082890124991536,0.0010857551872824,-87858.44060901504,0.8869855231377914
benchmark_suite,central,Halpern,central|Halpern,10,0.0001092745076413,25001,0,1.9420929170155432,0.0010545048062086,-88184.33035309025,0.8777741626932127
benchmark_suite,central,Halpern,central|Halpern,11,0.0001230029597933,25001,0,1.972125874977792,0.0011833234346687,-86899.46322905712,0.9117159431880294
benchmark_suite,central,Halpern,central|Halpern,12,0.0001597390105269,25001,0,2.0232247920066584,0.0015277409374728,-84062.19788286515,0.963802042548837
benchmark_suite,central,Halpern,central|Halpern,13,0.0001492102474865,25001,0,2.035027500009164,0.0014290655100979,-84802.47347904152,0.9531572127380916
benchmark_suite,central,Halpern,central|Halpern,14,0.0001159635400456,25001,0,1.9518674999999348,0.0011172782015937,-87539.29031902512,0.8956141920195074
benchmark_suite,central,Halpern,central|Halpern,15,0.0001453722658577,25001,0,2.0326767500082497,0.0013930898001707,-85085.38842702245,0.9485611117595172
benchmark_suite,central,Halpern,central|Halpern,16,0.0001193755338499,25001,0,2.067402459011646,0.001149292292668,-87224.45616478796,0.9037386185350575
benchmark_suite,central,Halpern,central|Halpern,17,0.0001074177405109,25001,0,1.991480291995685,0.0010370771991384,-88370.39419605327,0.8723372678120841
benchmark_suite,central,Halpern,central|Halpern,18,0.0001370952033602,25001,0,2.091290875017876,0.0013154903016297,-85721.84393811664,0.9371070686691484
benchmark_suite,central,Halpern,central|Halpern,19,0.0001570897472343,25001,0,1.9697233749902807,0.0015029141508094,-84243.76842126987,0.9613711917366644
benchmark_suite,central,Halpern,central|Halpern,20,0.0001209479898066,25001,0,1.9891167500172744,0.0011640450287715,-87082.37857480659,0.9072774770210624
benchmark_suite,central,Halpern,central|Halpern,21,0.0001293179877627,25001,0,1.9612643329892308,0.0012425581468751,-86355.90077755705,0.9241205942420608
benchmark_suite,central,Halpern,central|Halpern,22,0.0001089355215578,25001,0,1.9639067499956584,0.0010513231827842,-88218.06247763001,0.8767979821592596
benchmark_suite,central,Halpern,central|Halpern,23,0.0001316510464597,25001,0,2.092498500016518,0.001264438823477,-86161.77429202068,0.928265736910226
benchmark_suite,central,Halpern,central|Halpern,24,0.0001180951122179,25001,0,2.0391452920157462,0.0011372788095425,-87341.53653994121,0.9007626395403964
benchmark_suite,central,Halpern,central|Halpern,25,0.000101548342473,25001,0,1.99073720900924,0.0009819787690621,-88980.44998313641,0.8536363208939048
benchmark_suite,central,Halpern,central|Halpern,26,0.0001103715962679,25001,0,1.920263084000908,0.0010648015248039,-88075.87280999363,0.8808841045875375
benchmark_suite,central,Halpern,central|Halpern,27,0.0001137987914102,25001,0,2.0412102499976754,0.0010969647452877,-87743.87756627673,0.890127981286691
benchmark_suite,central,Halpern,central|Halpern,28,0.0001523355218258,25001,0,1.9413402499922088,0.0014583579678268,-84577.41998146883,0.9566015398545468
benchmark_suite,central,Halpern,central|Halpern,29,0.0001233933478134,25001,0,1.941190500016092,0.0011869856538534,-86865.05988092754,0.9125359155537168
benchmark_suite,central,Halpern,central|Halpern,30,0.0001192924257338,25001,0,1.9629083329928108,0.0011485125470718,-87232.01733508697,0.9035480546447004
benchmark_suite,central,Halpern,central|Halpern,31,0.000103919642597,25001,0,2.0403072919871192,0.0010042406943019,-88729.839499191,0.8614777497388941
benchmark_suite,central,Halpern,central|Halpern,32,0.0001272252781976,25001,0,2.0710112919914536,0.0012229300897888,-86533.031708553,0.9202075132729506
benchmark_suite,central,Halpern,central|Halpern,33,0.000126998679538,25001,0,1.954154415987432,0.0012208046737437,-86552.38603332115,0.9197723747400184
benchmark_suite,central,Halpern,central|Halpern,34,0.0001509638146733,25001,0,1.961595083004795,0.0014455015624876,-84675.62370830958,0.9551213928210912
benchmark_suite,central,Halpern,central|Halpern,35,0.0001208086184914,25001,0,1.98333758400986,0.0011627374808288,-87094.89653465406,0.9069688827304304
benchmark_suite,central,Halpern,central|Halpern,36,0.000117753804981,25001,0,2.0823654159903526,0.0011340764063583,-87372.95975941273,0.8999547589496318
benchmark_suite,central,Halpern,central|Halpern,37,0.0001330335395936,25001,0,1.9661998329975177,0.0012774037703099,-86048.35808240116,0.930618239101408
benchmark_suite,central,Halpern,central|Halpern,38,0.0001110135208269,25001,0,1.9801421249867417,0.0010708261001918,-88012.9114742917,0.882669253995175
benchmark_suite,central,Halpern,central|Halpern,39,0.0001252707324443,25001,0,2.049546124995686,0.0012045965858765,-86701.11975448234,0.9163786412824352
benchmark_suite,central,Halpern,central|Halpern,40,0.0001352991628347,25001,0,2.0467772080155555,0.0012986493202555,-85865.01672055386,0.9343135009717388
benchmark_suite,central,Halpern,central|Halpern,41,0.0001411426660168,25001,0,1.963826624996728,0.00135343870119,-85405.95583576028,0.9429872953499836
benchmark_suite,central,Halpern,central|Halpern,42,0.000119790795292,25001,0,1.978468041983433,0.0011531883524083,-87186.7545374392,0.9046854503871388
benchmark_suite,central,Halpern,central|Halpern,43,0.0001030643830648,25001,0,1.9521718329924624,0.0009962117181189,-88819.5618996157,0.8586954476715792
benchmark_suite,central,Halpern,central|Halpern,44,0.0001113680388418,25001,0,2.0619111669948325,0.0010741532516073,-87978.29548284957,0.8836443619035507
benchmark_suite,central,Halpern,central|Halpern,45,0.0001246451110111,25001,0,2.0043191250006203,0.0011987280229623,-86755.47685304767,0.9151163692978116
benchmark_suite,central,Halpern,central|Halpern,46,0.0001042657429244,25001,0,1.9519878749852069,0.0010074897337543,-88693.74086290307,0.862589198729847
benchmark_suite,central,Halpern,central|Halpern,47,0.000139960331789,25001,0,2.074897874990711,0.0013423538222893,-85497.28571097035,0.9413270503127223
benchmark_suite,central,Halpern,central|Halpern,48,0.0001286802385706,25001,0,2.061124125000788,0.0012365766916747,-86409.57554116436,0.9229480342394152
benchmark_suite,central,Halpern,central|Halpern,49,0.000128519888258,25001,0,1.9734085839882027,0.0012350727389691,-86423.11296794756,0.9226504890837568
benchmark_suite,central,Halpern,central|Halpern,50,0.0001470642757733,25001,0,1.925965125003131,0.0014089504829808,-84959.753175536,0.950639110545529
benchmark_suite,central,Halpern,central|Halpern,51,0.0001135004496032,25001,0,1.9980177499819547,0.0010941650440822,-87772.37825519871,0.8893509051958093
benchmark_suite,central,Halpern,central|Halpern,52,0.000127346802076,25001,0,2.113595750008244,0.0012240699213164,-86522.66638129928,0.920439940811948
benchmark_suite,central,Halpern,central|Halpern,53,0.0001372096947344,25001,0,2.0171993330004625,0.0013165638322767,-85712.78078525339,0.9372812000985604
benchmark_suite,central,Halpern,central|Halpern,54,0.0001240810466912,25001,0,1.9973464170179795,0.0011934367993561,-86804.71975225318,0.9139627086107758
benchmark_suite,central,Halpern,central|Halpern,55,0.000150801622607,25001,0,2.121459292015061,0.0014439813700126,-84687.29443933447,0.954943149203782
benchmark_suite,central,Halpern,central|Halpern,56,0.000102121255098,25001,0,2.007285083993338,0.0009873575192386,-88919.36965896357,0.8555674876053141
benchmark_suite,central,Halpern,central|Halpern,57,0.0001213268886875,25001,0,2.0524592919973657,0.001167599726064,-87048.41973479083,0.908111513100525
benchmark_suite,central,Halpern,central|Halpern,58,0.0001517843615227,25001,0,1.94497508299537,0.0014531922309243,-84616.7721881643,0.9560126321144616
benchmark_suite,central,Halpern,central|Halpern,59,0.0001463353312713,25001,0,2.010578165994957,0.0014021175486254,-85013.70060685111,0.9497541019783444
benchmark_suite,central,Halpern,central|Halpern,60,0.0001024785237335,25001,0,2.074625625013141,0.0009907116391111,-88881.45322634,0.8567598400165786
benchmark_suite,central,Halpern,central|Halpern,61,0.0001414805405013,25001,0,1.982838958996581,0.0013566063470113,-85379.99707823523,0.9434533059575796
benchmark_suite,central,Halpern,central|Halpern,62,0.0001394810852999,25001,0,1.9622805830149448,0.0013378605576999,-85534.52534005753,0.9406408125873668
benchmark_suite,central,Halpern,central|Halpern,63,0.0001661749768307,25001,0,1.9379650829941968,0.0015880490882371,-83633.3515646295,0.9690989323352602
benchmark_suite,central,Halpern,central|Halpern,64,0.0001243510195092,25001,0,1.9536438749928493,0.0011959693097866,-86781.1231372619,0.9145167328319824
benchmark_suite,central,Halpern,central|Halpern,65,0.0001240608199704,25001,0,2.058945708995452,0.0011932470543047,-86806.48975543107,0.913921061465608
benchmark_suite,central,Halpern,central|Halpern,66,0.0001352554457011,25001,0,2.033994958997937,0.0012982393873325,-85868.52528706523,0.9342440304628716
benchmark_suite,central,Halpern,central|Halpern,67,0.0001061106509003,25001,0,2.015359167009592,0.001024808135244,-88503.31478149557,0.8683756183760889
benchmark_suite,central,Halpern,central|Halpern,68,0.0001485061699716,25001,0,2.090518124983646,0.0014224660535622,-84853.82497828604,0.9523451783579792
benchmark_suite,central,Halpern,central|Halpern,69,0.000124551321663,25001,0,1.9944999580038711,0.0011978482442854,-86763.64913744091,0.9149255769693836
benchmark_suite,central,Halpern,central|Halpern,70,0.0001375865051137,25001,0,1.9411962919984944,0.001320096932906,-85683.0060873586,0.9378510010461572
benchmark_suite,central,Halpern,central|Halpern,71,0.0001245905949321,25001,0,2.0276229580049403,0.0011982166491619,-86760.22627065264,0.915005520469244
benchmark_suite,central,Halpern,central|Halpern,72,0.0001017672444132,25001,0,2.004689666995546,0.0009840339297452,-88957.07146327899,0.8543769842797668
benchmark_suite,central,Halpern,central|Halpern,73,0.0001133328030937,25001,0,2.0779952080047224,0.0010925918174183,-87788.42631007315,0.8889119814070705
benchmark_suite,central,Halpern,central|Halpern,74,0.0001242022806334,25001,0,2.0869265840156004,0.0011945740374682,-86794.11724216101,0.9142119186011756
benchmark_suite,central,Halpern,central|Halpern,75,0.0001071131785511,25001,0,1.995155290991533,0.0010342184704724,-88401.22058542745,0.8714242210510064
benchmark_suite,central,Halpern,central|Halpern,76,0.0001651568718471,25001,0,2.0760096669837367,0.0015785093268338,-83700.07294194127,0.9683149128388776
benchmark_suite,central,Halpern,central|Halpern,77,0.0001259639956288,25001,0,1.9925209160137456,0.0012110994930488,-86641.20186444707,0.9177564156551566
benchmark_suite,central,Halpern,central|Halpern,78,0.0001557909994655,25001,0,1.9801468749938067,0.0014907428557238,-84333.90128649888,0.9601217493610982
benchmark_suite,central,Halpern,central|Halpern,79,0.0001040622972913,25001,0,1.932325125002535,0.0010055798892713,-88714.94581541522,0.8619368714322783
benchmark_suite,central,Halpern,central|Halpern,80,0.000102173955789,25001,0,1.9729085419967305,0.000987852296224,-88913.76818763526,0.8557439479505935
benchmark_suite,central,Halpern,central|Halpern,81,0.0001094349048669,25001,0,2.083988958009286,0.0010560102382486,-88168.4058069294,0.8782335367930711
benchmark_suite,central,Halpern,central|Halpern,82,0.0001491579096195,25001,0,2.0802152499963995,0.0014285749403983,-84806.28237315906,0.9530973172550442
benchmark_suite,central,Halpern,central|Halpern,83,0.0001030938018644,25001,0,1.9826135839975905,0.0009964879052211,-88816.4632636825,0.858792005666315
benchmark_suite,central,Halpern,central|Halpern,84,0.0001540491584714,25001,0,1.9711444580170792,0.0014744185525556,-84455.97172362788,0.9583837063419854
benchmark_suite,central,Halpern,central|Halpern,85,0.0001215108681121,25001,0,2.0448609170271084,0.0011693257419748,-87031.96877300536,0.9085139110759552
benchmark_suite,central,Halpern,central|Halpern,86,0.0001079814287876,25001,0,1.940091874974314,0.0010423681119592,-88313.5699056095,0.8740112339471136
benchmark_suite,central,Halpern,central|Halpern,87,0.0001424753220166,25001,0,1.96742041700054,0.0013659324523989,-85303.92682701787,0.9448039756687792
benchmark_suite,central,Halpern,central|Halpern,88,0.0001360214200367,25001,0,1.9636712500068825,0.0013054218577381,-85807.2141730676,0.935451031354836
benchmark_suite,central,Halpern,central|Halpern,89,0.000141311687742,25001,0,1.9727173749997744,0.0013550233177698,-85392.9622274136,0.9432208809361896
benchmark_suite,central,Halpern,central|Halpern,90,0.0001344632715466,25001,0,2.052742750005564,0.0012908110649458,-85932.29973498167,0.9329728233169824
benchmark_suite,central,Halpern,central|Halpern,91,0.0001552131743356,25001,0,2.078343583008973,0.0014853276205278,-84374.24408041344,0.9595532132888688
benchmark_suite,central,Halpern,central|Halpern,92,0.0001042157470335,25001,0,1.946377542015398,0.0010070203971069,-88698.94807414667,0.8624291564747095
benchmark_suite,central,Halpern,central|Halpern,93,0.0001254945946242,25001,0,2.0826318339968566,0.0012066964643904,-86681.73542791729,0.916825936022398
benchmark_suite,central,Halpern,central|Halpern,94,0.0001429247591511,25001,0,1.945465458004037,0.001370145832131,-85269.73283585966,0.9454038704140376
benchmark_suite,central,Halpern,central|Halpern,95,0.0001555738247229,25001,0,1.979088874999433,0.0014887075461482,-84349.04655561277,0.9599089891073084
benchmark_suite,central,Halpern,central|Halpern,96,0.0001383733605739,25001,0,1.999122000008356,0.0013274746364918,-85621.09244554868,0.9390247498177692
benchmark_suite,central,Halpern,central|Halpern,97,0.0001194552327595,25001,0,2.044818499998655,0.0011500400474756,-87217.21012917405,0.9039210288401126
benchmark_suite,central,Halpern,central|Halpern,98,0.0001488079674891,25001,0,2.0629994999908376,0.0014252948733557,-84831.78381269705,0.9526949187698824
benchmark_suite,central,Halpern,central|Halpern,99,0.0001267936346463,25001,0,2.051034833973972,0.0012188814042841,-86569.92923677461,0.9193766659397145
benchmark_suite,central,Halpern,central|Halpern,100,0.0001287293194749,25001,0,2.004417124990141,0.0012370370284595,-86405.4352991133,0.923038888739062
benchmark_suite,central,Halpern,central|Halpern,101,0.000115891803622,25001,0,2.050917249987833,0.0011166050765298,-87546.0085629659,0.8954366082809592
benchmark_suite,central,Halpern,central|Halpern,102,0.0001280668280458,25001,0,1.952044750010828,0.0012308233805516,-86461.45349406337,0.9218038251274024
benchmark_suite,central,Halpern,central|Halpern,103,0.0001099545203584,25001,0,1.9345118750061367,0.0010608871137981,-88116.97710616025,0.879710641113672
benchmark_suite,central,Halpern,central|Halpern,104,0.0001352064231625,25001,0,1.9765345830237493,0.0012977797036985,-85872.46100641401,0.9341660445002232
benchmark_suite,central,Halpern,central|Halpern,105,0.000166052869218,25001,0,2.0173747920198366,0.0015869049406151,-83641.33220884399,0.9690059178660184
benchmark_suite,central,Halpern,central|Halpern,106,0.0001029448745439,25001,0,2.081343416008167,0.0009950897748065,-88832.15842042145,0.8583025777968217
benchmark_suite,central,Halpern,central|Halpern,107,0.0001218277000879,25001,0,2.0221493339922745,0.0011722980805953,-87003.69693159059,0.909202949469065
benchmark_suite,central,Halpern,central|Halpern,108,0.0001310372496225,25001,0,1.980898250010796,0.0012586824860153,-86212.51080570395,0.9271968280733772
benchmark_suite,central,Halpern,central|Halpern,109,0.0001478194933721,25001,0,1.9425969169824384,0.0014160295637846,-84904.1425515769,0.9515399896254828
benchmark_suite,central,Halpern,central|Halpern,110,0.0001237350990068,25001,0,2.030701958021382,0.0011901915571646,-86835.03205896594,0.9132477577356448
benchmark_suite,central,Halpern,central|Halpern,111,0.0001077434083199,25001,0,1.9763814999896567,0.0010401340078805,-88337.52801479021,0.8733069042316239
benchmark_suite,central,Halpern,central|Halpern,112,0.0001480906141549,25001,0,1.97525316698011,0.0014185709022863,-84884.24775241275,0.95185947589554
benchmark_suite,central,Halpern,central|Halpern,113,0.0001070257995279,25001,0,1.983549832977588,0.0010333982903399,-88410.0809099794,0.8711611457671675
benchmark_suite,central,Halpern,central|Halpern,114,0.0001066906096073,25001,0,2.062098500027787,0.0010302520155799,-88444.13676061112,0.8701473212337257
benchmark_suite,central,Halpern,central|Halpern,115,0.0001291818472757,25001,0,2.023412958980771,0.0012412812990263,-86367.33645342455,0.9238717359185667
benchmark_suite,central,Halpern,central|Halpern,116,0.0001514704463186,25001,0,1.989315499988152,0.0014502500433638,-84639.24924892935,0.955673734143706
benchmark_suite,central,Halpern,central|Halpern,117,0.0001072974415898,25001,0,1.9296067910036072,0.0010359480311458,-88382.55988435967,0.8719773467362639
benchmark_suite,central,Halpern,central|Halpern,118,0.0001585521894182,25001,0,2.036930291011231,0.001516619143361,-84143.16291624213,0.9627322071157448
benchmark_suite,central,Halpern,central|Halpern,119,0.0001382336076473,25001,0,1.9764696250204,0.0013261643065516,-85632.06308507128,0.9388178615324104
benchmark_suite,central,Halpern,central|Halpern,120,0.0001035381297793,25001,0,1.9791794170159849,0.0010006591726546,-88769.77118337387,0.8602429436275666
benchmark_suite,central,Halpern,central|Halpern,121,0.0001130909371436,25001,0,1.990042541990988,0.001090322071245,-87811.62107760526,0.8882758479506185
benchmark_suite,central,Halpern,central|Halpern,122,0.0001079920697304,25001,0,2.053006959002232,0.0010424679812713,-88312.50015448881,0.8740426337295826
benchmark_suite,central,Halpern,central|Halpern,123,0.0001034219082901,25001,0,2.024951542000053,0.0009995681238014,-88781.96480242204,0.8598647665885787
benchmark_suite,central,Halpern,central|Halpern,124,0.000142677053485,25001,0,1.9856144590012264,0.0013678236535693,-85288.56537933544,0.945074029216051
benchmark_suite,central,Halpern,central|Halpern,125,0.0001226935497522,25001,0,1.9486487499962093,0.001180420845784,-86926.80782839177,0.9110608570848068
benchmark_suite,central,Halpern,central|Halpern,126,0.0001590898311736,25001,0,2.0386665840051137,0.0015216574613015,-84106.410089807,0.9632206437031816
benchmark_suite,central,Halpern,central|Halpern,127,0.0001093537285303,25001,0,2.01592966701719,0.0010552483633455,-88176.46205573995,0.8780012567664585
benchmark_suite,central,Halpern,central|Halpern,128,0.0001215293925178,25001,0,1.9600717080174943,0.0011694995176745,-87030.31386046961,0.9085543316646888
benchmark_suite,central,Halpern,central|Halpern,129,0.0001103510016519,25001,0,1.995460999984061,0.0010646082324928,-88077.89889339329,0.8808264114471598
benchmark_suite,central,Halpern,central|Halpern,130,0.0001042951145266,25001,0,2.035604250006145,0.0010077654557588,-88690.68293287327,0.8626831387480558
benchmark_suite,central,Halpern,central|Halpern,131,0.0001290193839817,25001,0,2.063245792000089,0.0012397575591516,-86380.99904959297,0.9235737338240432
benchmark_suite,central,Halpern,central|Halpern,132,0.0001443488181906,25001,0,1.9863988749857528,0.0013834957647645,-85162.09331623345,0.9472631038072132
benchmark_suite,central,Halpern,central|Halpern,133,0.0001237220593671,25001,0,1.9510232920001729,0.001190069235265,-86836.1762604515,0.9132206988632396
benchmark_suite,central,Halpern,central|Halpern,134,0.0001232788599864,25001,0,2.0160232089983765,0.0011859116476123,-86875.13798770952,0.9122961999968202
benchmark_suite,central,Halpern,central|Halpern,135,0.0001123401061903,25001,0,1.9493157920078368,0.0010832759072374,-87883.94256451001,0.886279183532116
benchmark_suite,central,Halpern,central|Halpern,136,0.0001040116805838,25001,0,1.9559397080156489,0.0010051047105511,-88720.228125566,0.8617741251531307
benchmark_suite,central,Halpern,central|Halpern,137,0.0001120932102481,25001,0,2.011349416978192,0.0010809588712092,-87907.82972249396,0.8856153246517625
benchmark_suite,central,Halpern,central|Halpern,138,0.0001426388309419,25001,0,2.099742457998218,0.0013674653153255,-85291.47435170955,0.9450229590626594
benchmark_suite,central,Halpern,central|Halpern,139,0.0001275817649645,25001,0,2.0850276249984745,0.0012262737762256,-86502.65300221318,0.9208875010954
benchmark_suite,central,Halpern,central|Halpern,140,0.000130318326418,25001,0,2.0089009999937844,0.0012519400779853,-86272.24028382506,0.9259253501539632
benchmark_suite,central,Halpern,central|Halpern,141,0.0001669636031228,25001,0,1.9603365839866456,0.0015954385248949,-83581.9493956745,0.9696930827546346
benchmark_suite,central,Halpern,central|Halpern,142,0.0001053801248361,25001,0,2.0506008329975884,0.001017950738857,-88578.3186286163,0.8661119689837747
benchmark_suite,central,Halpern,central|Halpern,143,0.0001638733939322,25001,0,1.976007709017722,0.0015664828086144,-83784.77400302424,0.9672986004991722
benchmark_suite,central,Halpern,central|Halpern,144,0.0001036319700262,25001,0,1.9661175000073847,0.0010015401240994,-88759.93556519959,0.8605476094663604
benchmark_suite,central,Halpern,central|Halpern,145,0.0001118158273381,25001,0,2.014846000005491,0.0010783556922512,-87934.72941602499,0.8848651478735241
benchmark_suite,central,Halpern,central|Halpern,146,0.0001168234748178,25001,0,1.9569379999884404,0.0011253471797515,-87459.07706596763,0.897720911492789
benchmark_suite,central,Halpern,central|Halpern,147,0.0001423523034626,25001,0,2.0431113750091754,0.0013647791634044,-85313.30515227024,0.9446386601063056
benchmark_suite,central,Halpern,central|Halpern,148,0.0001258929239117,25001,0,2.0630395830085035,0.0012104328390172,-86647.32930243216,0.9176161752929528
benchmark_suite,central,Halpern,central|Halpern,149,0.0001114954927764,25001,0,1.9414983750029933,0.001075349405932,-87965.87739584109,0.8839930672503403
benchmark_suite,central,Halpern,central|Halpern,150,0.0001576985670461,25001,0,2.0312792499898933,0.0015086196318823,-84201.7726872003,0.9619436088606588
benchmark_suite,central,Halpern,central|Halpern,151,0.0001159256652671,25001,0,1.959283665986732,0.0011169228206582,-87542.8367456707,0.8955204709670568
benchmark_suite,central,Halpern,central|Halpern,152,0.0001114731617083,25001,0,1.968677791999653,0.0010751398303371,-87968.05212007067,0.8839320421693503
benchmark_suite,central,Halpern,central|Halpern,153,0.0001255454568387,25001,0,1.9921439169847872,0.0012071735555603,-86677.33611941292,0.9169272420850116
benchmark_suite,central,Halpern,central|Halpern,154,0.0001328809592622,25001,0,1.9629099169978872,0.0012759729035619,-86060.81743208235,0.9303622973728014
benchmark_suite,central,Halpern,central|Halpern,155,0.0001467672394653,25001,0,1.9389277499867603,0.0014061661633907,-84981.70373324545,0.9502803296860716
benchmark_suite,central,Halpern,central|Halpern,156,0.0001016909676124,25001,0,2.059756291011581,0.0009833178134464,-88965.21196958853,0.8541192938149792
benchmark_suite,central,Halpern,central|Halpern,157,0.0001498956191451,25001,0,2.01692083402304,0.0014354895313852,-84752.71840153243,0.9539346957779744
benchmark_suite,central,Halpern,central|Halpern,158,0.000142067719154,25001,0,2.0861837090051267,0.0013621111884326,-85335.03158064527,0.944254382096181
benchmark_suite,central,Halpern,central|Halpern,159,0.0001274796107203,25001,0,1.9367496669874529,0.0012253156212717,-86511.34957025043,0.9206932152965862
benchmark_suite,central,Halpern,central|Halpern,160,0.0001283147096794,25001,0,1.9805745000194293,0.0012331483249121,-86440.45960902909,0.9222681528391404
benchmark_suite,central,Halpern,central|Halpern,161,0.0001375454441413,25001,0,2.010272833023919,0.0013197119366391,-85686.24664416103,0.9377891544849816
benchmark_suite,central,Halpern,central|Halpern,162,0.000110328571763,25001,0,1.979857166006696,0.0010643977255839,-88080.10584740207,0.8807635504345985
benchmark_suite,central,Halpern,central|Halpern,163,0.0001024835287872,25001,0,1.996566999994684,0.0009907586328317,-88880.92292447458,0.8567764811873072
benchmark_suite,central,Halpern,central|Halpern,164,0.0001157084732313,25001,0,2.037241917016217,0.0011148847986979,-87563.19693321627,0.8949814692273973
benchmark_suite,central,Halpern,central|Halpern,165,0.0001275401971974,25001,0,2.034778917004587,0.0012258838791434,-86506.19101517908,0.9208084964157978
benchmark_suite,central,Halpern,central|Halpern,166,0.0001077471610895,25001,0,2.0925907909986563,0.0010401692310073,-88337.14987976174,0.8733180371519633
benchmark_suite,central,Halpern,central|Halpern,167,0.0001321959535646,25001,0,1.9492610419983976,0.0012695490060578,-86116.9299369652,0.9292020039181133
benchmark_suite,central,Halpern,central|Halpern,168,0.0001028890294919,25001,0,2.032879000005778,0.0009945655085452,-88838.04956704233,0.8581186509182869
benchmark_suite,central,Halpern,central|Halpern,169,0.0001406710435289,25001,0,2.1182781670067925,0.0013490170860795,-85442.29448478742,0.9423305761766992
benchmark_suite,central,Halpern,central|Halpern,170,0.000161301096286,25001,0,2.070906959008425,0.0015423790004683,-83956.54447669059,0.9651643096200888
benchmark_suite,central,Halpern,central|Halpern,171,0.0001403997006376,25001,0,2.018315875000553,0.0013464731303083,-85463.25677246516,0.9419494198661474
benchmark_suite,central,Halpern,central|Halpern,172,0.0001567492872275,25001,0,2.130785291985376,0.0014997235386228,-84267.32402061469,0.961047417329451
benchmark_suite,central,Halpern,central|Halpern,173,0.0001233858599249,25001,0,2.0983354169875383,0.0011869154034654,-86865.71880139448,0.9125202549362686
benchmark_suite,central,Halpern,central|Halpern,174,0.0001469463426272,25001,0,2.149534084019251,0.0014078450220061,-84968.46293503001,0.9504969661554228
benchmark_suite,central,Halpern,central|Halpern,175,0.0001245224073543,25001,0,2.018603832984809,0.0011975770186231,-86766.16979463882,0.9148666754206336
benchmark_suite,central,Halpern,central|Halpern,176,0.0001069182499408,25001,0,2.0176917080243584,0.0010323887795896,-88420.99645070659,0.8708366552158663
benchmark_suite,central,Halpern,central|Halpern,177,0.0001137840569184,25001,0,2.03284087497741,0.0010968264730394,-87745.28341628631,0.8900897236395027
benchmark_suite,central,Halpern,central|Halpern,178,0.0001031578901401,25001,0,2.0295838750025723,0.0009970895599226,-88809.71614464745,0.8590021400148126
benchmark_suite,central,Halpern,central|Halpern,179,0.0001589142310477,25001,0,2.020244957995601,0.0015200118987448,-84118.40027631377,0.963061809884541
benchmark_suite,central,Halpern,central|Halpern,180,0.0001334833808994,25001,0,2.0902094169869088,0.0012816222160287,-86011.70836349275,0.9313675403325864
benchmark_suite,central,Halpern,central|Halpern,181,0.0001282622501762,25001,0,2.1293341249984223,0.0012326562880782,-86444.89925461542,0.922170106286006
benchmark_suite,central,Halpern,central|Halpern,182,0.0001140077295968,25001,0,2.0657996670051944,0.0010989254296509,-87723.96225732849,0.8906691241785769
benchmark_suite,central,Halpern,central|Halpern,183,0.0001543275128705,25001,0,2.0980703750101384,0.0014770272929737,-84436.37192380913,0.9586663498014456
benchmark_suite,central,Halpern,central|Halpern,184,0.0001279253518208,25001,0,2.009950959007256,0.001229496426119,-86473.45382607367,0.9215376219045636
benchmark_suite,central,Halpern,central|Halpern,185,0.0001251175481947,25001,0,2.053837250015931,0.0012031596658144,-86714.40408564471,0.9160712405170578
benchmark_suite,central,Halpern,central|Halpern,186,0.0001312014672454,25001,0,2.0409564999863505,0.0012602225732779,-86198.91329101191,0.9274843011089804
benchmark_suite,central,Halpern,central|Halpern,187,0.000115456085459,25001,0,1.977465958014364,0.0011125165122082,-87586.90438367901,0.8943518274679869
benchmark_suite,central,Halpern,central|Halpern,188,0.0001372605658517,25001,0,2.051741250004852,0.0013170408168895,-85708.75631646774,0.9373584195584612
benchmark_suite,central,Halpern,central|Halpern,189,0.0001066323013149,25001,0,2.066193291975651,0.0010297047023984,-88450.07185663973,0.8699702054279218
benchmark_suite,central,Halpern,central|Halpern,190,0.0001044810555667,25001,0,1.9688170839799568,0.0010095109665006,-88671.3439996776,0.8632764673644725
benchmark_suite,central,Halpern,central|Halpern,191,0.0001433261478133,25001,0,2.020259165990865,0.0013739087404875,-85239.28507173288,0.9459342739175276
benchmark_suite,central,Halpern,central|Halpern,192,0.0001293101887162,25001,0,2.038470083993161,0.0012424850138636,-86356.55544648862,0.9241063616701356
benchmark_suite,central,Halpern,central|Halpern,193,0.0001111030078405,25001,0,1.9738109160098247,0.0010716659404442,-88004.16332203936,0.8829161103147064
benchmark_suite,central,Halpern,central|Halpern,194,0.0001503057459422,25001,0,1.9357077500026207,0.0014393336112093,-84723.05365871948,0.9543939006456904
benchmark_suite,central,Halpern,central|Halpern,195,0.0001045216435213,25001,0,1.9683792080031708,0.0010098919701359,-88667.12732590294,0.8634056612942399
benchmark_suite,central,Halpern,central|Halpern,196,0.0001186851885808,25001,0,2.0598178330110386,0.0011428152397222,-87287.42365742184,0.9021447883695792
benchmark_suite,central,Halpern,central|Halpern,197,0.0001426394396068,25001,0,2.021977500000503,0.0013674710202937,-85291.42803248664,0.9450237724898676
benchmark_suite,central,Halpern,central|Halpern,198,0.0001459099545683,25001,0,1.9755432500096504,0.0013981301046419,-85045.30610926417,0.9492305293325978
benchmark_suite,central,Halpern,central|Halpern,199,0.0001293880687893,25001,0,1.9528409589838704,0.001243215436618,-86350.01864653015,0.9242483959793748
benchmark_suite,central,Halpern,central|Halpern,200,0.0001331903230622,25001,0,2.0710704580124,0.0012788740352518,-86035.57048133422,0.9308802846685637
benchmark_suite,central,Halpern,central|Halpern,201,0.0001251140058674,25001,0,1.9705405410204548,0.0012031264381524,-86714.71146663852,0.91606411936376
benchmark_suite,central,Halpern,central|Halpern,202,0.0001200365201215,25001,0,1.9408163750194944,0.001155493747433,-87164.50678711114,0.9052415476882212
benchmark_suite,central,Halpern,central|Halpern,203,0.0001151873369165,25001,0,1.958605499996338,0.0011099946892369,-87612.20559626161,0.893677454538685
benchmark_suite,central,Halpern,central|Halpern,204,0.0001450168419998,25001,0,2.054175583005417,0.0013897580079611,-85111.96517957559,0.9481139025676808
benchmark_suite,central,Halpern,central|Halpern,205,0.0001101088877034,25001,0,2.044506250007544,0.0010623359186613,-88101.74547979867,0.8801462182293033
benchmark_suite,central,Halpern,central|Halpern,206,0.0001172763172166,25001,0,1.9970425410137973,0.001129596209292,-87417.07372072194,0.8988140814928655
benchmark_suite,central,Halpern,central|Halpern,207,0.0001227578966238,25001,0,1.95152249999228,0.0011810244888646,-86921.11540050902,0.9111974734621272
benchmark_suite,central,Halpern,central|Halpern,208,0.0001344658789874,25001,0,2.042682458995841,0.0012908355105425,-85932.08924899234,0.9329770452882769
benchmark_suite,central,Halpern,central|Halpern,209,0.0001279362726039,25001,0,2.024455750011839,0.0012295988532671,-86472.52705414456,0.921558200911208
benchmark_suite,central,Halpern,central|Halpern,210,0.00013459589133,25001,0,1.942849874991225,0.0012920546745251,-85921.5969366374,0.9331872808394754
benchmark_suite,central,Halpern,central|Halpern,211,0.0001167551233023,25001,0,1.955693416995928,0.0011247058358437,-87465.43108480517,0.8975549436292206
benchmark_suite,central,Halpern,central|Halpern,212,0.000112962551078,25001,0,2.054170499992324,0.0010891172318941,-87823.95353439025,0.8879367833187582
benchmark_suite,central,Halpern,central|Halpern,213,0.0001361966213581,25001,0,2.0778966670040973,0.0013070646691289,-85793.23908542539,0.9357240828327766
benchmark_suite,central,Halpern,central|Halpern,214,0.0001188912861918,25001,0,1.93553829198936,0.0011447489396876,-87268.5868422281,0.9026232194556578
benchmark_suite,central,Halpern,central|Halpern,215,0.000103141375043,25001,0,1.9836444579996169,0.0009969345050255,-88811.45457298649,0.8589480130356624
benchmark_suite,central,Halpern,central|Halpern,216,0.0001380763835725,25001,0,2.024920750001911,0.0013246901476914,-85644.41857765664,0.9385842947289204
benchmark_suite,central,Halpern,central|Halpern,217,0.0001376840635369,25001,0,1.99279945899616,0.0013210116790615,-85675.31042592833,0.9379977094079416
benchmark_suite,central,Halpern,central|Halpern,218,0.0001288297002947,25001,0,1.913992124987999,0.0012379785049719,-86396.97260713606,0.9232243838574954
benchmark_suite,central,Halpern,central|Halpern,219,0.0001128957327026,25001,0,1.9831804999848828,0.0010884901910882,-87830.37730272666,0.8877599400426537
benchmark_suite,central,Halpern,central|Halpern,220,0.0001081860179277,25001,0,2.064531915995758,0.0010442883968295,-88293.01912984984,0.8746137126409221
benchmark_suite,central,Halpern,central|Halpern,221,0.000111558498361,25001,0,2.0871349159860983,0.0010759406973929,-87959.74402016755,0.884165079918034
benchmark_suite,central,Halpern,central|Halpern,222,0.0001360553441028,25001,0,1.9660464999906253,0.0013057399482347,-85804.5068383588,0.9355039884030388
benchmark_suite,central,Halpern,central|Halpern,223,0.0001183246386956,25001,0,1.9456892920134123,0.0011394323706368,-87320.45577905077,0.9013024496879554
benchmark_suite,central,Halpern,central|Halpern,224,0.0001111624027768,25001,0,2.0712413339933846,0.0010722233668265,-87998.360792525,0.883079687455137
benchmark_suite,central,Halpern,central|Halpern,225,0.0001194728678489,25001,0,1.97919812501641,0.0011502055023632,-87215.60745760791,0.9039613462714092
benchmark_suite,central,Halpern,central|Halpern,226,0.0001358949986253,25001,0,2.0168531670060474,0.0013042364203707,-85817.30960057655,0.9352533048116396
benchmark_suite,central,Halpern,central|Halpern,227,0.0001225048830779,25001,0,1.9780112500011453,0.0011786509289311,-86943.51551022235,0.9106591356237348
benchmark_suite,central,Halpern,central|Halpern,228,0.0001204233558927,25001,0,2.0732129169919062,0.0011591230208274,-87129.57493686791,0.9061107519197747
benchmark_suite,central,Halpern,central|Halpern,229,0.00015595378599,25001,0,2.049995375011349,0.0014922684278901,-84322.56289820661,0.9602804993873716
benchmark_suite,central,Halpern,central|Halpern,230,0.0001239378728668,25001,0,1.9554584580182564,0.0011920937254124,-86817.2545665392,0.9136675034849238
benchmark_suite,central,Halpern,central|Halpern,231,0.0001507866207595,25001,0,1.9564997499983288,0.0014438407737933,-84688.37444858573,0.9549266293403522
benchmark_suite,central,Halpern,central|Halpern,232,0.0001334740635205,25001,0,2.076062167005148,0.0012815348350213,-86012.46627865339,0.93135209861775
benchmark_suite,central,Halpern,central|Halpern,233,0.0001276378825918,25001,0,1.9491198749747127,0.0012268001177202,-86497.87868220595,0.920994033769642
benchmark_suite,central,Halpern,central|Halpern,234,0.0001204084030501,25001,0,1.9749434589757584,0.0011589827349469,-87130.92311479329,0.9060772947745822
benchmark_suite,central,Halpern,central|Halpern,235,0.0001040079809018,25001,0,1.9531588329991791,0.0010050699773061,-88720.6143369221,0.8617622222444307
benchmark_suite,central,Halpern,central|Halpern,236,0.0001138413782148,25001,0,1.9889692919969093,0.0010973643740579,-87739.8154540028,0.8902384815759325
benchmark_suite,central,Halpern,central|Halpern,237,0.0001045098843681,25001,0,2.045356124988757,0.0010097815804527,-88668.3488718205,0.8633682410527957
benchmark_suite,central,Halpern,central|Halpern,238,0.0001490591463735,25001,0,2.00723066701903,0.0014276492196846,-84813.47350412751,0.952984089102672
benchmark_suite,central,Halpern,central|Halpern,239,0.0001107329721694,25001,0,1.9672779579996127,0.0010681931214059,-88040.38335608967,0.8818921745492831
benchmark_suite,central,Halpern,central|Halpern,240,0.0001020457499069,25001,0,2.0686566249933094,0.0009866486619188,-88927.39979555534,0.8553143301224048
benchmark_suite,central,Halpern,central|Halpern,241,0.000115690126133,25001,0,1.9493957920058165,0.0011147126483243,-87564.91848771753,0.8949358201879013
benchmark_suite,central,Halpern,central|Halpern,242,0.0001509109873311,25001,0,1.995378207997419,0.0014450064245594,-84679.42357946976,0.955063413263753
benchmark_suite,central,Halpern,central|Halpern,243,0.000151634223485,25001,0,1.9859658339992168,0.0014517850636089,-84627.51656275475,0.9558508633954684
benchmark_suite,central,Halpern,central|Halpern,244,0.0001201737030903,25001,0,1.91675779200159,0.0011567807940328,-87152.10612049961,0.9055506631323788
benchmark_suite,central,Halpern,central|Halpern,245,0.000121343029406,25001,0,2.0385243339987937,0.0011677511451157,-87046.97553949057,0.9081468816685248
benchmark_suite,central,Halpern,central|Halpern,246,0.0001140120493531,25001,0,2.0402451250120066,0.001098965979267,-87723.55076546429,0.8906802892458503
benchmark_suite,central,Halpern,central|Halpern,247,0.0001389665578643,25001,0,1.9448544170008968,0.0013330364441843,-85574.64908258153,0.939895397021604
benchmark_suite,central,Halpern,central|Halpern,248,0.0001380579258449,25001,0,2.1060071250249166,0.0013245170874453,-85645.86998046911,0.9385568184471148
benchmark_suite,central,Halpern,central|Halpern,249,0.0001648088217923,25001,0,1.914930790982908,0.00157524803017,-83722.97671563107,0.9680424238255004
benchmark_suite,central,Halpern,central|Halpern,250,0.0001325980914239,25001,0,1.987516624998534,0.0012733202235036,-86083.95350979836,0.929885401753222
benchmark_suite,central,Halpern,central|Halpern,251,0.0001526241815481,25001,0,1.970710916997632,0.0014610633972842,-84556.86678922533,0.9569068858238402
benchmark_suite,central,Halpern,central|Halpern,252,0.0001243424374872,25001,0,1.988386957993498,0.001195888804506,-86781.87245816094,0.9144991735903578
benchmark_suite,central,Halpern,central|Halpern,253,0.00013129241376,25001,0,1.9695136660011483,0.0012610754970263,-86191.3900689059,0.9276430384035534
benchmark_suite,central,Halpern,central|Halpern,254,0.0001243523730076,25001,0,2.054913750005653,0.0011959819954971,-86781.00506671309,0.9145194994342218
benchmark_suite,central,Halpern,central|Halpern,255,0.0001218344964178,25001,0,2.028808000002755,0.0011723618455743,-87003.09122408913,0.9092176770678748
benchmark_suite,central,Halpern,central|Halpern,256,0.0001657129480206,25001,0,1.9487985419982576,0.0015837198410982,-83663.57974967998,0.968745529427065
benchmark_suite,central,Halpern,central|Halpern,257,0.0001481501172248,25001,0,2.024383916985244,0.0014191286374562,-84879.88639244273,0.9519293169059708
benchmark_suite,central,Halpern,central|Halpern,258,0.0001515603703672,25001,0,2.008368124981644,0.0014510928672319,-84632.80569377192,0.955771075108638
benchmark_suite,central,Halpern,central|Halpern,259,0.0001251012146754,25001,0,2.012649042007979,0.0012030064574678,-86715.82145245138,0.9160384010293958
benchmark_suite,central,Halpern,central|Halpern,260,0.0001352085416661,25001,0,1.974048917007167,0.0012977995774275,-85872.2908224079,0.9341694179509642
benchmark_suite,central,Halpern,central|Halpern,261,0.0001270100261529,25001,0,1.9537365830037745,0.0012209110971869,-86551.41610992681,0.9197942168089628
benchmark_suite,central,Halpern,central|Halpern,262,0.0001283220207018,25001,0,2.0421376250160392,0.0012332169001498,-86439.8409984699,0.9222818082003597
benchmark_suite,central,Halpern,central|Halpern,263,0.0001057846478177,25001,0,2.020147834002273,0.0010217479871278,-88536.72188856754,0.8673698743253956
benchmark_suite,central,Halpern,central|Halpern,264,0.0001217700244659,25001,0,1.948793792020297,0.0011717569951016,-87008.83809283134,0.9090778851758954
benchmark_suite,central,Halpern,central|Halpern,265,0.0001047084164837,25001,0,2.0861768340109847,0.0010116452852356,-88647.74389144109,0.8639987358571508
benchmark_suite,central,Halpern,central|Halpern,266,0.0001209275842428,25001,0,2.034353791998001,0.0011638535848034,-87084.21048796974,0.9072323551810084
benchmark_suite,central,Halpern,central|Halpern,267,0.000117182312797,25001,0,1.988921249983832,0.0011287141677012,-87425.77975354422,0.8985880661555099
benchmark_suite,central,Halpern,central|Halpern,268,0.0001243743179803,25001,0,1.9887060000037309,0.001196187852031,-86779.08926537258,0.9145643823735166
benchmark_suite,central,Halpern,central|Halpern,269,0.000120215056675,25001,0,1.932389666995732,0.0011571687751941,-87148.3706952951,0.9056436583612149
benchmark_suite,central,Halpern,central|Halpern,270,0.0001475763082288,25001,0,2.1108872499899007,0.0014137500721366,-84922.01843644673,0.9512516652110816
benchmark_suite,central,Halpern,central|Halpern,271,0.0001482995018658,25001,0,2.061689750000369,0.0014205288742211,-84868.94455110702,0.9521042233504272
benchmark_suite,central,Halpern,central|Halpern,272,0.0001157006683935,25001,0,1.982308625010773,0.0011148115764893,-87563.92914375791,0.8949620552132711
benchmark_suite,central,Halpern,central|Halpern,273,0.0001448941024597,25001,0,2.0647157079947647,0.0013886074264747,-85121.15811127039,0.9479585896509308
benchmark_suite,central,Halpern,central|Halpern,274,0.0001101243941972,25001,0,1.9928315000142904,0.001062481452066,-88100.21662846522,0.8801898906655384
benchmark_suite,central,Halpern,central|Halpern,275,0.0001437767553637,25001,0,1.9749363750161133,0.0013781329971231,-85205.2052895446,0.9465237462931408
benchmark_suite,central,Halpern,central|Halpern,276,0.0001036509069716,25001,0,1.952217249985552,0.0010017179088473,-88757.95171566994,0.8606090196495089
benchmark_suite,central,Halpern,central|Halpern,277,0.0001107020873861,25001,0,1.9567475419898983,0.0010679032539374,-88043.4119993633,0.8818063313624359
benchmark_suite,central,Halpern,central|Halpern,278,0.0001062542571981,25001,0,2.0048120839928742,0.0010261561202585,-88488.63147975142,0.8688163963597626
benchmark_suite,central,Halpern,central|Halpern,279,0.0001490705625443,25001,0,2.0682590840151533,0.0014277562281528,-84812.6420048645,0.9529971912954416
benchmark_suite,central,Halpern,central|Halpern,280,0.0001379208671314,25001,0,1.943443208991084,0.0013232320088862,-85656.65358731504,0.9383524180453262
benchmark_suite,central,Halpern,central|Halpern,281,0.0001547958457664,25001,0,2.107798457989702,0.0014814164855752,-84403.47473329722,0.9591376649017552
benchmark_suite,central,Halpern,central|Halpern,282,0.0001080033551809,25001,0,1.9732453750038983,0.0010425739114605,-88311.36559689703,0.8740759311399576
benchmark_suite,central,Halpern,central|Halpern,283,0.000114082157264,25001,0,1.986344666976948,0.0010996238624158,-87716.87682755967,0.8908612831987186
benchmark_suite,central,Halpern,central|Halpern,284,0.0001021669621869,25001,0,1.952405416988768,0.0009877866274745,-88914.5114712129,0.8557205388630508
benchmark_suite,central,Halpern,central|Halpern,285,0.0001106579151956,25001,0,1.9738185000023805,0.001067488691123,-88047.7449694756,0.8816834586594389
benchmark_suite,central,Halpern,central|Halpern,286,0.0001415155408647,25001,0,2.001689500000793,0.0013569344872801,-85377.3115081022,0.9435013689128956
benchmark_suite,central,Halpern,central|Halpern,287,0.0001368394620696,25001,0,2.105339083005674,0.0013130923486342,-85742.11561048278,0.9367164214791336
benchmark_suite,central,Halpern,central|Halpern,288,0.0001161263428605,25001,0,1.953673832991626,0.0011188058472634,-87524.05872284515,0.8960161601554059
benchmark_suite,central,Halpern,central|Halpern,289,0.000104963787863,25001,0,1.9650339579966385,0.0010140425118838,-88621.29746654167,0.864805763491887
benchmark_suite,central,Halpern,central|Halpern,290,0.0001089386605134,25001,0,1.9783766250184271,0.0010513526368781,-88217.74972115282,0.8768070524795241
benchmark_suite,central,Halpern,central|Halpern,291,0.000122077322608,25001,0,2.104117291979492,0.001174639879243,-86981.4740755997,0.9097423394744562
benchmark_suite,central,Halpern,central|Halpern,292,0.0001365314240008,25001,0,1.947272791992873,0.0013102040113548,-85766.58300078295,0.9362427740613132
benchmark_suite,central,Halpern,central|Halpern,293,0.0001479728012241,25001,0,1.943358459015144,0.0014174665926468,-84892.88834842999,0.9517208996714518
benchmark_suite,central,Halpern,central|Halpern,294,0.0001251132533762,25001,0,2.021781999996165,0.0012031193799047,-86714.77676237021,0.9160626066111898
benchmark_suite,central,Halpern,central|Halpern,295,0.0001037996726947,25001,0,2.0922694169858005,0.0010031144605054,-88742.38053147776,0.8610905469180051
benchmark_suite,central,Halpern,central|Halpern,296,0.000122880443222,25001,0,1.907010833005188,0.0011821741116995,-86910.28252872618,0.9114571034837124
benchmark_suite,central,Halpern,central|Halpern,297,0.000112108624494,25001,0,1.9953421670070384,0.0010811035183594,-87906.33697011601,0.8856568739538844
benchmark_suite,central,Halpern,central|Halpern,298,0.0001304986850274,25001,0,1.9718244159885217,0.001253631589463,-86257.22479604582,0.9262463233580984
benchmark_suite,central,Halpern,central|Halpern,299,0.0001169880968838,25001,0,2.0405686660087667,0.0011268918452377,-87443.78870691494,0.8981196002386275
benchmark_suite,central,Halpern,central|Halpern,300,0.0001264839703188,25001,0,1.963877791975392,0.0012159768214229,-86596.47715014766,0.918775513331782
benchmark_suite,central,Halpern,central|Halpern,301,0.000108975428478,25001,0,1.973819292004919,0.0010516977324318,-88214.0860123371,0.8769132774537132
benchmark_suite,central,Halpern,central|Halpern,302,0.0001362281546928,25001,0,2.0449862500245217,0.0013073603547018,-85790.7256446913,0.9357731101390676
benchmark_suite,central,Halpern,central|Halpern,303,0.0001186737027517,25001,0,1.99559245898854,0.0011427074743452,-87288.47439367489,0.9021180599486452
benchmark_suite,central,Halpern,central|Halpern,304,0.0001538956823039,25001,0,2.067105750000337,0.001472980171949,-84466.79356008334,0.9582270578687312
benchmark_suite,central,Halpern,central|Halpern,305,0.0001351767918357,25001,0,2.0055881250009406,0.001297501854497,-85874.8405850638,0.934118863749336
benchmark_suite,central,Halpern,central|Halpern,306,0.0001132208760046,25001,0,1.979594584001461,0.0010915414608142,-87799.15387715554,0.8886180259776418
benchmark_suite,central,Halpern,central|Halpern,307,0.0001338762780993,25001,0,2.090486333006993,0.0012853066111453,-85979.79891133125,0.93201559986536
benchmark_suite,central,Halpern,central|Halpern,308,0.0001258122802491,25001,0,1.9848056250193624,0.0012096763866312,-86654.28627927188,0.9174567677949944
benchmark_suite,central,Halpern,central|Halpern,309,0.0001037054403566,25001,0,2.0082021660055034,0.0010022298448078,-88752.24118210922,0.8607857124719103
benchmark_suite,central,Halpern,central|Halpern,310,0.0001611079201281,25001,0,2.1012806670041755,0.0015405688046107,-83969.55453382633,0.9649986124951824
benchmark_suite,central,Halpern,central|Halpern,311,0.0001266946148053,25001,0,1.978386875009164,0.0012179526189215,-86578.41131664472,0.9191849023896956
benchmark_suite,central,Halpern,central|Halpern,312,0.000116003576917,25001,0,2.126334750006208,0.0011176538800283,-87535.542593441,0.8957131796909027
benchmark_suite,central,Halpern,central|Halpern,313,0.0001211129952635,25001,0,2.0062007500091568,0.0011655930488774,-87067.57698165262,0.9076415681245742
benchmark_suite,central,Halpern,central|Halpern,314,0.0001367324119313,25001,0,2.0299895420030225,0.0013120885903574,-85750.61232377843,0.93655220560331
benchmark_suite,central,Halpern,central|Halpern,315,0.0001519551973655,25001,0,2.1013625409977976,0.0014547934006414,-84604.55938766214,0.9561959994616392
benchmark_suite,central,Halpern,central|Halpern,316,0.000103434400803,25001,0,2.0184069160022773,0.0009996853899423,-88780.65357553485,0.8599054583836528
benchmark_suite,central,Halpern,central|Halpern,317,0.0001092593073059,25001,0,1.982287999999244,0.0010543621554954,-88185.84052771432,0.8777305498322052
benchmark_suite,central,Halpern,central|Halpern,318,0.0001407908470931,25001,0,2.0017602920124773,0.0013501402934183,-85433.0520245615,0.9424980915319364
benchmark_suite,central,Halpern,central|Halpern,319,0.0001500941042144,25001,0,1.9199854170146864,0.0014373499190644,-84738.35171560582,0.9541574938211348
benchmark_suite,central,Halpern,central|Halpern,320,0.0001357405670411,25001,0,2.044360250001773,0.0013027883426998,-85829.65442179014,0.9350109775555342
benchmark_suite,central,Halpern,central|Halpern,321,0.0001549855669557,25001,0,1.9993455410003664,0.0014831945290825,-84390.17644280732,0.9593270928667272
benchmark_suite,central,Halpern,central|Halpern,322,0.0001217443727636,25001,0,2.015606333006872,0.0011715163517194,-87011.1253612013,0.909022211235106
benchmark_suite,central,Halpern,central|Halpern,323,0.0001472117561843,25001,0,2.069443083018996,0.0014103329091117,-84948.87103382725,0.9508163090640684
benchmark_suite,central,Halpern,central|Halpern,324,0.0001291275252564,25001,0,1.962740707997,0.0012407718130698,-86371.90284904628,0.9237722185281704
benchmark_suite,central,Halpern,central|Halpern,325,0.0001168661488018,25001,0,1.963046041986672,0.0011257475947283,-87455.11189130283,0.8978244026162051
benchmark_suite,central,Halpern,central|Halpern,326,0.0001245939044223,25001,0,2.072903457999928,0.0011982476866589,-86759.93794906129,0.9150122523028534
benchmark_suite,central,Halpern,central|Halpern,327,0.0001099734164881,25001,0,1.9628784579981584,0.0010610644548854,-88115.11153452712,0.8797640373157115
benchmark_suite,central,Halpern,central|Halpern,328,0.0001171246738972,25001,0,2.0967266669904348,0.001128173341961,-87431.12131602204,0.8984492484792456
benchmark_suite,central,Halpern,central|Halpern,329,0.0001117664353773,25001,0,1.9481855419871863,0.0010778921555132,-87939.52629740958,0.8847310843453117
benchmark_suite,central,Halpern,central|Halpern,330,0.0001567596419313,25001,0,1.962638249999145,0.0014998205743129,-84266.60687538292,0.9610573033120068
benchmark_suite,central,Halpern,central|Halpern,331,0.0001151968265062,25001,0,2.058538207988022,0.0011100837445895,-87611.31111150168,0.8937013382070484
benchmark_suite,central,Halpern,central|Halpern,332,0.0001407880019329,25001,0,1.965887541999109,0.0013501136167603,-85433.27144637465,0.9424941184435996
benchmark_suite,central,Halpern,central|Halpern,333,0.0001468556964564,25001,0,1.918058334005764,0.0014069953310045,-84975.16225604084,0.950387438866698
benchmark_suite,central,Halpern,central|Halpern,334,0.0001179655448581,25001,0,1.9583603750215843,0.0011360631128597,-87353.4547644926,0.9004566813225491
benchmark_suite,central,Halpern,central|Halpern,335,0.0001211449484737,25001,0,2.128558167023584,0.0011658928369614,-87064.71284028783,0.9077119204920971
benchmark_suite,central,Halpern,central|Halpern,336,0.0001145031075358,25001,0,2.074499833019217,0.001103574044656,-87676.88963692746,0.8919421248929771
benchmark_suite,central,Halpern,central|Halpern,337,0.0001127974240725,25001,0,1.953950499999337,0.0010875676186016,-87839.83555541132,0.8874992719945809
benchmark_suite,central,Halpern,central|Halpern,338,0.0001605776189888,25001,0,2.014279374998296,0.0015355994546331,-84005.34988215247,0.9645397540368554
benchmark_suite,central,Halpern,central|Halpern,339,0.0001543647226414,25001,0,2.1022543750004843,0.0014773760211936,-84433.75455464373,0.9587039901548302
benchmark_suite,central,Halpern,central|Halpern,340,0.0001266536201865,25001,0,1.9913829590077512,0.0012175681127084,-86581.92473020175,0.919105386922876
benchmark_suite,central,Halpern,central|Halpern,341,0.0001227525713982,25001,0,2.046569833008107,0.0011809745288871,-86921.58641627291,0.9111861741173798
benchmark_suite,central,Halpern,central|Halpern,342,0.0001215290179647,25001,0,1.963582750002388,0.0011694960021699,-87030.34733740675,0.9085535141214292
benchmark_suite,central,Halpern,central|Halpern,343,0.0001043778615931,25001,0,2.025146583997412,0.0010085422296772,-88682.07263132413,0.8629474707484688
benchmark_suite,central,Halpern,central|Halpern,344,0.0001183439582951,25001,0,2.003273332986282,0.0011396136348322,-87318.68328018309,0.9013477582156708
benchmark_suite,central,Halpern,central|Halpern,345,0.0001176269424282,25001,0,2.05938883399358,0.0011328860885788,-87384.6627435942,0.899652890790152
benchmark_suite,central,Halpern,central|Halpern,346,0.0001300484924918,25001,0,1.9881752090004736,0.0012494094065728,-86294.74363725862,0.925442636626338
benchmark_suite,central,Halpern,central|Halpern,347,0.0001293335604092,25001,0,1.9845300830202173,0.0012427042109543,-86354.59336573597,0.9241490124267946
benchmark_suite,central,Halpern,central|Halpern,348,0.0001312272161891,25001,0,2.035161125008017,0.0012604640511849,-86196.78280581695,0.9275292763918566
benchmark_suite,central,Halpern,central|Halpern,349,0.0001272848483443,25001,0,1.9933554159943008,0.0012234888274295,-86527.94946514112,0.9203215287507212
benchmark_suite,central,Halpern,central|Halpern,350,0.0001201141499902,25001,0,1.9848009170091243,0.0011562220742206,-87157.48764194146,0.9054165907311522
benchmark_suite,central,Halpern,central|Halpern,351,0.0001232531980303,25001,0,2.0352729159931187,0.0011856709196158,-86877.39817513448,0.9122423842976148
benchmark_suite,central,Halpern,central|Halpern,352,0.0001270647344293,25001,0,1.998103291989537,0.0012214242514817,-86546.74052715863,0.9198994554184052
benchmark_suite,central,Halpern,central|Halpern,353,0.0001033867305071,25001,0,2.075494165997952,0.0009992378718181,-88785.65840587224,0.8597501092716772
benchmark_suite,central,Halpern,central|Halpern,354,0.0001077854912054,25001,0,2.011726291006198,0.0010405290067306,-88333.28828846515,0.8734316987825951
benchmark_suite,central,Halpern,central|Halpern,355,0.0001348391790045,25001,0,1.9251892080064863,0.0012943360295977,-85901.99032052097,0.9335789764484224
benchmark_suite,central,Halpern,central|Halpern,356,0.0001177462281224,25001,0,1.955194542009849,0.0011340053290547,-87373.65822584945,0.8999367576700784
benchmark_suite,central,Halpern,central|Halpern,357,0.000112096298417,25001,0,2.085603583982447,0.0010809878530076,-87907.53061497447,0.8856236506882365
benchmark_suite,central,Halpern,central|Halpern,358,0.0001255513515744,25001,0,1.9774301669967824,0.0012072288555552,-86676.82630703709,0.9169389769224168
benchmark_suite,central,Halpern,central|Halpern,359,0.0001305375059726,25001,0,2.0699685839936137,0.001253995674254,-86253.99553063216,0.9263152354894344
benchmark_suite,central,Halpern,central|Halpern,360,0.0001522519958076,25001,0,2.0011882499966305,0.0014575751272454,-84583.37447377565,0.9565127916346896
benchmark_suite,central,Halpern,central|Halpern,361,0.000122215993848,25001,0,1.979798624990508,0.0011759408041171,-86969.14829019456,0.9100406651283194
benchmark_suite,central,Halpern,central|Halpern,362,0.0001285492386345,25001,0,2.0383785419980995,0.0012353480278,-86420.63377248144,0.9227050350084398
benchmark_suite,central,Halpern,central|Halpern,363,0.0001548483070804,25001,0,2.008135624986608,0.0014819081384725,-84399.79595304378,0.959190130436487
benchmark_suite,central,Halpern,central|Halpern,364,0.0001349745008402,25001,0,1.968796750006732,0.0012956049549923,-85891.1000502781,0.9337958843906627
benchmark_suite,central,Halpern,central|Halpern,365,0.0001409991430468,25001,0,2.032493375008926,0.0013520931371232,-85417.00141987033,0.9427882169542644
benchmark_suite,central,Halpern,central|Halpern,366,0.0001300367638425,25001,0,1.9429149169882287,0.0012492994150708,-86295.72276229723,0.9254215879457371
benchmark_suite,central,Halpern,central|Halpern,367,0.0001572217639179,25001,0,2.0458218330168165,0.0015041513327488,-84234.64826565963,0.961496027009606
benchmark_suite,central,Halpern,central|Halpern,368,0.0001286260119872,25001,0,1.994355040980736,0.0012360680853652,-86414.151743962,0.9228475334721864
benchmark_suite,central,Halpern,central|Halpern,369,0.0001168223629118,25001,0,1.9760628340009128,0.001125336741208,-87459.18045445066,0.8977182122259023
benchmark_suite,central,Halpern,central|Halpern,370,0.0001457660468639,25001,0,2.0321729999850504,0.0013967811237848,-85056.01925560285,0.9490522023274184
benchmark_suite,central,Halpern,central|Halpern,371,0.0001519207430183,25001,0,1.965378667024197,0.0014544704708726,-84607.02140798504,0.9561590774610956
benchmark_suite,central,Halpern,central|Halpern,372,0.0001319328261722,25001,0,1.9605279999959748,0.0012670813984895,-86138.56138088959,0.9287513755601776
benchmark_suite,central,Halpern,central|Halpern,373,0.0001249810463727,25001,0,2.083188874996268,0.0012018792342255,-86726.25533006199,0.9157964086167286
benchmark_suite,central,Halpern,central|Halpern,374,0.0001265636035341,25001,0,1.92935145800584,0.0012167237733643,-86589.64382752313,0.9189305158286312
benchmark_suite,central,Halpern,central|Halpern,375,0.000155778017544,25001,0,2.016280042007565,0.0014906211824105,-84334.80609773185,0.9601090614084672
benchmark_suite,central,Halpern,central|Halpern,376,0.0001340907680772,25001,0,1.958005583001068,0.0012873179793479,-85962.4183648685,0.9323668938491853
benchmark_suite,central,Halpern,central|Halpern,377,0.0001160898256641,25001,0,2.0236766249872744,0.0011184631831683,-87527.47345049444,0.8959261225018534
benchmark_suite,central,Halpern,central|Halpern,378,0.0001062882018195,25001,0,2.020981874986319,0.001026474750798,-88485.16359593946,0.8689203850729638
benchmark_suite,central,Halpern,central|Halpern,379,0.0001273459110824,25001,0,1.97645620800904,0.001224061578144,-86522.74221642561,0.9204382418810352
benchmark_suite,central,Halpern,central|Halpern,380,0.0001024388169792,25001,0,2.008195875008824,0.0009903388691432,-88885.66067389684,0.8566277735586545
benchmark_suite,central,Halpern,central|Halpern,381,0.0001594532561281,25001,0,2.051768000004813,0.0015250631355715,-84081.63693074891,0.9635472436014432
benchmark_suite,central,Halpern,central|Halpern,382,0.0001244585213878,25001,0,1.9696924999880137,0.0011969777317652,-86771.7413805541,0.914736391470342
benchmark_suite,central,Halpern,central|Halpern,383,0.0001445935801051,25001,0,2.062522916996386,0.001385790244217,-85143.69965277996,0.947576397827714
benchmark_suite,central,Halpern,central|Halpern,384,0.0001618748659417,25001,0,1.9682791249942968,0.001547755618078,-83917.99361862682,0.965651933872234
benchmark_suite,central,Halpern,central|Halpern,385,0.0001279334400937,25001,0,1.98448941699462,0.0012295722835878,-86472.7674518617,0.9215528631975838
benchmark_suite,central,Halpern,central|Halpern,386,0.0001164135686561,25001,0,2.015227666008286,0.0011215009708909,-87497.23840993115,0.8967217662991704
benchmark_suite,central,Halpern,central|Halpern,387,0.0001164368763815,25001,0,1.960935915994924,0.0011217196598447,-87495.06503502726,0.8967788222327033
benchmark_suite,central,Halpern,central|Halpern,388,0.0001493978544706,25001,0,1.9642521670029964,0.0014308239724044,-84788.83131026823,0.9533712978277592
benchmark_suite,central,Halpern,central|Halpern,389,0.0001248087618862,25001,0,2.00696941599017,0.0012002631477975,-86741.23169288647,0.9154483052446432
benchmark_suite,central,Halpern,central|Halpern,390,0.0001570317340077,25001,0,1.9771339999861084,0.0015023704847138,-84247.77859101977,0.9613162089370932
benchmark_suite,central,Halpern,central|Halpern,391,0.0001584347306812,25001,0,2.0078636670077685,0.0015155184171677,-84151.20888008639,0.962624654552162
benchmark_suite,central,Halpern,central|Halpern,392,0.0001188627622346,25001,0,2.0855700419924688,0.0011444813036659,-87271.19203436168,0.902557133999442
benchmark_suite,central,Halpern,central|Halpern,393,0.0001124445809472,25001,0,2.004413542017573,0.0010842563566577,-87873.85049729963,0.8865590044181505
benchmark_suite,central,Halpern,central|Halpern,394,0.0001040085316995,25001,0,2.0892728329927195,0.0010050751543724,-88720.55677075557,0.8617639964610904
benchmark_suite,central,Halpern,central|Halpern,395,0.0001319289450882,25001,0,1.9852907919848803,0.0012670449918054,-86138.88084898591,0.9287447064572356
benchmark_suite,central,Halpern,central|Halpern,396,0.0001094059714059,25001,0,1.978672583005391,0.0010557386800216,-88171.2766462336,0.8781507916553123
benchmark_suite,central,Halpern,central|Halpern,397,0.0001433398392194,25001,0,2.0888009580085054,0.001374037092507,-85238.24800320284,0.9459522773479409
benchmark_suite,central,Halpern,central|Halpern,398,0.0001210896689184,25001,0,1.950358709000284,0.0011653742127008,-87069.6681930162,0.9075901808690952
benchmark_suite,central,Halpern,central|Halpern,399,0.0001366064063132,25001,0,1.9710330410161987,0.001310907095855,-85760.62204569658,0.9363583845055492
benchmark_suite,central,Halpern,central|Halpern,400,0.0001297024854703,25001,0,2.066909667017171,0.0012461643045063,-86323.66799734128,0.9248192294600548
benchmark_suite,central,Halpern,central|Halpern,401,0.0001170920161369,25001,0,2.00608866699622,0.0011278669228015,-87434.14888194425,0.8983705179745877
benchmark_suite,central,Halpern,central|Halpern,402,0.0001506102680793,25001,0,2.0319746659952216,0.0014421878536134,-84701.07960878787,0.9547319696592343
benchmark_suite,central,Halpern,central|Halpern,403,0.0001585437752841,25001,0,1.968907208996825,0.0015165403047758,-84143.73900521676,0.9627245138554564
benchmark_suite,central,Halpern,central|Halpern,404,0.0001204889188488,25001,0,1.9673716250108555,0.0011597381282471,-87123.66558682671,0.9062573169780572
benchmark_suite,central,Halpern,central|Halpern,405,0.0001091446758194,25001,0,1.979853875003755,0.001053286255353,-88197.23731114622,0.8774011447903564
benchmark_suite,central,Halpern,central|Halpern,406,0.0001043055908239,25001,0,2.056626375007909,0.0010078638067555,-88689.5923657328,0.8627166331075964
benchmark_suite,central,Halpern,central|Halpern,407,0.0001112916703966,25001,0,2.000831833021948,0.0010734365328752,-87985.74300712788,0.883434952450571
benchmark_suite,central,Halpern,central|Halpern,408,0.0001095259594263,25001,0,2.020854916976532,0.0010568648521484,-88159.37599318246,0.8784935996793684
benchmark_suite,central,Halpern,central|Halpern,409,0.0001156639419343,25001,0,2.0547539170074742,0.0011144669484622,-87567.3760297588,0.8948706356493878
benchmark_suite,central,Halpern,central|Halpern,410,0.0001517067819223,25001,0,2.06277499999851,0.0014524651197554,-84622.32269593017,0.9559291154234576
benchmark_suite,central,Halpern,central|Halpern,411,0.0001540735015909,25001,0,1.9765235829981973,0.001474646703286,-84454.25619000391,0.958408500516716
benchmark_suite,central,Halpern,central|Halpern,412,0.0001230592636454,25001,0,1.950347916019382,0.0011838516272583,-86894.49461796824,0.911834655932082
benchmark_suite,central,Halpern,central|Halpern,413,0.0001222904444877,25001,0,1.9790667920024128,0.0011766392356328,-86962.53665169749,0.910200440878146
benchmark_suite,central,Halpern,central|Halpern,414,0.0001257612522788,25001,0,2.0612500830029603,0.0012091977470678,-86658.69054782964,0.917355751710782
benchmark_suite,central,Halpern,central|Halpern,415,0.0001381695882044,25001,0,1.9752448340004776,0.001325564051015,-85637.09236774649,0.9387228604683844
benchmark_suite,central,Halpern,central|Halpern,416,0.0001224097622828,25001,0,1.99094012498972,0.0011777585852286,-86951.94878343,0.9104559443793064
benchmark_suite,central,Halpern,central|Halpern,417,0.0001193722098922,25001,0,2.0417543329822365,0.0011492611159402,-87224.7583839529,0.9037310060347165
benchmark_suite,central,Halpern,central|Halpern,418,0.0001657777064924,25001,0,1.9576952920178885,0.0015843266299313,-83659.337892254,0.9687953010276136
benchmark_suite,central,Halpern,central|Halpern,419,0.0001422780036721,25001,0,2.0664874999783933,0.0013640826002873,-85318.97338042237,0.9445385802603556
benchmark_suite,central,Halpern,central|Halpern,420,0.0001594753137855,25001,0,1.9725680830015333,0.0015252698358532,-84080.13518853323,0.963566974093137
benchmark_suite,central,Halpern,central|Halpern,421,0.0001091122791959,25001,0,1.968671250011539,0.0010529821957078,-88200.46031121019,0.8773079018016781
benchmark_suite,central,Halpern,central|Halpern,422,0.0001348722496527,25001,0,2.047922917001415,0.0012946461323552,-85899.32792802597,0.9336320480708252
benchmark_suite,central,Halpern,central|Halpern,423,0.0001257222687568,25001,0,1.9699331670126408,0.0012088320779407,-86662.05650228795,0.9172784982753098
benchmark_suite,central,Halpern,central|Halpern,424,0.0001111986251583,25001,0,2.043585500010522,0.0010725633191304,-87994.82357503826,0.8831793416142709
benchmark_suite,central,Halpern,central|Halpern,425,0.0001080430885098,25001,0,2.06723454099847,0.0010429468479644,-88307.37222689757,0.8741930923726409
benchmark_suite,central,Halpern,central|Halpern,426,0.0001073823870613,25001,0,2.058209374983562,0.0010367453590834,-88373.96804193394,0.8722315919271623
benchmark_suite,central,Halpern,central|Halpern,427,0.0001620413026525,25001,0,1.9753896670008544,0.0015493152287309,-83906.83656204853,0.9657921221710932
benchmark_suite,central,Halpern,central|Halpern,428,0.0001288958986828,25001,0,2.0875771249993704,0.0012385993902432,-86391.39521909252,0.9233464796432146
benchmark_suite,central,Halpern,central|Halpern,429,0.0001030541921252,25001,0,1.973463249974884,0.0009961160440941,-88820.63550386872,0.858661984800485
benchmark_suite,central,Halpern,central|Halpern,430,0.000136818299259,25001,0,2.0610295000078622,0.0013128939131375,-85743.7948221642,0.9366839898226844
benchmark_suite,central,Halpern,central|Halpern,431,0.0001475406778017,25001,0,1.98836966601084,0.0014134160832317,-84924.64005829314,0.9512092801096972
benchmark_suite,central,Halpern,central|Halpern,432,0.0001282815790376,25001,0,2.0244626659841742,0.0012328375809078,-86443.2632404961,0.9222062456882236
benchmark_suite,central,Halpern,central|Halpern,433,0.0001289209214254,25001,0,2.07742737501394,0.0012388340727957,-86389.28781747658,0.9233925809786808
benchmark_suite,central,Halpern,central|Halpern,434,0.0001336073012415,25001,0,1.9857888749975243,0.0012827842843508,-86001.63395081408,0.9315725798026502
benchmark_suite,central,Halpern,central|Halpern,435,0.0001181114069467,25001,0,1.980380708992016,0.0011374316972406,-87340.03860916045,0.9008010542179692
benchmark_suite,central,Halpern,central|Halpern,436,0.000119207320648,25001,0,2.074301208020188,0.0011477140814547,-87239.7654712763,0.9033525452167968
benchmark_suite,central,Halpern,central|Halpern,437,0.0001428893192217,25001,0,1.9736744170077145,0.0013698136020737,-85272.42518226964,0.94535679874069
benchmark_suite,central,Halpern,central|Halpern,438,0.0001346823283378,25001,0,2.0692255000176374,0.0012928652005839,-85914.62700637968,0.933326697906368
benchmark_suite,central,Halpern,central|Halpern,439,0.0001262241698055,25001,0,2.007629874977283,0.0012135399226954,-86618.80039052681,0.9182678516923828
benchmark_suite,central,Halpern,central|Halpern,440,0.0001038245717256,25001,0,2.0082517499977257,0.0010033482030684,-88739.77653454941,0.8611709904864872
benchmark_suite,central,Halpern,central|Halpern,441,0.0001257845225558,25001,0,2.0344352499814704,0.0012094160184781,-86656.68187252509,0.917401832171188
benchmark_suite,central,Halpern,central|Halpern,442,0.0001433000998577,25001,0,2.0032805840019137,0.0013736645523746,-85241.25835450318,0.9459000065386524
benchmark_suite,central,Halpern,central|Halpern,443,0.0001199323769574,25001,0,1.993277166999178,0.0011545166759281,-87173.93027713438,0.9050062396113856
benchmark_suite,central,Halpern,central|Halpern,444,0.0001056173134472,25001,0,2.0146776659821626,0.0010201772226615,-88553.90949497107,0.8668508654690884
benchmark_suite,central,Halpern,central|Halpern,445,0.000102332266061,25001,0,1.9571962500049267,0.0009893385482877,-88896.95930742858,0.856272821423038
benchmark_suite,central,Halpern,central|Halpern,446,0.0001384681019919,25001,0,2.0952285829989705,0.0013283629463204,-85613.66140956274,0.9391646202174864
benchmark_suite,central,Halpern,central|Halpern,447,0.0001341747188541,25001,0,2.045925709011499,0.0012881052203911,-85955.62322741942,0.9325039120114046
benchmark_suite,central,Halpern,central|Halpern,448,0.0001055098938867,25001,0,2.0022419999877457,0.0010191688741883,-88564.9573358087,0.8665166973728599
benchmark_suite,central,Halpern,central|Halpern,449,0.0001077025233081,25001,0,2.0244561250146944,0.0010397502485969,-88341.64868128285,0.8731855509968025
benchmark_suite,central,Halpern,central|Halpern,450,0.0001030983721509,25001,0,1.979839167004684,0.0009965307991229,-88815.98210144675,0.8588069963776943
benchmark_suite,central,Halpern,central|Halpern,451,0.0001085920830714,25001,0,1.947673167014728,0.0010480997185821,-88252.3449869412,0.8758015515092948
benchmark_suite,central,Halpern,central|Halpern,452,0.0001026998190826,25001,0,2.004986165993614,0.0009927891903286,-88858.0336371256,0.8574938328901448
benchmark_suite,central,Halpern,central|Halpern,453,0.0001202129750187,25001,0,1.954012458998477,0.001157149244846,-87148.55869986626,0.9056389792081138
benchmark_suite,central,Halpern,central|Halpern,454,0.0001226991019384,25001,0,2.029480249999324,0.0011804729358385,-86926.31649575244,0.9110726539786372
benchmark_suite,central,Halpern,central|Halpern,455,0.0001669522626953,25001,0,2.007444624992786,0.0015953322678225,-83582.68681829996,0.9696846193038388
benchmark_suite,central,Halpern,central|Halpern,456,0.000120243280156,25001,0,1.9940561670227908,0.0011574335681555,-87145.82204187996,0.9057070767054892
benchmark_suite,central,Halpern,central|Halpern,457,0.0001477059470574,25001,0,1.991936040984001,0.0014149652426771,-84912.48536090845,0.951405574921894
benchmark_suite,central,Halpern,central|Halpern,458,0.0001137109162496,25001,0,1.9933392079838088,0.0010961401136566,-87752.26449841939,0.8898996338734422
benchmark_suite,central,Halpern,central|Halpern,459,0.0001172829891769,25001,0,2.0183601250173524,0.0011296588050998,-87416.45614456627,0.8988301030103131
benchmark_suite,central,Halpern,central|Halpern,460,0.0001466793331401,25001,0,2.0321610829851124,0.0014053421450885,-84988.20847833113,0.9501736626991278
benchmark_suite,central,Halpern,central|Halpern,461,0.000120896534154,25001,0,1.9304323749965988,0.0011635622842726,-87086.99851115257,0.9071636579158692
benchmark_suite,central,Halpern,central|Halpern,462,0.0001199114134044,25001,0,2.05961045800359,0.0011543200000092,-87175.82812797971,0.904958807187481
benchmark_suite,central,Halpern,central|Halpern,463,0.0001127602009878,25001,0,2.004674791998696,0.0010872182898738,-87843.4190311972,0.8874004227115955
benchmark_suite,central,Halpern,central|Halpern,464,0.0001214469538605,25001,0,2.0009097089932766,0.0011687261213965,-87037.68104976934,0.9083743076412916
benchmark_suite,central,Halpern,central|Halpern,465,0.0001076342797203,25001,0,1.9438640410080552,0.0010391096915515,-88348.53021897576,0.872982751570853
benchmark_suite,central,Halpern,central|Halpern,466,0.0001136856101992,25001,0,1.960588749992894,0.0010959026388647,-87754.68093751516,0.8898337924057537
benchmark_suite,central,Halpern,central|Halpern,467,0.0001301573345785,25001,0,2.052657916006865,0.0012504302048411,-86285.66085937961,0.9256377112904044
benchmark_suite,central,Halpern,central|Halpern,468,0.0001549779864645,25001,0,2.0617558330122847,0.0014831234763599,-84390.7075473448,0.9593195396094204
benchmark_suite,central,Halpern,central|Halpern,469,0.0001633363687503,25001,0,1.9512030000041705,0.0015614506676088,-83820.41123009201,0.96686390803187
benchmark_suite,central,Halpern,central|Halpern,470,0.0001056806109677,25001,0,2.049414291017456,0.0010207714046116,-88547.40465516201,0.8670474149083179
benchmark_suite,central,Halpern,central|Halpern,471,0.0001019698578198,25001,0,1.9537895410030608,0.0009859361466199,-88935.47733433059,0.8550594548272963
benchmark_suite,central,Halpern,central|Halpern,472,0.0001222009914348,25001,0,1.991118000005372,0.0011758000572982,-86970.48114270567,0.9100084346433832
benchmark_suite,central,Halpern,central|Halpern,473,0.0001186353530978,25001,0,1.9286341660190367,0.0011423476584895,-87291.98341190195,0.9020287668232048
benchmark_suite,central,Halpern,central|Halpern,474,0.0001170511507714,25001,0,1.974173458002042,0.0011274834754269,-87437.93870786551,0.8982719148009051
benchmark_suite,central,Halpern,central|Halpern,475,0.0001336616150325,25001,0,2.047200333006913,0.0012832936080994,-85997.22136126863,0.9316622606209988
benchmark_suite,central,Halpern,central|Halpern,476,0.0001196981219164,25001,0,1.9600414999877105,0.0011523188788862,-87195.15701876076,0.9044749170313826
benchmark_suite,central,Halpern,central|Halpern,477,0.0001334746158275,25001,0,2.0371753750077914,0.0012815400167462,-86012.42133276525,0.931353014411376
benchmark_suite,central,Halpern,central|Halpern,478,0.000115178228257,25001,0,2.1229305829911027,0.0011099092249253,-87613.064081216,0.893654529192653
benchmark_suite,central,Halpern,central|Halpern,479,0.0001274413009335,25001,0,1.9932402500126043,0.001224956282481,-86514.61285071561,0.9206202342023664
benchmark_suite,central,Halpern,central|Halpern,480,0.0001302312554772,25001,0,1.9867417499772275,0.0012511234848775,-86279.49655829779,0.9257699177148084
benchmark_suite,central,Halpern,central|Halpern,481,0.0001337929416553,25001,0,2.019675042014569,0.0012845251349383,-85986.55924772345,0.931878638083045
benchmark_suite,central,Halpern,central|Halpern,482,0.0001095979604992,25001,0,1.9712688750005327,0.0010575406294772,-88152.24105074788,0.8786988744991389
benchmark_suite,central,Halpern,central|Halpern,483,0.0001139822381442,25001,0,2.0914487080008257,0.0010986862193345,-87726.3900466122,0.8906032373788654
benchmark_suite,central,Halpern,central|Halpern,484,0.0001558939342607,25001,0,2.02940108301118,0.0014917075220316,-84326.73030265464,0.96022220393808
benchmark_suite,central,Halpern,central|Halpern,485,0.0001170880413706,25001,0,2.0386050420056563,0.0011278296321946,-87434.51738814458,0.8983609326920516
benchmark_suite,central,Halpern,central|Halpern,486,0.0001660676030854,25001,0,2.1023883750021923,0.0015870429905224,-83640.36897342824,0.969017155344974
benchmark_suite,central,Halpern,central|Halpern,487,0.0001103052234141,25001,0,1.935344208002789,0.0010641785931688,-88082.40370573364,0.8806980807606213
benchmark_suite,central,Halpern,central|Halpern,488,0.0001020951968596,25001,0,1.97597025000141,0.0009871128762573,-88922.14037551438,0.8554801632306949
benchmark_suite,central,Halpern,central|Halpern,489,0.0001459403963638,25001,0,1.9675806669984013,0.0013984154662486,-85043.04121384639,0.949268174508792
benchmark_suite,central,Halpern,central|Halpern,490,0.0001140440684848,25001,0,1.9388372499961408,0.0010992664321925,-87720.50229424273,0.8907629835492805
benchmark_suite,central,Halpern,central|Halpern,491,0.0001613516131598,25001,0,2.057880375010427,0.0015428523885929,-83953.14475249921,0.9652075142640192
benchmark_suite,central,Halpern,central|Halpern,492,0.0001403721874423,25001,0,1.91882787499344,0.0013462151800944,-85465.38454349412,0.9419106356360104
benchmark_suite,central,Halpern,central|Halpern,493,0.0001400788299369,25001,0,2.021656167024048,0.0013434648064522,-85488.09758642963,0.9414955380131173
benchmark_suite,central,Halpern,central|Halpern,494,0.0001443375485294,25001,0,2.0027185000071768,0.0013833901165852,-85162.94099110005,0.947248634605368
benchmark_suite,central,Halpern,central|Halpern,495,0.0001481150310996,25001,0,2.060998291999568,0.0014187997662876,-84882.45787710315,0.9518881467746644
benchmark_suite,central,Halpern,central|Halpern,496,0.00011423664207,25001,0,1.999417167011416,0.0011010735521965,-87702.18476071235,0.891259120964674
benchmark_suite,central,Halpern,central|Halpern,497,0.0001307216762557,25001,0,1.996932874986669,0.0012557229161959,-86238.68869812177,0.9266413174646428
benchmark_suite,central,Halpern,central|Halpern,498,0.0001567187347398,25001,0,1.9812938749964808,0.0014994372188952,-84269.44035057133,0.9610182327882448
benchmark_suite,central,Halpern,central|Halpern,499,0.0001229100400771,25001,0,2.0329064579855185,0.001182451758361,-86907.66788236976,0.9115196985696702
benchmark_suite,central,Halpern,central|Halpern,500,0.0001490756581286,25001,0,1.920413042011205,0.0014278039875794,-84812.27091475551,0.9530030378424076
benchmark_suite,central,Mann,central|Mann,1,0.0001075414934258,25001,0,2.04427625000244,0.0010296215425852,-88359.22245997147,0.9642339742523388
benchmark_suite,central,Mann,central|Mann,2,0.0001052932835813,25001,0,1.97101200002362,0.0010073288978963,-88588.60625752519,0.888344369093404
benchmark_suite,central,Mann,central|Mann,3,0.0001050830668731,25001,0,1.9723206250055227,0.0010052476096898,-88610.30445432627,0.881164742967786
benchmark_suite,central,Mann,central|Mann,4,0.0001059860988233,25001,0,1.9559987499960696,0.0010141920106668,-88517.40071943487,0.9131185271475916
benchmark_suite,central,Mann,central|Mann,5,0.0001069611743888,25001,0,1.9903046250110488,0.0010238612357594,-88417.9697357947,0.9476443079253278
benchmark_suite,central,Mann,central|Mann,6,0.0001054427118821,25001,0,2.111125958006596,0.0010088086536213,-88573.20896526432,0.8935567292462726
benchmark_suite,central,Mann,central|Mann,7,0.0001073055762129,25001,0,1.9936392910021823,0.001027279304459,-88383.06653585292,0.9580356864328584
benchmark_suite,central,Mann,central|Mann,8,0.0001077256607509,25001,0,2.040746250015218,0.001031450515244,-88340.64477021691,0.9685190245645344
benchmark_suite,central,Mann,central|Mann,9,0.0001052539045442,25001,0,2.0284482919960283,0.0010069389905411,-88592.6674635945,0.8869855231377914
benchmark_suite,central,Mann,central|Mann,10,0.0001049818331312,25001,0,2.008988291985588,0.0010042455322559,-88620.76894802973,0.8777741626932127
benchmark_suite,central,Mann,central|Mann,11,0.0001059477422639,25001,0,2.083640333992662,0.0010138118974776,-88521.33065927378,0.9117159431880294
benchmark_suite,central,Mann,central|Mann,12,0.0001075240140299,25001,0,2.0072140409902204,0.0010294479947611,-88360.98714241231,0.963802042548837
benchmark_suite,central,Mann,central|Mann,13,0.0001071377282376,25001,0,1.9861019169911744,0.0010256132815565,-88400.06301013162,0.9531572127380916
benchmark_suite,central,Mann,central|Mann,14,0.0001055010357129,25001,0,1.9991356669925155,0.0010093863088535,-88567.2049761436,0.8956141920195074
benchmark_suite,central,Mann,central|Mann,15,0.00010698975414,25001,0,2.094187582988525,0.0010241448174276,-88415.06912358262,0.9485611117595172
benchmark_suite,central,Mann,central|Mann,16,0.0001057282550781,25001,0,2.110402541991789,0.001011637092126,-88543.84666338426,0.9037386185350575
benchmark_suite,central,Mann,central|Mann,17,0.0001048166574278,25001,0,1.9940372919954823,0.001002610755897,-88637.86502820572,0.8723372678120841
benchmark_suite,central,Mann,central|Mann,18,0.0001066486172754,25001,0,1.9921847909863573,0.0010207605207778,-88449.74287104743,0.9371070686691484
benchmark_suite,central,Mann,central|Mann,19,0.0001074287721263,25001,0,2.049616624979535,0.0010285023389681,-88370.60856902922,0.9613711917366644
benchmark_suite,central,Mann,central|Mann,20,0.0001058259611536,25001,0,1.9479442079900764,0.0010126051557147,-88533.81767231919,0.9072774770210624
benchmark_suite,central,Mann,central|Mann,21,0.0001062866099282,25001,0,1.9938277500041293,0.0010171707518547,-88486.65951269481,0.9241205942420608
benchmark_suite,central,Mann,central|Mann,22,0.0001049524400289,25001,0,1.9510883330076467,0.0010039545965318,-88623.80926282717,0.8767979821592596
benchmark_suite,central,Mann,central|Mann,23,0.0001064006330698,25001,0,2.058006249979371,0.0010183012673219,-88475.01811383164,0.928265736910226
benchmark_suite,central,Mann,central|Mann,24,0.0001056455463423,25001,0,2.055225749994861,0.001010817720047,-88552.34342149994,0.9007626395403964
benchmark_suite,central,Mann,central|Mann,25,0.0001042186872535,25001,0,2.0007442090136465,0.0009966952622815,-88699.98231017787,0.8536363208939048
benchmark_suite,central,Mann,central|Mann,26,0.0001050747369437,25001,0,1.958918457996333,0.0010051651547427,-88611.16508568908,0.8808841045875375
benchmark_suite,central,Mann,central|Mann,27,0.0001053446988266,25001,0,2.032116040994879,0.0010078380189699,-88583.30592193107,0.890127981286691
benchmark_suite,central,Mann,central|Mann,28,0.0001072548690963,25001,0,1.9533524170110468,0.0010267759630932,-88388.19834969543,0.9566015398545468
benchmark_suite,central,Mann,central|Mann,29,0.0001059701711692,25001,0,1.990996583015658,0.0010140341717744,-88519.03239985027,0.9125359155537168
benchmark_suite,central,Mann,central|Mann,30,0.0001057229730829,25001,0,1.9335903329774733,0.0010115847798713,-88544.38890848169,0.9035480546447004
benchmark_suite,central,Mann,central|Mann,31,0.0001044753555872,25001,0,2.0399382500036154,0.0009992338578043,-88673.27607888448,0.8614777497388941
benchmark_suite,central,Mann,central|Mann,32,0.000106179597714,25001,0,2.009855958982371,0.0010161098959593,-88497.5964668807,0.9202075132729506
benchmark_suite,central,Mann,central|Mann,33,0.0001061677189357,25001,0,1.964068959001452,0.0010159921395062,-88498.81125327818,0.9197723747400184
benchmark_suite,central,Mann,central|Mann,34,0.0001072037776004,25001,0,2.0708437920256983,0.0010262688294036,-88393.37161790057,0.9551213928210912
benchmark_suite,central,Mann,central|Mann,35,0.0001058174651789,25001,0,2.0487596249731723,0.0010125209763275,-88534.6893424025,0.9069688827304304
benchmark_suite,central,Mann,central|Mann,36,0.0001056229959475,25001,0,1.9392608749913047,0.001010594336025,-88554.66118189544,0.8999547589496318
benchmark_suite,central,Mann,central|Mann,37,0.0001064658403901,25001,0,1.97618350002449,0.0010189478432964,-88468.36639602005,0.930618239101408
benchmark_suite,central,Mann,central|Mann,38,0.0001051275707259,25001,0,1.986450958007481,0.0010056881930202,-88605.70712803164,0.882669253995175
benchmark_suite,central,Mann,central|Mann,39,0.0001060751151015,25001,0,1.9483483329822773,0.0010150742383115,-88508.28568232016,0.9163786412824352
benchmark_suite,central,Mann,central|Mann,40,0.0001065693023604,25001,0,2.028524499997729,0.001019973872808,-88457.82047921082,0.9343135009717388
benchmark_suite,central,Mann,central|Mann,41,0.0001068198633873,25001,0,1.986013624991756,0.0010224592209596,-88432.32316750281,0.9429872953499836
benchmark_suite,central,Mann,central|Mann,42,0.0001057544595329,25001,0,2.0704858750104904,0.0010118967168226,-88541.15596303072,0.9046854503871388
benchmark_suite,central,Mann,central|Mann,43,0.0001043853048033,25001,0,2.0696766250184737,0.0009983431111181,-88682.63839342477,0.8586954476715792
benchmark_suite,central,Mann,central|Mann,44,0.0001051562835194,25001,0,2.01922329099034,0.0010059724508039,-88602.7421664076,0.8836443619035507
benchmark_suite,central,Mann,central|Mann,45,0.0001060406646332,25001,0,1.9660225000116045,0.001014732801414,-88511.81232758016,0.9151163692978116
benchmark_suite,central,Mann,central|Mann,46,0.0001045110210377,25001,0,2.018814958020812,0.0009995866841926,-88669.57015894525,0.862589198729847
benchmark_suite,central,Mann,central|Mann,47,0.0001067708160016,25001,0,1.9382078750059009,0.0010219726522386,-88437.30955749452,0.9413270503127223
benchmark_suite,central,Mann,central|Mann,48,0.0001062544996086,25001,0,1.995758416014724,0.0010168524027658,-88489.94024126587,0.9229480342394152
benchmark_suite,central,Mann,central|Mann,49,0.0001062463576576,25001,0,2.0670802500098944,0.0010167716934477,-88490.77216497052,0.9226504890837568
benchmark_suite,central,Mann,central|Mann,50,0.0001070556210157,25001,0,2.1291251249786,0.0010247984426088,-88408.38687333783,0.950639110545529
benchmark_suite,central,Mann,central|Mann,51,0.0001053223348984,25001,0,2.047337083000457,0.0010076165732388,-88585.61098072954,0.8893509051958093
benchmark_suite,central,Mann,central|Mann,52,0.0001061859443687,25001,0,1.993131875002291,0.0010161728068702,-88496.94753569338,0.920439940811948
benchmark_suite,central,Mann,central|Mann,53,0.000106653599434,25001,0,1.935734999977285,0.001020809928737,-88449.23575851604,0.9372812000985604
benchmark_suite,central,Mann,central|Mann,54,0.0001060091626511,25001,0,1.9477701249998065,0.001014420595924,-88515.03818175921,0.9139627086107758
benchmark_suite,central,Mann,central|Mann,55,0.0001071977045568,25001,0,1.9639189159788657,0.0010262085497861,-88393.98671602519,0.954943149203782
benchmark_suite,central,Mann,central|Mann,56,0.0001042827336397,25001,0,1.96232299998519,0.0009973286349742,-88693.31225751663,0.8555674876053141
benchmark_suite,central,Mann,central|Mann,57,0.0001058489025432,25001,0,2.063652499986347,0.0010128324644953,-88531.46430519296,0.908111513100525
benchmark_suite,central,Mann,central|Mann,58,0.0001072343964909,25001,0,2.057507749996148,0.0010265727520477,-88390.2709686039,0.9560126321144616
benchmark_suite,central,Mann,central|Mann,59,0.0001070273742007,25001,0,2.0416848750028294,0.0010245181383701,-88411.25195479866,0.9497541019783444
benchmark_suite,central,Mann,central|Mann,60,0.0001043220003682,25001,0,1.9373177500092424,0.0009977169965246,-88689.22469648022,0.8567598400165786
benchmark_suite,central,Mann,central|Mann,61,0.0001068337460071,25001,0,2.018599750008434,0.00102259693079,-88430.91237902972,0.9434533059575796
benchmark_suite,central,Mann,central|Mann,62,0.0001067507164919,25001,0,1.926851541007636,0.0010217732670625,-88439.35362086122,0.9406408125873668
benchmark_suite,central,Mann,central|Mann,63,0.0001077523026456,25001,0,1.9636029999819584,0.001031715112446,-88337.9601312518,0.9690989323352602
benchmark_suite,central,Mann,central|Mann,64,0.0001060242928127,25001,0,2.0060309580003377,0.0010145705492224,-88513.48865847872,0.9145167328319824
benchmark_suite,central,Mann,central|Mann,65,0.0001060080252884,25001,0,2.037637375004124,0.0010144093217297,-88515.15469223089,0.913921061465608
benchmark_suite,central,Mann,central|Mann,66,0.0001065673437866,25001,0,2.069195874995785,0.0010199544432128,-88458.02007551567,0.9342440304628716
benchmark_suite,central,Mann,central|Mann,67,0.0001046939657223,25001,0,2.043695791013306,0.0010013966711612,-88650.58127597715,0.8683756183760889
benchmark_suite,central,Mann,central|Mann,68,0.0001071109542092,25001,0,1.961992291995557,0.0010253475590129,-88402.77666182793,0.9523451783579792
benchmark_suite,central,Mann,central|Mann,69,0.000106035456834,25001,0,1.951228916994296,0.0010146811806874,-88512.34562255794,0.9149255769693836
benchmark_suite,central,Mann,central|Mann,70,0.0001066699329529,25001,0,1.9425310410151724,0.0010209719392355,-88447.57310516518,0.9378510010461572
benchmark_suite,central,Mann,central|Mann,71,0.000106037638822,25001,0,2.039903541008244,0.0010147028106751,-88512.12215926572,0.915005520469244
benchmark_suite,central,Mann,central|Mann,72,0.0001042433179263,25001,0,1.958369500003755,0.000996938823458,-88697.41682019051,0.8543769842797668
benchmark_suite,central,Mann,central|Mann,73,0.0001053096783821,25001,0,2.0701497079862747,0.0010074912432484,-88586.91580234659,0.8889119814070705
benchmark_suite,central,Mann,central|Mann,74,0.0001060159698154,25001,0,2.012053125014063,0.0010144880532442,-88514.34108892374,0.9142119186011756
benchmark_suite,central,Mann,central|Mann,75,0.0001047885593147,25001,0,2.042267000011634,0.0010023326985596,-88640.77590261839,0.8714242210510064
benchmark_suite,central,Mann,central|Mann,76,0.0001077163931773,25001,0,1.95321112498641,0.0010313584551146,-88341.57900194835,0.9683149128388776
benchmark_suite,central,Mann,central|Mann,77,0.00010611270579,25001,0,2.0256614169920795,0.0010154468366441,-88504.43865385788,0.9177564156551566
benchmark_suite,central,Mann,central|Mann,78,0.0001073816943483,25001,0,1.961356333020376,0.0010280349332543,-88375.36769757918,0.9601217493610982
benchmark_suite,central,Mann,central|Mann,79,0.0001044901107112,25001,0,1.9220650830247905,0.00099937981049,-88671.74288876756,0.8619368714322783
benchmark_suite,central,Mann,central|Mann,80,0.0001042885569914,25001,0,2.0027532080130186,0.0009973862391867,-88692.70585578505,0.8557439479505935
benchmark_suite,central,Mann,central|Mann,81,0.0001049956267537,25001,0,2.0435278750082944,0.0010043820606795,-88619.34253997005,0.8782335367930711
benchmark_suite,central,Mann,central|Mann,82,0.0001071357427493,25001,0,2.040911791991676,0.0010255935806851,-88400.26417602855,0.9530973172550442
benchmark_suite,central,Mann,central|Mann,83,0.0001043884487036,25001,0,2.050614374980796,0.000998374205642,-88682.31141774659,0.858792005666315
benchmark_suite,central,Mann,central|Mann,84,0.0001073180738982,25001,0,1.9692349169927184,0.0010274033557792,-88381.80219445426,0.9583837063419854
benchmark_suite,central,Mann,central|Mann,85,0.0001058599592094,25001,0,2.0355124170018826,0.0010129420333551,-88530.33012635473,0.9085139110759552
benchmark_suite,central,Mann,central|Mann,86,0.0001048678998205,25001,0,1.9660844580212145,0.0010031178711838,-88632.55849753928,0.8740112339471136
benchmark_suite,central,Mann,central|Mann,87,0.0001068742819116,25001,0,1.965901583986124,0.0010229991068843,-88426.79341783986,0.9448039756687792
benchmark_suite,central,Mann,central|Mann,88,0.0001066014699104,25001,0,2.046625832997961,0.0010202928944708,-88454.54381934721,0.935451031354836
benchmark_suite,central,Mann,central|Mann,89,0.0001068268163548,25001,0,2.0562566670123488,0.0010225281824073,-88431.61665590727,0.9432208809361896
benchmark_suite,central,Mann,central|Mann,90,0.0001065315955735,25001,0,2.09842158399988,0.0010195999250115,-88461.66271065644,0.9329728233169824
benchmark_suite,central,Mann,central|Mann,91,0.0001073606523518,25001,0,2.051146999991033,0.0010278260499283,-88377.4953167537,0.9595532132888688
benchmark_suite,central,Mann,central|Mann,92,0.0001045058963656,25001,0,1.9445097499992696,0.0009995359836875,-88670.10260569671,0.8624291564747095
benchmark_suite,central,Mann,central|Mann,93,0.0001060873182048,25001,0,1.9738033750036263,0.0010151952058707,-88507.03653908052,0.916825936022398
benchmark_suite,central,Mann,central|Mann,94,0.0001068924408828,25001,0,1.9880261670041364,0.0010231792632242,-88424.94888856442,0.9454038704140376
benchmark_suite,central,Mann,central|Mann,95,0.0001073737929675,25001,0,1.9724908750213217,0.0010279564947,-88376.16659189916,0.9599089891073084
benchmark_suite,central,Mann,central|Mann,96,0.0001067037495013,25001,0,2.0108246250019874,0.0010213073685733,-88444.13163715371,0.9390247498177692
benchmark_suite,central,Mann,central|Mann,97,0.0001057333058048,25001,0,2.093519458983792,0.0010116871473303,-88543.32784227995,0.9039210288401126
benchmark_suite,central,Mann,central|Mann,98,0.0001071224485636,25001,0,2.080363916000352,0.0010254616446138,-88401.61148545708,0.9526949187698824
benchmark_suite,central,Mann,central|Mann,99,0.0001061569181322,25001,0,2.1033809170185123,0.0010158850751285,-88499.91587280306,0.9193766659397145
benchmark_suite,central,Mann,central|Mann,100,0.0001062569863738,25001,0,1.987715000024764,0.0010168770526744,-88489.68617256789,0.923038888739062
benchmark_suite,central,Mann,central|Mann,101,0.0001054960159615,25001,0,2.01902274999884,0.0010093365846452,-88567.72164825759,0.8954366082809592
benchmark_suite,central,Mann,central|Mann,102,0.0001062232052771,25001,0,2.013305500004208,0.0010165421755327,-88493.1383504458,0.9218038251274024
benchmark_suite,central,Mann,central|Mann,103,0.0001050398125174,25001,0,1.952549959009048,0.0010048194343542,-88614.77441228021,0.879710641113672
benchmark_suite,central,Mann,central|Mann,104,0.0001065651455572,25001,0,1.9883812089974529,0.0010199326390689,-88458.24407119377,0.9341660445002232
benchmark_suite,central,Mann,central|Mann,105,0.0001077479977682,25001,0,2.0627093750226777,0.0010316723637582,-88338.39381429597,0.9690059178660184
benchmark_suite,central,Mann,central|Mann,106,0.0001043725006213,25001,0,2.0334700829989742,0.0009982164594773,-88683.97032089371,0.8583025777968217
benchmark_suite,central,Mann,central|Mann,107,0.0001058788793507,25001,0,2.0810812499839813,0.0010131295078876,-88528.38983324589,0.909202949469065
benchmark_suite,central,Mann,central|Mann,108,0.0001063711393802,25001,0,1.973162249982124,0.0010180088145034,-88478.02826956692,0.9271968280733772
benchmark_suite,central,Mann,central|Mann,109,0.0001070846897997,25001,0,1.989792040985776,0.001025086906744,-88405.43928341693,0.9515399896254828
benchmark_suite,central,Mann,central|Mann,110,0.0001059896309938,25001,0,2.003025000012713,0.0010142270118911,-88517.0389272584,0.9132477577356448
benchmark_suite,central,Mann,central|Mann,111,0.0001048463829719,25001,0,1.991452707996359,0.0010029049178884,-88634.7865172142,0.8733069042316239
benchmark_suite,central,Mann,central|Mann,112,0.0001070950777414,25001,0,2.0281687499955297,0.0010251900015498,-88404.38605804116,0.95185947589554
benchmark_suite,central,Mann,central|Mann,113,0.0001047804433164,25001,0,2.070282250002492,0.0010022523891917,-88641.6167938034,0.8711611457671675
benchmark_suite,central,Mann,central|Mann,114,0.0001047490859231,25001,0,2.037663833005354,0.0010019420833418,-88644.86658732135,0.8701473212337257
benchmark_suite,central,Mann,central|Mann,115,0.0001062797908488,25001,0,1.9811961250088643,0.0010171031451561,-88487.35613582694,0.9238717359185667
benchmark_suite,central,Mann,central|Mann,116,0.0001072227029085,25001,0,2.07355295799789,0.0010264566817611,-88391.45501060688,0.955673734143706
benchmark_suite,central,Mann,central|Mann,117,0.0001048055945095,25001,0,2.03072899999097,0.0010025012700632,-88639.01108798246,0.8719773467362639
benchmark_suite,central,Mann,central|Mann,118,0.0001074814672373,25001,0,2.028518083010568,0.0010290255353866,-88365.2841904136,0.9627322071157448
benchmark_suite,central,Mann,central|Mann,119,0.0001066977707796,25001,0,1.997067790973233,0.0010212480723489,-88444.73991961745,0.9388178615324104
benchmark_suite,central,Mann,central|Mann,120,0.0001044355256872,25001,0,1.9855989580100868,0.000998839871721,-88677.41600305874,0.8602429436275666
benchmark_suite,central,Mann,central|Mann,121,0.0001052913012717,25001,0,2.0121665420010686,0.0010073092791089,-88588.81056258432,0.8882758479506185
benchmark_suite,central,Mann,central|Mann,122,0.0001048688568693,25001,0,2.102015125012258,0.0010031273508237,-88632.45932946767,0.8740426337295826
benchmark_suite,central,Mann,central|Mann,123,0.0001044232847787,25001,0,1.9771574579935989,0.0009987187834218,-88678.68873090464,0.8598647665885787
benchmark_suite,central,Mann,central|Mann,124,0.0001068824445857,25001,0,2.044341333006741,0.0010230800867355,-88425.9642624563,0.945074029216051
benchmark_suite,central,Mann,central|Mann,125,0.0001059298112319,25001,0,1.9394432499830143,0.0010136341960446,-88523.16844268545,0.9110608570848068
benchmark_suite,central,Mann,central|Mann,126,0.0001075007650246,25001,0,1.9981398329837248,0.0010292171344847,-88363.33509953094,0.9632206437031816
benchmark_suite,central,Mann,central|Mann,127,0.0001049886561462,25001,0,1.972632999997586,0.0010043130561238,-88620.0634525578,0.8780012567664585
benchmark_suite,central,Mann,central|Mann,128,0.0001058610708953,25001,0,2.046936792001361,0.0010129530359808,-88530.21624220585,0.9085543316646888
benchmark_suite,central,Mann,central|Mann,129,0.0001050730231194,25001,0,2.09616054102662,0.0010051481930802,-88611.34213425197,0.8808264114471598
benchmark_suite,central,Mann,central|Mann,130,0.0001045140294347,25001,0,2.06232245801948,0.0009996164275536,-88669.2578141476,0.8626831387480558
benchmark_suite,central,Mann,central|Mann,131,0.000106271627852,25001,0,2.011567917012144,0.0010170222184776,-88488.19007529673,0.9235737338240432
benchmark_suite,central,Mann,central|Mann,132,0.0001069493720387,25001,0,2.048381040978711,0.0010237441261599,-88419.16784706726,0.9472631038072132
benchmark_suite,central,Mann,central|Mann,133,0.0001059888914684,25001,0,1.99341816699598,0.0010142196834466,-88517.11467739307,0.9132206988632396
benchmark_suite,central,Mann,central|Mann,134,0.0001059636167115,25001,0,1.9729084160062484,0.0010139692074066,-88519.7040576119,0.9122961999968202
benchmark_suite,central,Mann,central|Mann,135,0.0001052333633847,25001,0,1.9508311249956023,0.0010067355992528,-88594.78663182823,0.886279183532116
benchmark_suite,central,Mann,central|Mann,136,0.000104484883007,25001,0,2.021844625007361,0.0009993281074088,-88672.28598673095,0.8617741251531307
benchmark_suite,central,Mann,central|Mann,137,0.0001052140106028,25001,0,2.0489763749938,0.0010065439865989,-88596.78350303721,0.8856153246517625
benchmark_suite,central,Mann,central|Mann,138,0.0001068808989401,25001,0,2.021998707990861,0.0010230647574998,-88426.12121334963,0.9450229590626594
benchmark_suite,central,Mann,central|Mann,139,0.0001061981681903,25001,0,1.9813922499888577,0.0010162939738497,-88495.69781115852,0.9208875010954
benchmark_suite,central,Mann,central|Mann,140,0.0001063361437599,25001,0,2.02023929101415,0.0010176618423364,-88481.60080833054,0.9259253501539632
benchmark_suite,central,Mann,central|Mann,141,0.0001077800834117,25001,0,1.986547125008656,0.001031991047649,-88335.16126044841,0.9696930827546346
benchmark_suite,central,Mann,central|Mann,142,0.0001046229384032,25001,0,2.0367674579902086,0.0010006938995624,-88657.94973325376,0.8661119689837747
benchmark_suite,central,Mann,central|Mann,143,0.0001076710373532,25001,0,2.0139798749878537,0.0010309079945284,-88346.15162216242,0.9672986004991722
benchmark_suite,central,Mann,central|Mann,144,0.0001044453735058,25001,0,2.0837530000135303,0.000998937277382,-88676.39231928889,0.8605476094663604
benchmark_suite,central,Mann,central|Mann,145,0.0001051920874995,25001,0,2.1903048749954905,0.0010063269229823,-88599.0461100057,0.8848651478735241
benchmark_suite,central,Mann,central|Mann,146,0.0001055604043078,25001,0,2.14345579201472,0.0010099743477769,-88561.09691022726,0.897720911492789
benchmark_suite,central,Mann,central|Mann,147,0.0001068692954969,25001,0,2.099218167015352,0.0010229496303491,-88427.30004552321,0.9446386601063056
benchmark_suite,central,Mann,central|Mann,148,0.0001061088805662,25001,0,2.050333374994807,0.0010154089110237,-88504.83016031134,0.9176161752929528
benchmark_suite,central,Mann,central|Mann,149,0.0001051665262352,25001,0,2.085082874982618,0.0010060738602775,-88601.68463187508,0.8839930672503403
benchmark_suite,central,Mann,central|Mann,150,0.0001074507493004,25001,0,2.0020354579901323,0.0010287205247059,-88368.38781166625,0.9619436088606588
benchmark_suite,central,Mann,central|Mann,151,0.0001054983859032,25001,0,2.0507607919862494,0.0010093600696535,-88567.47761801639,0.8955204709670568
benchmark_suite,central,Mann,central|Mann,152,0.000105164735785,25001,0,2.0451533339801244,0.0010060561223182,-88601.86960128696,0.8839320421693503
benchmark_suite,central,Mann,central|Mann,153,0.0001060900830697,25001,0,2.0842984580085613,0.0010152226025013,-88506.75365688285,0.9169272420850116
benchmark_suite,central,Mann,central|Mann,154,0.0001064587241028,25001,0,2.0212582499952987,0.00101887728013,-88469.0920977231,0.9303622973728014
benchmark_suite,central,Mann,central|Mann,155,0.0001070441340056,25001,0,1.95266849998734,0.0010246844499893,-88409.55192547168,0.9502803296860716
benchmark_suite,central,Mann,central|Mann,156,0.0001042347568604,25001,0,2.035979040985694,0.0009968541750628,-88698.30836553127,0.8541192938149792
benchmark_suite,central,Mann,central|Mann,157,0.0001071636481263,25001,0,1.9832244589924808,0.0010258705258113,-88397.43667523301,0.9539346957779744
benchmark_suite,central,Mann,central|Mann,158,0.0001068577302748,25001,0,2.014494499977445,0.0010228348980911,-88428.47497899926,0.944254382096181
benchmark_suite,central,Mann,central|Mann,159,0.0001061928614765,25001,0,1.975741874979576,0.0010162413708156,-88496.24034236238,0.9206932152965862
benchmark_suite,central,Mann,central|Mann,160,0.0001062359013573,25001,0,2.004957333003404,0.0010166680233611,-88491.84086627059,0.9222681528391404
benchmark_suite,central,Mann,central|Mann,161,0.0001066681573295,25001,0,2.0654586250020657,0.0010209543292178,-88447.75381636615,0.9377891544849816
benchmark_suite,central,Mann,central|Mann,162,0.0001050711571111,25001,0,1.9988567079999484,0.0010051297079024,-88611.53508933187,0.8807635504345985
benchmark_suite,central,Mann,central|Mann,163,0.0001043225473795,25001,0,2.0594519169826526,0.000997722402255,-88689.16781278509,0.8567764811873072
benchmark_suite,central,Mann,central|Mann,164,0.0001054831361018,25001,0,1.9962017909856515,0.0010092090295567,-88569.04716959866,0.8949814692273973
benchmark_suite,central,Mann,central|Mann,165,0.0001061960104096,25001,0,1.9642984159872867,0.0010162725824062,-88495.91843225929,0.9208084964157978
benchmark_suite,central,Mann,central|Mann,166,0.0001048467218208,25001,0,1.9826478329778183,0.0010029082886208,-88634.75124685455,0.8733180371519633
benchmark_suite,central,Mann,central|Mann,167,0.0001064265342713,25001,0,1.973654042027192,0.0010185580778287,-88472.37559627977,0.9292020039181133
benchmark_suite,central,Mann,central|Mann,168,0.0001043664968569,25001,0,2.027010040997993,0.0009981570908316,-88684.59473222794,0.8581186509182869
benchmark_suite,central,Mann,central|Mann,169,0.0001068003885123,25001,0,1.984658917004708,0.0010222660197249,-88434.30279636444,0.9423305761766992
benchmark_suite,central,Mann,central|Mann,170,0.0001075797585322,25001,0,2.0615530000068247,0.001030001526244,-88355.35981890486,0.9651643096200888
benchmark_suite,central,Mann,central|Mann,171,0.0001067891318787,25001,0,2.107754042022861,0.0010221543349858,-88435.44735623398,0.9419494198661474
benchmark_suite,central,Mann,central|Mann,172,0.0001074164588932,25001,0,1.9627240409899969,0.0010283800777461,-88371.8532044489,0.961047417329451
benchmark_suite,central,Mann,central|Mann,173,0.0001059697437169,25001,0,2.0437853329931386,0.0010140299280563,-88519.07627323839,0.9125202549362686
benchmark_suite,central,Mann,central|Mann,174,0.0001070510641099,25001,0,1.9735392500006128,0.0010247532208913,-88408.8490415843,0.9504969661554228
benchmark_suite,central,Mann,central|Mann,175,0.0001060338485838,25001,0,2.0187731249898206,0.0010146652434542,-88512.5102767477,0.9148666754206336
benchmark_suite,central,Mann,central|Mann,176,0.0001047704214161,25001,0,2.041155207989505,0.0010021532118898,-88642.65534626174,0.8708366552158663
benchmark_suite,central,Mann,central|Mann,177,0.000105343598554,25001,0,1.9435883330006616,0.0010078271296138,-88583.419257781,0.8900897236395027
benchmark_suite,central,Mann,central|Mann,178,0.0001043952849771,25001,0,2.046977417019661,0.00099844182965,-88681.6003515959,0.8590021400148126
benchmark_suite,central,Mann,central|Mann,179,0.0001074944670803,25001,0,2.114151750021847,0.0010291545975548,-88363.97122874131,0.963061809884541
benchmark_suite,central,Mann,central|Mann,180,0.000106486706807,25001,0,1.9307401249825489,0.0010191547657646,-88466.23863441919,0.9313675403325864
benchmark_suite,central,Mann,central|Mann,181,0.0001062332197137,25001,0,2.0782193340128288,0.0010166414448057,-88492.11487483405,0.922170106286006
benchmark_suite,central,Mann,central|Mann,182,0.0001053602384233,25001,0,1.984096334024798,0.001007991902489,-88581.7044526365,0.8906691241785769
benchmark_suite,central,Mann,central|Mann,183,0.0001073282799512,25001,0,1.9289184999943243,0.0010275046772223,-88380.76964173431,0.9586663498014456
benchmark_suite,central,Mann,central|Mann,184,0.0001062159305796,25001,0,1.9876724159985315,0.0010164700504399,-88493.8820354715,0.9215376219045636
benchmark_suite,central,Mann,central|Mann,185,0.0001060667249152,25001,0,1.9843518330017105,0.0010149910988814,-88509.14429648378,0.9160712405170578
benchmark_suite,central,Mann,central|Mann,186,0.0001063790651386,25001,0,2.0552729580085725,0.0010180873943645,-88477.21937085214,0.9274843011089804
benchmark_suite,central,Mann,central|Mann,187,0.0001054652924034,25001,0,1.972909540985711,0.0010090322947033,-88570.8840566719,0.8943518274679869
benchmark_suite,central,Mann,central|Mann,188,0.0001066558104136,25001,0,2.018742790998658,0.0010208318541167,-88449.0107297205,0.9373584195584612
benchmark_suite,central,Mann,central|Mann,189,0.0001047435934394,25001,0,2.0015036660188343,0.001001887739318,-88645.43583827915,0.8699702054279218
benchmark_suite,central,Mann,central|Mann,190,0.00010453299139,25001,0,1.9659677089948675,0.0009998040096516,-88667.28818441648,0.8632764673644725
benchmark_suite,central,Mann,central|Mann,191,0.0001069085779859,25001,0,1.99245904100826,0.0010233393791564,-88423.30984104166,0.9459342739175276
benchmark_suite,central,Mann,central|Mann,192,0.0001062862213527,25001,0,2.000261083972873,0.0010171668846799,-88486.69935881923,0.9241063616701356
benchmark_suite,central,Mann,central|Mann,193,0.0001051348489234,25001,0,1.9304877500107973,0.0010057602504113,-88604.95544396665,0.8829161103147064
benchmark_suite,central,Mann,central|Mann,194,0.0001071790918076,25001,0,1.987696249998408,0.001026023820069,-88395.87196059455,0.9543939006456904
benchmark_suite,central,Mann,central|Mann,195,0.0001045371121756,25001,0,2.105939125001896,0.0009998447910798,-88666.86002905645,0.8634056612942399
benchmark_suite,central,Mann,central|Mann,196,0.0001056840251858,25001,0,2.074202541989507,0.0010111989262886,-88548.38943822359,0.9021447883695792
benchmark_suite,central,Mann,central|Mann,197,0.0001068809238701,25001,0,1.982727208000142,0.001023065001603,-88426.11871401573,0.9450237724898676
benchmark_suite,central,Mann,central|Mann,198,0.0001070108005937,25001,0,1.9837966250197496,0.001024353676447,-88412.93337344866,0.9492305293325978
benchmark_suite,central,Mann,central|Mann,199,0.0001062901133109,25001,0,2.0552296660025604,0.0010172054808685,-88486.30168294057,0.9242483959793748
benchmark_suite,central,Mann,central|Mann,200,0.0001064731313799,25001,0,1.978562832984608,0.0010190201495967,-88467.62282437562,0.9308802846685637
benchmark_suite,central,Mann,central|Mann,201,0.0001060665323183,25001,0,1.9682214169879444,0.0010149891728385,-88509.16418817194,0.91606411936376
benchmark_suite,central,Mann,central|Mann,202,0.0001057698276642,25001,0,1.936179582990008,0.0010120489811332,-88539.57827648323,0.9052415476882212
benchmark_suite,central,Mann,central|Mann,203,0.0001054461422262,25001,0,2.0686310829769354,0.0010088426443964,-88572.85557023712,0.893677454538685
benchmark_suite,central,Mann,central|Mann,204,0.0001069757776051,25001,0,2.037783000007039,0.0010240061416532,-88416.48745768052,0.9481139025676808
benchmark_suite,central,Mann,central|Mann,205,0.0001050527932305,25001,0,1.99159387499094,0.0010049479405849,-88613.4326470392,0.8801462182293033
benchmark_suite,central,Mann,central|Mann,206,0.0001055910791627,25001,0,1.9778552500065416,0.0010102781856571,-88557.94241227733,0.8988140814928655
benchmark_suite,central,Mann,central|Mann,207,0.0001059335506947,25001,0,2.0656610000005458,0.0010136712649144,-88522.78504821926,0.9111974734621272
benchmark_suite,central,Mann,central|Mann,208,0.000106531714379,25001,0,2.002783707983326,0.0010196010993866,-88461.6506416238,0.9329770452882769
benchmark_suite,central,Mann,central|Mann,209,0.0001062164929232,25001,0,1.961818499985384,0.0010164756255181,-88493.82454811629,0.921558200911208
benchmark_suite,central,Mann,central|Mann,210,0.0001065376148836,25001,0,1.9648479589959609,0.0010196596029257,-88461.04942953051,0.9331872808394754
benchmark_suite,central,Mann,central|Mann,211,0.0001055557407811,25001,0,2.0873362500278745,0.0010099281428691,-88561.57670845256,0.8975549436292206
benchmark_suite,central,Mann,central|Mann,212,0.0001052814903983,25001,0,2.0014726250083186,0.0010072121328135,-88589.82228186933,0.8879367833187582
benchmark_suite,central,Mann,central|Mann,213,0.0001066092160877,25001,0,1.9761062919860704,0.0010203697277988,-88453.75483429704,0.9357240828327766
benchmark_suite,central,Mann,central|Mann,214,0.0001056973175246,25001,0,2.089219250017777,0.0010113306085973,-88547.02396923403,0.9026232194556578
benchmark_suite,central,Mann,central|Mann,215,0.0001043935238393,25001,0,2.04594808301772,0.0009984244168284,-88681.78344221297,0.8589480130356624
benchmark_suite,central,Mann,central|Mann,216,0.0001066910320903,25001,0,2.049157667002873,0.0010211812201041,-88445.42576139557,0.9385842947289204
benchmark_suite,central,Mann,central|Mann,217,0.000106674146037,25001,0,1.988152083999012,0.0010210137376293,-88447.1441909978,0.9379977094079416
benchmark_suite,central,Mann,central|Mann,218,0.0001062620621197,25001,0,1.9657144999946468,0.0010169273880786,-88489.16738353518,0.9232243838574954
benchmark_suite,central,Mann,central|Mann,219,0.0001052763694847,25001,0,1.9259540409839249,0.0010071614210578,-88590.35045647036,0.8877599400426537
benchmark_suite,central,Mann,central|Mann,220,0.0001048862579668,25001,0,1.9625428330036807,0.001003299552504,-88630.65806834793,0.8746137126409221
benchmark_suite,central,Mann,central|Mann,221,0.0001051715743805,25001,0,2.0617591670015827,0.0010061238377498,-88601.16349198172,0.884165079918034
benchmark_suite,central,Mann,central|Mann,222,0.0001066029717005,25001,0,2.052175040997099,0.0010203077879428,-88454.39087653029,0.9355039884030388
benchmark_suite,central,Mann,central|Mann,223,0.000105660589874,25001,0,2.0758615839877166,0.0010109667455734,-88550.79749122479,0.9013024496879554
benchmark_suite,central,Mann,central|Mann,224,0.0001051396683927,25001,0,2.0161267500079703,0.0010058079628967,-88604.45775237518,0.883079687455137
benchmark_suite,central,Mann,central|Mann,225,0.0001057344230223,25001,0,1.9530461660178844,0.0010116982083769,-88543.21319842365,0.9039613462714092
benchmark_suite,central,Mann,central|Mann,226,0.0001065958666511,25001,0,1.92109570800676,0.0010202373200279,-88455.11454159456,0.9352533048116396
benchmark_suite,central,Mann,central|Mann,227,0.0001059188079775,25001,0,2.0599717079894617,0.0010135251634964,-88524.29622885336,0.9106591356237348
benchmark_suite,central,Mann,central|Mann,228,0.0001057938180598,25001,0,1.953811916988343,0.0010122866678929,-88537.11600178298,0.9061107519197747
benchmark_suite,central,Mann,central|Mann,229,0.0001073876101807,25001,0,2.0682530000049155,0.0010280936730428,-88374.76947858593,0.9602804993873716
benchmark_suite,central,Mann,central|Mann,230,0.0001060010982138,25001,0,2.019148458028212,0.0010143406754565,-88515.86413186457,0.9136675034849238
benchmark_suite,central,Mann,central|Mann,231,0.0001071971432179,25001,0,2.019532665988663,0.0010262029712812,-88394.04364201342,0.9549266293403522
benchmark_suite,central,Mann,central|Mann,232,0.0001064862772578,25001,0,2.0000813330116216,0.0010191504961926,-88466.28253332405,0.93135209861775
benchmark_suite,central,Mann,central|Mann,233,0.0001062010786158,25001,0,1.925705375004327,0.0010163228207472,-88495.40030633904,0.920994033769642
benchmark_suite,central,Mann,central|Mann,234,0.0001057928945649,25001,0,1.956700375012588,0.0010122775256806,-88537.21069717311,0.9060772947745822
benchmark_suite,central,Mann,central|Mann,235,0.0001044845004818,25001,0,1.959942000015872,0.0009993243245316,-88672.325723635,0.8617622222444307
benchmark_suite,central,Mann,central|Mann,236,0.000105347873112,25001,0,2.0133561250113416,0.0010078694633743,-88582.97865755878,0.8902384815759325
benchmark_suite,central,Mann,central|Mann,237,0.000104535918439,25001,0,2.0549708750040736,0.0009998329813158,-88666.98401530777,0.8633682410527957
benchmark_suite,central,Mann,central|Mann,238,0.0001071319955063,25001,0,2.0607938340108376,0.0010255563822508,-88400.64402088907,0.952984089102672
benchmark_suite,central,Mann,central|Mann,239,0.0001051046155471,25001,0,2.0714160420175176,0.0010054609374915,-88608.07818238156,0.8818921745492831
benchmark_suite,central,Mann,central|Mann,240,0.0001042743695879,25001,0,2.0302647500066087,0.0009972459148307,-88694.18312239443,0.8553143301224048
benchmark_suite,central,Mann,central|Mann,241,0.0001054818436087,25001,0,2.043862041988177,0.0010091962270448,-88569.18022025508,0.8949358201879013
benchmark_suite,central,Mann,central|Mann,242,0.0001072017995493,25001,0,2.0322680420067627,0.001026249203454,-88393.57187825386,0.955063413263753
benchmark_suite,central,Mann,central|Mann,243,0.0001072288076684,25001,0,2.052140333020361,0.0010265172692384,-88390.83693452424,0.9558508633954684
benchmark_suite,central,Mann,central|Mann,244,0.0001057783631507,25001,0,2.1350069170002826,0.0010121335521029,-88538.70210561744,0.9055506631323788
benchmark_suite,central,Mann,central|Mann,245,0.0001058498737973,25001,0,2.154636874998687,0.0010128420975571,-88531.36458547205,0.9081468816685248
benchmark_suite,central,Mann,central|Mann,246,0.0001053605587598,25001,0,2.0967749579867814,0.0010079950746707,-88581.67144253774,0.8906802892458503
benchmark_suite,central,Mann,central|Mann,247,0.0001067289925368,25001,0,2.090109041018877,0.0010215577549333,-88441.56350639116,0.939895397021604
benchmark_suite,central,Mann,central|Mann,248,0.0001066902391529,25001,0,2.028287749999436,0.0010211733619814,-88445.50638132889,0.9385568184471148
benchmark_suite,central,Mann,central|Mann,249,0.0001077041045799,25001,0,1.952474374993472,0.0010312364004841,-88342.81776072679,0.9680424238255004
benchmark_suite,central,Mann,central|Mann,250,0.0001064454809525,25001,0,1.9648678329831453,0.0010187459502375,-88470.44289605826,0.929885401753222
benchmark_suite,central,Mann,central|Mann,251,0.0001072655634848,25001,0,1.960325332998764,0.0010268821043772,-88387.11595736386,0.9569068858238402
benchmark_suite,central,Mann,central|Mann,252,0.0001060238132214,25001,0,1.960046499996679,0.0010145657972851,-88513.53775803497,0.9144991735903578
benchmark_suite,central,Mann,central|Mann,253,0.0001063834421084,25001,0,2.048072916979436,0.001018130807038,-88476.77251110731,0.9276430384035534
benchmark_suite,central,Mann,central|Mann,254,0.0001060243682067,25001,0,2.070514708990231,0.0010145712979243,-88513.48092255983,0.9145194994342218
benchmark_suite,central,Mann,central|Mann,255,0.0001058792841012,25001,0,2.051199000008637,0.0010131335130882,-88528.348385072,0.9092176770678748
benchmark_suite,central,Mann,central|Mann,256,0.000107736011622,25001,0,2.045859166973969,0.0010315533220025,-88339.60158910473,0.968745529427065
benchmark_suite,central,Mann,central|Mann,257,0.0001070973542455,25001,0,1.9971270420064684,0.0010252125954464,-88404.1552523755,0.9519293169059708
benchmark_suite,central,Mann,central|Mann,258,0.0001072260555995,25001,0,1.982623708987376,0.0010264899564078,-88391.1155582203,0.955771075108638
benchmark_suite,central,Mann,central|Mann,259,0.000106065828918,25001,0,1.959575124987168,0.0010149822168112,-88509.23602984217,0.9160384010293958
benchmark_suite,central,Mann,central|Mann,260,0.0001065652393214,25001,0,2.001041959010763,0.0010199335821053,-88458.23438280742,0.9341694179509642
benchmark_suite,central,Mann,central|Mann,261,0.0001061683149976,25001,0,2.048627750016749,0.0010159980497375,-88498.75027940837,0.9197942168089628
benchmark_suite,central,Mann,central|Mann,262,0.0001062362733961,25001,0,2.095095124997897,0.0010166717252822,-88491.8027022203,0.9222818082003597
benchmark_suite,central,Mann,central|Mann,263,0.0001046624933157,25001,0,2.05745541700162,0.0010010852554554,-88653.84572941822,0.8673698743253956
benchmark_suite,central,Mann,central|Mann,264,0.0001058754462495,25001,0,1.9991848330246285,0.0010130954932554,-88528.74184326288,0.9090778851758954
benchmark_suite,central,Mann,central|Mann,265,0.0001045560062341,25001,0,1.944063750008354,0.0010000317110695,-88664.8978388221,0.8639987358571508
benchmark_suite,central,Mann,central|Mann,266,0.0001058247190087,25001,0,1.983401207980933,0.0010125928498101,-88533.94509428559,0.9072323551810084
benchmark_suite,central,Mann,central|Mann,267,0.0001055847451199,25001,0,1.9183804169879293,0.0010102154363404,-88558.59380199238,0.8985880661555099
benchmark_suite,central,Mann,central|Mann,268,0.0001060255954471,25001,0,1.9554542079858948,0.001014583444088,-88513.35542278513,0.9145643823735166
benchmark_suite,central,Mann,central|Mann,269,0.0001057809303794,25001,0,2.057080583006609,0.0010121589854498,-88538.43862682261,0.9056436583612149
benchmark_suite,central,Mann,central|Mann,270,0.0001070753501591,25001,0,2.0875696669972967,0.0010249942292792,-88406.38618294764,0.9512516652110816
benchmark_suite,central,Mann,central|Mann,271,0.0001071030639528,25001,0,2.0437588749919087,0.0010252692692543,-88403.57633143506,0.9521042233504272
benchmark_suite,central,Mann,central|Mann,272,0.0001054825866889,25001,0,1.970490832987707,0.0010092035850003,-88569.10375217417,0.8949620552132711
benchmark_suite,central,Mann,central|Mann,273,0.0001069709391483,25001,0,1.9367052080051508,0.0010239581361256,-88416.97849236273,0.9479585896509308
benchmark_suite,central,Mann,central|Mann,274,0.0001050540952295,25001,0,1.963069416990038,0.001004960813384,-88613.29824954798,0.8801898906655384
benchmark_suite,central,Mann,central|Mann,275,0.000106926608613,25001,0,1.9681030829960944,0.0010235182742626,-88421.47888972965,0.9465237462931408
benchmark_suite,central,Mann,central|Mann,276,0.0001044473569891,25001,0,1.9540532079990955,0.0009989568953775,-88676.18615698599,0.8606090196495089
benchmark_suite,central,Mann,central|Mann,277,0.0001051020761644,25001,0,2.060893042013049,0.0010054357928928,-88608.34056286614,0.8818063313624359
benchmark_suite,central,Mann,central|Mann,278,0.0001047077188042,25001,0,2.044943249988137,0.0010015327393635,-88649.15527114252,0.8688163963597626
benchmark_suite,central,Mann,central|Mann,279,0.0001071324286843,25001,0,2.076952875009738,0.0010255606836879,-88400.60009678028,0.9529971912954416
benchmark_suite,central,Mann,central|Mann,280,0.000106684349171,25001,0,1.977384833007818,0.0010211149448078,-88446.10573279456,0.9383524180453262
benchmark_suite,central,Mann,central|Mann,281,0.0001073454168201,25001,0,1.9362372499890623,0.0010276748048751,-88379.03614594018,0.9591376649017552
benchmark_suite,central,Mann,central|Mann,282,0.0001048698731948,25001,0,1.941892792005092,0.0010031374020636,-88632.35418235054,0.8740759311399576
benchmark_suite,central,Mann,central|Mann,283,0.0001053657493396,25001,0,1.9787708749936428,0.0010080464823689,-88581.13650239725,0.8908612831987186
benchmark_suite,central,Mann,central|Mann,284,0.000104287786241,25001,0,1.9885776250157503,0.0009973786000543,-88692.78627052372,0.8557205388630508
benchmark_suite,central,Mann,central|Mann,285,0.0001050984381066,25001,0,2.05701799999224,0.0010053997879718,-88608.7162815399,0.8816834586594389
benchmark_suite,central,Mann,central|Mann,286,0.0001068351801022,25001,0,2.050109750009142,0.0010226111635182,-88430.76658166628,0.9435013689128956
benchmark_suite,central,Mann,central|Mann,287,0.000106637459144,25001,0,2.094476708996808,0.001020649848389,-88450.87888684042,0.9367164214791336
benchmark_suite,central,Mann,central|Mann,288,0.0001055123897833,25001,0,1.982244374987204,0.0010094987703042,-88566.03651864296,0.8960161601554059
benchmark_suite,central,Mann,central|Mann,289,0.0001045816402843,25001,0,1.950174083001912,0.0010002853008101,-88662.23642167563,0.864805763491887
benchmark_suite,central,Mann,central|Mann,290,0.0001049527129499,25001,0,1.991484958009096,0.0010039573049107,-88623.78095514174,0.8768070524795241
benchmark_suite,central,Mann,central|Mann,291,0.0001058936779516,25001,0,1.9644921669969333,0.0010132761462223,-88526.87245312284,0.9097423394744562
benchmark_suite,central,Mann,central|Mann,292,0.0001066239612209,25001,0,1.9536818329943344,0.001020515968151,-88452.25330315893,0.9362427740613132
benchmark_suite,central,Mann,central|Mann,293,0.0001070905660566,25001,0,2.0415177500108257,0.0010251452322098,-88404.84341127932,0.9517208996714518
benchmark_suite,central,Mann,central|Mann,294,0.0001060664904494,25001,0,2.0859268750064075,0.0010149887636832,-88509.16841401055,0.9160626066111898
benchmark_suite,central,Mann,central|Mann,295,0.0001044628897832,25001,0,2.0489724169892725,0.000999110541669,-88674.57166817327,0.8610905469180051
benchmark_suite,central,Mann,central|Mann,296,0.0001059406582446,25001,0,1.957384417008143,0.0010137416974317,-88522.05662391234,0.9114571034837124
benchmark_suite,central,Mann,central|Mann,297,0.000105215224081,25001,0,1.9244971250009253,0.0010065559921809,-88596.65837563571,0.8856568739538844
benchmark_suite,central,Mann,central|Mann,298,0.0001063449699554,25001,0,1.9628446249989795,0.0010177493473358,-88480.69970300599,0.9262463233580984
benchmark_suite,central,Mann,central|Mann,299,0.0001055716026618,25001,0,1.999808499997016,0.0010100852593999,-88559.94528666779,0.8981196002386275
benchmark_suite,central,Mann,central|Mann,300,0.0001061405119437,25001,0,2.0545298339857254,0.0010157224567295,-88501.5939054029,0.918775513331782
benchmark_suite,central,Mann,central|Mann,301,0.0001049559181308,25001,0,2.052135874982924,0.0010039890162456,-88623.4495220953,0.8769132774537132
benchmark_suite,central,Mann,central|Mann,302,0.0001066106073823,25001,0,2.095429332985077,0.0010203835343784,-88453.61306439796,0.9357731101390676
benchmark_suite,central,Mann,central|Mann,303,0.000105683283522,25001,0,2.0144057080033235,0.0010111915655725,-88548.46577087897,0.9021180599486452
benchmark_suite,central,Mann,central|Mann,304,0.0001073124397742,25001,0,2.071268333995249,0.0010273474230952,-88382.37224401762,0.9582270578687312
benchmark_suite,central,Mann,central|Mann,305,0.0001065638161793,25001,0,1.9837905829772355,0.0010199194513933,-88458.37955135427,0.934118863749336
benchmark_suite,central,Mann,central|Mann,306,0.0001053011913602,25001,0,1.9674101250129752,0.0010074072059198,-88587.79082171604,0.8886180259776418
benchmark_suite,central,Mann,central|Mann,307,0.0001065047963454,25001,0,1.9522767500020564,0.0010193341609199,-88464.39431570366,0.93201559986536
benchmark_suite,central,Mann,central|Mann,308,0.0001061045299388,25001,0,1.93143012499786,0.0010153658023344,-88505.27519137187,0.9174567677949944
benchmark_suite,central,Mann,central|Mann,309,0.0001044530606222,25001,0,2.033165166998515,0.0009990133121107,-88675.59330848962,0.8607857124719103
benchmark_suite,central,Mann,central|Mann,310,0.0001075728790007,25001,0,2.0009595839947,0.0010299332136349,-88356.05412046693,0.9649986124951824
benchmark_suite,central,Mann,central|Mann,311,0.0001061516846599,25001,0,1.964604541019071,0.0010158331972594,-88500.4511602575,0.9191849023896956
benchmark_suite,central,Mann,central|Mann,312,0.000105503832779,25001,0,2.063034916995093,0.0010094140150534,-88566.91709985517,0.8957131796909027
benchmark_suite,central,Mann,central|Mann,313,0.0001058359796103,25001,0,2.1020075419801287,0.0010127044209949,-88532.78989101542,0.9076415681245742
benchmark_suite,central,Mann,central|Mann,314,0.0001066327760872,25001,0,1.9476300000096671,0.0010206033939469,-88451.35576642962,0.93655220560331
benchmark_suite,central,Mann,central|Mann,315,0.0001072407511189,25001,0,1.936694667005213,0.001026635817162,-88389.62769781747,0.9561959994616392
benchmark_suite,central,Mann,central|Mann,316,0.0001044246031321,25001,0,1.9340217499993744,0.0009987318220984,-88678.5516769551,0.8599054583836528
benchmark_suite,central,Mann,central|Mann,317,0.0001049805238907,25001,0,2.054190707975067,0.0010042325576638,-88620.9045137478,0.8777305498322052
benchmark_suite,central,Mann,central|Mann,318,0.0001068053469595,25001,0,1.9841667079890613,0.0010223152073136,-88433.79875873821,0.9424980915319364
benchmark_suite,central,Mann,central|Mann,319,0.0001071711278367,25001,0,2.0109925419965293,0.0010259447727754,-88396.67878470925,0.9541574938211348
benchmark_suite,central,Mann,central|Mann,320,0.0001065890048609,25001,0,2.0315436249948107,0.0010201692810124,-88455.81331542894,0.9350109775555342
benchmark_suite,central,Mann,central|Mann,321,0.0001073523481589,25001,0,2.0339077499811538,0.0010277436029178,-88378.33522584071,0.9593270928667272
benchmark_suite,central,Mann,central|Mann,322,0.0001058739194589,25001,0,1.959796290990198,0.0010130803493928,-88528.8985676586,0.909022211235106
benchmark_suite,central,Mann,central|Mann,323,0.0001070613122087,25001,0,2.0042345419933554,0.0010248549266346,-88407.80963585372,0.9508163090640684
benchmark_suite,central,Mann,central|Mann,324,0.0001062770643481,25001,0,1.9248075420036912,0.0010170761161435,-88487.63465870284,0.9237722185281704
benchmark_suite,central,Mann,central|Mann,325,0.0001055633133859,25001,0,2.081339084019419,0.0010100031491639,-88560.79784502316,0.8978244026162051
benchmark_suite,central,Mann,central|Mann,326,0.0001060378230954,25001,0,1.9664369999954945,0.0010147046320522,-88512.10334226472,0.9150122523028534
benchmark_suite,central,Mann,central|Mann,327,0.0001050414042789,25001,0,2.0256383329979144,0.0010048351989771,-88614.60980010028,0.8797640373157115
benchmark_suite,central,Mann,central|Mann,328,0.0001055808523972,25001,0,2.062229041999672,0.0010101768780993,-88558.99408993367,0.8984492484792456
benchmark_suite,central,Mann,central|Mann,329,0.0001051881633582,25001,0,2.056350166007178,0.00100628807114,-88599.45114611107,0.8847310843453117
benchmark_suite,central,Mann,central|Mann,330,0.0001074168330445,25001,0,1.948373458988499,0.0010283837987578,-88371.8153218505,0.9610573033120068
benchmark_suite,central,Mann,central|Mann,331,0.0001054468223855,25001,0,1.929805416992167,0.0010088493675062,-88572.7856734258,0.8937013382070484
benchmark_suite,central,Mann,central|Mann,332,0.0001068052305374,25001,0,1.9828118750010617,0.0010223140399598,-88433.81072044904,0.9424941184435996
benchmark_suite,central,Mann,central|Mann,333,0.0001070475586658,25001,0,1.98753700000816,0.0010247184291603,-88409.20462955041,0.950387438866698
benchmark_suite,central,Mann,central|Mann,334,0.000105637010634,25001,0,2.065195207978832,0.0010107331710115,-88553.22060924,0.9004566813225491
benchmark_suite,central,Mann,central|Mann,335,0.0001058379139549,25001,0,2.021871416014619,0.0010127235953274,-88532.59137463348,0.9077119204920971
benchmark_suite,central,Mann,central|Mann,336,0.0001053966873092,25001,0,2.057049541996093,0.0010083528643582,-88577.94896009644,0.8919421248929771
benchmark_suite,central,Mann,central|Mann,337,0.000105268814206,25001,0,2.1481771249964368,0.0010070866164161,-88591.12961666529,0.8874992719945809
benchmark_suite,central,Mann,central|Mann,338,0.0001075539740202,25001,0,1.9879815000167584,0.0010297454867371,-88357.96236048636,0.9645397540368554
benchmark_suite,central,Mann,central|Mann,339,0.0001073296433054,25001,0,1.993176709016552,0.0010275182098241,-88380.63174114576,0.9587039901548302
benchmark_suite,central,Mann,central|Mann,340,0.0001061495133834,25001,0,1.9854704579920508,0.0010158116869917,-88500.67311687236,0.919105386922876
benchmark_suite,central,Mann,central|Mann,341,0.0001059332425713,25001,0,1.984394291008357,0.0010136681991993,-88522.81675574923,0.9111861741173798
benchmark_suite,central,Mann,central|Mann,342,0.0001058610478227,25001,0,2.0170117920206394,0.0010129528134485,-88530.2185455582,0.9085535141214292
benchmark_suite,central,Mann,central|Mann,343,0.0001045224826515,25001,0,2.082259167014854,0.0009997000559262,-88668.37965829953,0.8629474707484688
benchmark_suite,central,Mann,central|Mann,344,0.0001056618507601,25001,0,2.076637166988803,0.0010109792455183,-88550.66783316762,0.9013477582156708
benchmark_suite,central,Mann,central|Mann,345,0.0001056145572298,25001,0,2.057577208004659,0.0010105107565163,-88555.5285198995,0.899652890790152
benchmark_suite,central,Mann,central|Mann,346,0.0001063228811647,25001,0,2.0573990409902763,0.00101753034298,-88482.95511636134,0.925442636626338
benchmark_suite,central,Mann,central|Mann,347,0.0001062873891641,25001,0,1.9626249999855645,0.0010171784736838,-88486.57995002222,0.9241490124267946
benchmark_suite,central,Mann,central|Mann,348,0.0001063803049853,25001,0,1.983337792014936,0.0010180996929092,-88477.09277618132,0.9275292763918566
benchmark_suite,central,Mann,central|Mann,349,0.0001061827114908,25001,0,2.0063186250044964,0.0010161407553113,-88497.27814471157,0.9203215287507212
benchmark_suite,central,Mann,central|Mann,350,0.0001057746622852,25001,0,1.98751754098339,0.0010120968770329,-88539.08205631906,0.9054165907311522
benchmark_suite,central,Mann,central|Mann,351,0.000105962143579,25001,0,2.0584412919997703,0.0010139546211966,-88519.85486911143,0.9122423842976148
benchmark_suite,central,Mann,central|Mann,352,0.0001061711885966,25001,0,2.0262344169896096,0.0010160265270864,-88498.45649246246,0.9198994554184052
benchmark_suite,central,Mann,central|Mann,353,0.0001044195699097,25001,0,1.9580324590206144,0.0009986820318506,-88679.07505056092,0.8597501092716772
benchmark_suite,central,Mann,central|Mann,354,0.0001048501991942,25001,0,2.074524499999825,0.0010029426934494,-88634.39125363418,0.8734316987825951
benchmark_suite,central,Mann,central|Mann,355,0.0001065486188371,25001,0,1.960841624997556,0.0010197687358342,-88459.92802546316,0.9335789764484224
benchmark_suite,central,Mann,central|Mann,356,0.0001056224914094,25001,0,1.9793049999861976,0.0010105893536481,-88554.71288395503,0.8999367576700784
benchmark_suite,central,Mann,central|Mann,357,0.0001052142532996,25001,0,2.015899916004855,0.001006546392528,-88596.7584272979,0.8856236506882365
benchmark_suite,central,Mann,central|Mann,358,0.0001060904032954,25001,0,1.976432791998377,0.0010152257759866,-88506.72088997549,0.9169389769224168
benchmark_suite,central,Mann,central|Mann,359,0.0001063468658109,25001,0,2.0031335419917013,0.0010177681416441,-88480.50617437529,0.9263152354894344
benchmark_suite,central,Mann,central|Mann,360,0.0001072517719546,25001,0,1.9454027920146475,0.0010267452139781,-88388.51194172696,0.9565127916346896
benchmark_suite,central,Mann,central|Mann,361,0.0001059018575008,25001,0,2.1235392919916194,0.0010133572062342,-88526.03376562076,0.9100406651283194
benchmark_suite,central,Mann,central|Mann,362,0.0001062478498381,25001,0,2.0284986250044312,0.0010167864870229,-88490.6196724776,0.9227050350084398
benchmark_suite,central,Mann,central|Mann,363,0.0001073473343078,25001,0,1.9476442500017583,0.00102769383527,-88378.84225771378,0.959190130436487
benchmark_suite,central,Mann,central|Mann,364,0.0001065547205398,25001,0,1.9878732909855896,0.0010198292464419,-88459.30630068015,0.9337958843906627
benchmark_suite,central,Mann,central|Mann,365,0.0001068139493713,25001,0,1.984577665978577,0.0010224005485605,-88432.92430878134,0.9427882169542644
benchmark_suite,central,Mann,central|Mann,366,0.0001063223026765,25001,0,1.997746291977819,0.0010175246115903,-88483.01414821998,0.9254215879457371
benchmark_suite,central,Mann,central|Mann,367,0.0001074335424272,25001,0,2.0677703749970533,0.0010285496980739,-88370.12649054534,0.961496027009606
benchmark_suite,central,Mann,central|Mann,368,0.0001062517494711,25001,0,1.9614487499929965,0.0010168251387861,-88490.22126080916,0.9228475334721864
benchmark_suite,central,Mann,central|Mann,369,0.0001055603285824,25001,0,2.005104209005367,0.001009973596466,-88561.1047120959,0.8977182122259023
benchmark_suite,central,Mann,central|Mann,370,0.0001070051793421,25001,0,1.9300125000008848,0.0010242978854044,-88413.50383470125,0.9490522023274184
benchmark_suite,central,Mann,central|Mann,371,0.0001072394694566,25001,0,2.0863970409845933,0.0010266231036544,-88389.7573734396,0.9561590774610956
benchmark_suite,central,Mann,central|Mann,372,0.0001064140591634,25001,0,1.978389875002904,0.0010184343940448,-88473.64818118775,0.9287513755601776
benchmark_suite,central,Mann,central|Mann,373,0.0001060592259386,25001,0,1.955562499992084,0.0010149167631001,-88509.91205686572,0.9157964086167286
benchmark_suite,central,Mann,central|Mann,374,0.0001061447418577,25001,0,1.99186979199294,0.0010157643834983,-88501.16124179645,0.9189305158286312
benchmark_suite,central,Mann,central|Mann,375,0.0001073812208194,25001,0,2.017082542006392,0.0010280302464269,-88375.41543112732,0.9601090614084672
benchmark_suite,central,Mann,central|Mann,376,0.0001065146217053,25001,0,2.024722125002881,0.0010194315821336,-88463.39290013208,0.9323668938491853
benchmark_suite,central,Mann,central|Mann,377,0.0001055098475879,25001,0,1.9706453749968205,0.0010094735907904,-88566.29811773117,0.8959261225018534
benchmark_suite,central,Mann,central|Mann,378,0.0001047109590515,25001,0,2.060673500003759,0.0010015648041873,-88648.81926006853,0.8689203850729638
benchmark_suite,central,Mann,central|Mann,379,0.0001061858983646,25001,0,2.108349125017412,0.0010161723469909,-88496.95227920395,0.9204382418810352
benchmark_suite,central,Mann,central|Mann,380,0.0001043176624883,25001,0,1.9617176250030752,0.0009976740818454,-88689.67629466021,0.8566277735586545
benchmark_suite,central,Mann,central|Mann,381,0.0001075137873175,25001,0,1.976909416989656,0.0010293464387591,-88362.01994327502,0.9635472436014432
benchmark_suite,central,Mann,central|Mann,382,0.0001060302906622,25001,0,2.056931083992822,0.0010146299905212,-88512.87449838391,0.914736391470342
benchmark_suite,central,Mann,central|Mann,383,0.0001069590672925,25001,0,2.0228891669830773,0.0010238403393339,-88418.18350976068,0.947576397827714
benchmark_suite,central,Mann,central|Mann,384,0.0001076001695543,25001,0,2.103188750013942,0.0010302042151419,-88353.30006854092,0.965651933872234
benchmark_suite,central,Mann,central|Mann,385,0.0001062163465887,25001,0,1.983304124994902,0.0010164741794586,-88493.83945937196,0.9215528631975838
benchmark_suite,central,Mann,central|Mann,386,0.0001055322917098,25001,0,2.0691878749930765,0.0010096958805484,-88563.98891580972,0.8967217662991704
benchmark_suite,central,Mann,central|Mann,387,0.0001055338991873,25001,0,2.0581924580037594,0.0010097118024528,-88563.82353651969,0.8967788222327033
benchmark_suite,central,Mann,central|Mann,388,0.00010714483673,25001,0,2.0300964170019142,0.001025683833334,-88399.34264014359,0.9533712978277592
benchmark_suite,central,Mann,central|Mann,389,0.0001060497247986,25001,0,1.929047500016168,0.0010148226007693,-88510.88467958482,0.9154483052446432
benchmark_suite,central,Mann,central|Mann,390,0.0001074266762686,25001,0,2.011875083000632,0.0010284815190292,-88370.82050710407,0.9613162089370932
benchmark_suite,central,Mann,central|Mann,391,0.0001074772465466,25001,0,1.9517458330083173,0.0010289836258799,-88365.71057919096,0.962624654552162
benchmark_suite,central,Mann,central|Mann,392,0.000105695483546,25001,0,2.0121979160176124,0.0010113124274719,-88547.21248508357,0.902557133999442
benchmark_suite,central,Mann,central|Mann,393,0.0001052415077506,25001,0,1.9961079159984365,0.0010068162331519,-88593.94643766078,0.8865590044181505
benchmark_suite,central,Mann,central|Mann,394,0.0001044845578607,25001,0,2.0792302080080844,0.0009993248884105,-88672.3198004098,0.8617639964610904
benchmark_suite,central,Mann,central|Mann,395,0.0001064138755416,25001,0,1.9419864999945275,0.0010184325647112,-88473.66700467185,0.9287447064572356
benchmark_suite,central,Mann,central|Mann,396,0.0001049931439508,25001,0,2.0517324579996057,0.0010043574862771,-88619.5992703285,0.8781507916553123
benchmark_suite,central,Mann,central|Mann,397,0.0001069091283782,25001,0,1.944673749996582,0.0010233448279557,-88423.25406835732,0.9459522773479409
benchmark_suite,central,Mann,central|Mann,398,0.0001058345655442,25001,0,2.011067582992837,0.0010126904142478,-88532.93490840722,0.9075901808690952
benchmark_suite,central,Mann,central|Mann,399,0.0001066272536056,25001,0,1.9342775830009489,0.0010205486159691,-88451.91812194708,0.9363583845055492
benchmark_suite,central,Mann,central|Mann,400,0.0001063057674455,25001,0,1.981021082989173,0.0010173606823883,-88484.70272921247,0.9248192294600548
benchmark_suite,central,Mann,central|Mann,401,0.0001055786441438,25001,0,2.109901375020854,0.0010101550036904,-88559.22118431526,0.8983705179745877
benchmark_suite,central,Mann,central|Mann,402,0.0001071905291396,25001,0,2.031436708988622,0.0010261373429004,-88394.71336813312,0.9547319696592343
benchmark_suite,central,Mann,central|Mann,403,0.0001074811656174,25001,0,1.968381124985172,0.0010290225342638,-88365.314723799,0.9627245138554564
benchmark_suite,central,Mann,central|Mann,404,0.0001057978582553,25001,0,2.033229833003133,0.0010123267107964,-88536.7012463112,0.9062573169780572
benchmark_suite,central,Mann,central|Mann,405,0.0001049706162815,25001,0,1.9166492499934973,0.0010041344904637,-88621.92923540185,0.8774011447903564
benchmark_suite,central,Mann,central|Mann,406,0.0001045151001991,25001,0,1.940014166990295,0.0009996270296536,-88669.14648012546,0.8627166331075964
benchmark_suite,central,Mann,central|Mann,407,0.0001051501260079,25001,0,1.9169709160050843,0.0010059114896939,-88603.3779465889,0.883434952450571
benchmark_suite,central,Mann,central|Mann,408,0.0001050034237267,25001,0,1.922660374984844,0.0010044592455278,-88618.5362289898,0.8784935996793684
benchmark_suite,central,Mann,central|Mann,409,0.0001054799974633,25001,0,2.149398417008342,0.001009177942796,-88569.37024343848,0.8948706356493878
benchmark_suite,central,Mann,central|Mann,410,0.0001072315099698,25001,0,2.0523049169860315,0.001026544089901,-88390.56333965904,0.9559291154234576
benchmark_suite,central,Mann,central|Mann,411,0.0001073189677166,25001,0,2.0423494589922484,0.0010274122232116,-88381.71182286253,0.958408500516716
benchmark_suite,central,Mann,central|Mann,412,0.0001059509906942,25001,0,2.076936375000514,0.0010138440877884,-88520.99778551064,0.911834655932082
benchmark_suite,central,Mann,central|Mann,413,0.0001059062374201,25001,0,1.9403237919905223,0.0010134006079255,-88525.58474005832,0.910200440878146
benchmark_suite,central,Mann,central|Mann,414,0.0001061017738214,25001,0,2.010605707997456,0.0010153384845891,-88505.5572158127,0.917355751710782
benchmark_suite,central,Mann,central|Mann,415,0.0001066950299867,25001,0,1.982961499976227,0.0010212208693617,-88445.01899128265,0.9387228604683844
benchmark_suite,central,Mann,central|Mann,416,0.0001059132398826,25001,0,1.9784334579890128,0.0010134699963062,-88524.86690475396,0.9104559443793064
benchmark_suite,central,Mann,central|Mann,417,0.0001057280429633,25001,0,2.0436028329713736,0.0010116350027858,-88543.86831968909,0.9037310060347165
benchmark_suite,central,Mann,central|Mann,418,0.0001077382972538,25001,0,1.9675094169797376,0.0010315760048105,-88339.37144187011,0.9687953010276136
benchmark_suite,central,Mann,central|Mann,419,0.0001068662806809,25001,0,2.081974458007608,0.001022919712913,-88427.60640562855,0.9445385802603556
benchmark_suite,central,Mann,central|Mann,420,0.0001075145762463,25001,0,2.0795041669916827,0.0010293542813872,-88361.94018160392,0.963566974093137
benchmark_suite,central,Mann,central|Mann,421,0.0001049678092376,25001,0,1.941411290987162,0.0010041067082809,-88622.21955599028,0.8773079018016781
benchmark_suite,central,Mann,central|Mann,422,0.0001065501109524,25001,0,1.978660666994984,0.0010197835360772,-88459.77595451206,0.9336320480708252
benchmark_suite,central,Mann,central|Mann,423,0.0001060996664001,25001,0,2.0199820830021054,0.0010153175929912,-88505.77290288758,0.9172784982753098
benchmark_suite,central,Mann,central|Mann,424,0.0001051426038945,25001,0,1.979229999997188,0.0010058370163042,-88604.15470709265,0.8831793416142709
benchmark_suite,central,Mann,central|Mann,425,0.0001048734450773,25001,0,2.069207207998261,0.0010031727579709,-88631.9843295548,0.8741930923726409
benchmark_suite,central,Mann,central|Mann,426,0.0001048134119742,25001,0,1.979207666998264,0.0010025786265733,-88638.20133297253,0.8722315919271623
benchmark_suite,central,Mann,central|Mann,427,0.0001076060836932,25001,0,2.090589374973206,0.0010302629525659,-88352.70325402367,0.9657921221710932
benchmark_suite,central,Mann,central|Mann,428,0.000106265405418,25001,0,2.122065375006059,0.0010169605259351,-88488.82585834633,0.9233464796432146
benchmark_suite,central,Mann,central|Mann,429,0.00010438421569,25001,0,1.9689463750110008,0.0009983323320053,-88682.75174488047,0.858661984800485
benchmark_suite,central,Mann,central|Mann,430,0.0001066365346262,25001,0,2.0146917079982813,0.0010206406707256,-88450.97309830839,0.9366839898226844
benchmark_suite,central,Mann,central|Mann,431,0.0001070739814933,25001,0,2.0171070829965174,0.001024980633771,-88406.52509812693,0.9512092801096972
benchmark_suite,central,Mann,central|Mann,432,0.0001062342083556,25001,0,1.987181042000884,0.0010166512412013,-88492.01387935967,0.9222062456882236
benchmark_suite,central,Mann,central|Mann,433,0.0001062666674858,25001,0,2.037639250018401,0.0010169730395784,-88488.6968930187,0.9233925809786808
benchmark_suite,central,Mann,central|Mann,434,0.0001064924263189,25001,0,2.0652107080095448,0.0010192114800434,-88465.65552998072,0.9315725798026502
benchmark_suite,central,Mann,central|Mann,435,0.0001056466161473,25001,0,2.0544281660113484,0.0010108283313516,-88552.23333565176,0.9008010542179692
benchmark_suite,central,Mann,central|Mann,436,0.0001057175543008,25001,0,2.122840333991917,0.0010115310889268,-88544.94547628512,0.9033525452167968
benchmark_suite,central,Mann,central|Mann,437,0.0001068910117106,25001,0,1.979795416991692,0.0010231650914641,-88425.09397317692,0.94535679874069
benchmark_suite,central,Mann,central|Mann,438,0.00010654152892,25001,0,1.995073041995056,0.0010196984267377,-88460.65047756418,0.933326697906368
benchmark_suite,central,Mann,central|Mann,439,0.0001061266599918,25001,0,1.960907957982272,0.0010155851506746,-88503.01097248445,0.9182678516923828
benchmark_suite,central,Mann,central|Mann,440,0.0001044654808375,25001,0,1.984094209008617,0.000999136178356,-88674.3023086794,0.8611709904864872
benchmark_suite,central,Mann,central|Mann,441,0.0001061030315574,25001,0,1.987440583994612,0.0010153509461108,-88505.42856354237,0.917401832171188
benchmark_suite,central,Mann,central|Mann,442,0.000106907533271,25001,0,2.0584487080050167,0.0010233290105972,-88423.41597141373,0.9459000065386524
benchmark_suite,central,Mann,central|Mann,443,0.0001057633258735,25001,0,2.0612022499844898,0.00101198457102,-88540.2456301174,0.9050062396113856
benchmark_suite,central,Mann,central|Mann,444,0.000104646198698,25001,0,2.040854082995793,0.0010009240349307,-88655.53617767982,0.8668508654690884
benchmark_suite,central,Mann,central|Mann,445,0.0001043059867779,25001,0,1.9456624999875205,0.000997558616861,-88690.89145622717,0.856272821423038
benchmark_suite,central,Mann,central|Mann,446,0.0001067077947812,25001,0,2.007855957985157,0.0010213474999973,-88443.71997586143,0.9391646202174864
benchmark_suite,central,Mann,central|Mann,447,0.0001065184552886,25001,0,1.9783268329920247,0.0010194696149493,-88463.00197988845,0.9325039120114046
benchmark_suite,central,Mann,central|Mann,448,0.0001046356885966,25001,0,1.937589332985226,0.0010008200446651,-88656.62670606248,0.8665166973728599
benchmark_suite,central,Mann,central|Mann,449,0.0001048426682693,25001,0,1.9942743339925075,0.0010028681657542,-88635.17108783644,0.8731855509968025
benchmark_suite,central,Mann,central|Mann,450,0.0001043889358082,25001,0,2.0268081669928506,0.0009983790319154,-88682.26066752433,0.8588069963776943
benchmark_suite,central,Mann,central|Mann,451,0.0001049223191611,25001,0,2.0858451669919305,0.0010036564769659,-88626.92564481104,0.8758015515092948
benchmark_suite,central,Mann,central|Mann,452,0.0001043460704089,25001,0,2.0337645410036203,0.0009979550506356,-88686.71999851803,0.8574938328901448
benchmark_suite,central,Mann,central|Mann,453,0.0001057808023343,25001,0,1.958697708003456,0.0010121577058435,-88538.45188312177,0.9056389792081138
benchmark_suite,central,Mann,central|Mann,454,0.0001059301340383,25001,0,1.971877082978608,0.0010136373971696,-88523.13533359359,0.9110726539786372
benchmark_suite,central,Mann,central|Mann,455,0.0001077796837392,25001,0,2.000666249979986,0.0010319870815963,-88335.2014833506,0.9696846193038388
benchmark_suite,central,Mann,central|Mann,456,0.0001057826810132,25001,0,1.9599895830033347,0.0010121763273547,-88538.25897691396,0.9057070767054892
benchmark_suite,central,Mann,central|Mann,457,0.0001070803311257,25001,0,1.95102470801794,0.0010250436589125,-88405.88114101,0.951405574921894
benchmark_suite,central,Mann,central|Mann,458,0.0001053381328532,25001,0,2.109145041991724,0.001007773004014,-88583.98261422708,0.8898996338734422
benchmark_suite,central,Mann,central|Mann,459,0.0001055915291765,25001,0,2.0077073340071365,0.0010102826324005,-88557.89625289438,0.8988301030103131
benchmark_suite,central,Mann,central|Mann,460,0.0001070407279055,25001,0,2.019088083994575,0.0010246506544536,-88409.89735782813,0.9501736626991278
benchmark_suite,central,Mann,central|Mann,461,0.0001058228284866,25001,0,1.9803482080169488,0.0010125741125952,-88534.1391116625,0.9071636579158692
benchmark_suite,central,Mann,central|Mann,462,0.0001057620158098,25001,0,1.9490077499940528,0.0010119715840866,-88540.38019359944,0.904958807187481
benchmark_suite,central,Mann,central|Mann,463,0.0001052659476141,25001,0,2.012730749993352,0.0010070582320875,-88591.42528251893,0.8874004227115955
benchmark_suite,central,Mann,central|Mann,464,0.0001058561248523,25001,0,2.0029605829913635,0.0010129040279663,-88530.72351560157,0.9083743076412916
benchmark_suite,central,Mann,central|Mann,465,0.0001048364584497,25001,0,1.9813692920142785,0.001002806707171,-88635.81421818529,0.872982751570853
benchmark_suite,central,Mann,central|Mann,466,0.0001053362378139,25001,0,2.062502000015229,0.0010077542487528,-88584.1778325112,0.8898337924057537
benchmark_suite,central,Mann,central|Mann,467,0.0001063282398616,25001,0,2.061083583015716,0.0010175834705715,-88482.40793421354,0.9256377112904044
benchmark_suite,central,Mann,central|Mann,468,0.0001073520709967,25001,0,1.9837534159887584,0.0010277408549729,-88378.36322085864,0.9593195396094204
benchmark_suite,central,Mann,central|Mann,469,0.0001076520258536,25001,0,2.0762028329772875,0.0010307191895177,-88348.06883188951,0.96686390803187
benchmark_suite,central,Mann,central|Mann,470,0.000104652373129,25001,0,1.994724333024351,0.0010009851309073,-88654.89553223681,0.8670474149083179
benchmark_suite,central,Mann,central|Mann,471,0.0001042659388476,25001,0,1.984108875010861,0.0009971625395397,-88695.06096384485,0.8550594548272963
benchmark_suite,central,Mann,central|Mann,472,0.0001059009747857,25001,0,2.0024806250003166,0.001013348450097,-88526.12435749796,0.9100084346433832
benchmark_suite,central,Mann,central|Mann,473,0.0001056808000658,25001,0,1.9830002080125269,0.0010111669721208,-88548.72081381432,0.9020287668232048
benchmark_suite,central,Mann,central|Mann,474,0.000105575876401,25001,0,2.0333777079940774,0.0010101276016457,-88559.50567249944,0.8982719148009051
benchmark_suite,central,Mann,central|Mann,475,0.0001064949283785,25001,0,2.007445249997545,0.0010192362987343,-88465.40036914057,0.9316622606209988
benchmark_suite,central,Mann,central|Mann,476,0.0001057486371152,25001,0,1.962050707981689,0.001011839029196,-88541.75376149482,0.9044749170313826
benchmark_suite,central,Mann,central|Mann,477,0.0001064863022801,25001,0,2.041206459020032,0.0010191507494005,-88466.27992987778,0.931353014411376
benchmark_suite,central,Mann,central|Mann,478,0.0001054454915433,25001,0,1.9724762910045683,0.0010088361905928,-88572.92266813654,0.893654529192653
benchmark_suite,central,Mann,central|Mann,479,0.0001061908687767,25001,0,1.9917544579948296,0.0010162216129346,-88496.44412699158,0.9206202342023664
benchmark_suite,central,Mann,central|Mann,480,0.0001063318713425,25001,0,1.961610375001328,0.0010176194870824,-88482.03700315667,0.9257699177148084
benchmark_suite,central,Mann,central|Mann,481,0.00010650097061,25001,0,1.983310459007044,0.0010192962126616,-88464.78442301556,0.931878638083045
benchmark_suite,central,Mann,central|Mann,482,0.0001050095750388,25001,0,2.039557000010973,0.0010045201151587,-88617.90040263279,0.8786988744991389
benchmark_suite,central,Mann,central|Mann,483,0.0001053583479967,25001,0,2.005057125003077,0.0010079731806489,-88581.89927724212,0.8906032373788654
benchmark_suite,central,Mann,central|Mann,484,0.0001073854349457,25001,0,1.967859458993189,0.0010280720815665,-88374.98936665317,0.96022220393808
benchmark_suite,central,Mann,central|Mann,485,0.0001055783749441,25001,0,2.051920208003139,0.0010101523402261,-88559.24883575292,0.8983609326920516
benchmark_suite,central,Mann,central|Mann,486,0.0001077485170828,25001,0,1.995280499977525,0.0010316775220716,-88338.34148218519,0.969017155344974
benchmark_suite,central,Mann,central|Mann,487,0.0001050692107637,25001,0,2.001746541995089,0.00100511045099,-88611.73610364477,0.8806980807606213
benchmark_suite,central,Mann,central|Mann,488,0.0001042798484583,25001,0,1.9555549999931827,0.0009973001118981,-88693.61253513196,0.8554801632306949
benchmark_suite,central,Mann,central|Mann,489,0.000107011989547,25001,0,1.922898333024932,0.0010243654684507,-88412.81280486037,0.949268174508792
benchmark_suite,central,Mann,central|Mann,490,0.000105362929641,25001,0,2.0637335830251686,0.0010080185659957,-88581.42699188726,0.8907629835492805
benchmark_suite,central,Mann,central|Mann,491,0.000107581556261,25001,0,2.012658499996178,0.0010300193847529,-88355.17832044254,0.9652075142640192
benchmark_suite,central,Mann,central|Mann,492,0.000106787988268,25001,0,1.9458711250044871,0.0010221429886094,-88435.56364282887,0.9419106356360104
benchmark_suite,central,Mann,central|Mann,493,0.0001067757675039,25001,0,2.0957397920137737,0.0010220217555231,-88436.80622555903,0.9414955380131173
benchmark_suite,central,Mann,central|Mann,494,0.000106948923586,25001,0,1.9437544580141548,0.0010237396901103,-88419.21323351291,0.947248634605368
benchmark_suite,central,Mann,central|Mann,495,0.0001070960128141,25001,0,1.9809383749961853,0.001025199274225,-88404.29133319767,0.9518881467746644
benchmark_suite,central,Mann,central|Mann,496,0.0001053771495938,25001,0,1.95690916699823,0.0010081593767056,-88579.96184739776,0.891259120964674
benchmark_suite,central,Mann,central|Mann,497,0.0001063558393471,25001,0,1.968197958980454,0.0010178571091093,-88479.59011412092,0.9266413174646428
benchmark_suite,central,Mann,central|Mann,498,0.0001074153529689,25001,0,1.964982167002745,0.0010283690972797,-88371.96499540427,0.9610182327882448
benchmark_suite,central,Mann,central|Mann,499,0.0001059423706086,25001,0,2.0520313330052886,0.0010137586755024,-88521.88104240005,0.9115196985696702
benchmark_suite,central,Mann,central|Mann,500,0.0001071326214376,25001,0,2.0608137079980224,0.0010255626033524,-88400.58049440625,0.9530030378424076
benchmark_suite,shifted,GA_0.00,shifted|GA_0.00,1,2.3094953954931128e-05,25001,0,3.474986833985895,0.0772500408441808,-92061.391828995,0.6041507515831983
benchmark_suite,shifted,GA_0.00,shifted|GA_0.00,2,6.57524776146322e-05,25001,0,3.47290225001052,0.0765129945745942,-86659.54568684267,0.6041565229118867
benchmark_suite,shifted,GA_0.00,shifted|GA_0.00,3,4.675622523561141e-05,25001,0,3.471376249974128,0.0755487762622773,-89073.89714842674,0.6041540205285354
benchmark_suite,shifted,GA_0.00,shifted|GA_0.00,4,2.1263095516070496e-05,25001,0,3.4492775840044487,0.0745929808033618,-94621.02066029498,0.6041563748767076
benchmark_suite,shifted,GA_0.00,shifted|GA_0.00,5,1.7604509573291396e-05,25001,0,3.419258417008677,0.1025799721408364,-96890.49568066052,0.6041482380189644
benchmark_suite,shifted,GA_0.00,shifted|GA_0.00,6,4.509933366526177e-05,25001,0,3.4564133750100154,0.0661272187665621,-91680.84719134528,0.604153271343893
benchmark_suite,shifted,GA_0.00,shifted|GA_0.00,7,1.634580634052421e-05,25001,0,3.3916641249961685,0.0764884349241535,-98361.17676856145,0.6041532587213049
benchmark_suite,shifted,GA_0.00,shifted|GA_0.00,8,5.960762493303907e-06,9201,1,3.501195707998704,0.0795591117759034,-104499.24024859777,0.6041519845268929
benchmark_suite,shifted,GA_0.00,shifted|GA_0.00,9,2.309940500282488e-05,25001,0,3.45890500000678,0.0909250520723697,-87637.2811257684,0.6041506075281468
benchmark_suite,shifted,GA_0.00,shifted|GA_0.00,10,7.133346328535024e-06,5401,1,3.483250290999422,0.0668145244977797,-108322.9380570784,0.6041510873089664
benchmark_suite,shifted,GA_0.00,shifted|GA_0.00,11,1.8420451191935928e-05,25001,0,3.532869457994821,0.0895193248457757,-93437.47039461382,0.6041537140475693
benchmark_suite,shifted,GA_0.00,shifted|GA_0.00,12,3.220263326532847e-05,25001,0,3.405413208005484,0.0784766397480345,-91128.88704157736,0.6041535993022135
benchmark_suite,shifted,GA_0.00,shifted|GA_0.00,13,2.598515571755572e-05,25001,0,3.509035082999617,0.0807060558523243,-90593.79892558984,0.6041467661828341
benchmark_suite,shifted,GA_0.00,shifted|GA_0.00,14,2.1770642400533505e-05,25001,0,3.4472208749793936,0.0906495781691689,-95049.0817408467,0.604156892911895
benchmark_suite,shifted,GA_0.00,shifted|GA_0.00,15,2.8400010493575527e-05,25001,0,3.4020022499898914,0.0957020505934437,-89679.25770260411,0.6041565010847727
benchmark_suite,shifted,GA_0.00,shifted|GA_0.00,16,3.268964970498574e-05,25001,0,3.4981280410138424,0.0747682070206214,-92490.41678950016,0.6041446244614468
benchmark_suite,shifted,GA_0.00,shifted|GA_0.00,17,3.776415836533682e-05,25001,0,3.51865449998877,0.0899963145866916,-92265.156069902,0.604143512872584
benchmark_suite,shifted,GA_0.00,shifted|GA_0.00,18,3.216702729208279e-05,25001,0,3.39791441601119,0.0587100697242412,-95499.55617549377,0.6041585676928192
benchmark_suite,shifted,GA_0.00,shifted|GA_0.00,19,1.9751487756884315e-05,25001,0,3.4555645000073127,0.0887357983137152,-93107.0807495154,0.6041477102614813
benchmark_suite,shifted,GA_0.00,shifted|GA_0.00,20,3.5151002278061484e-05,25001,0,3.385547333018621,0.0815832199591201,-89670.86880842729,0.6041457939166742
benchmark_suite,shifted,GA_0.00,shifted|GA_0.00,21,7.040006256154312e-06,12301,1,3.4678226659889333,0.0805963997230011,-103690.00756603752,0.6041531711609804
benchmark_suite,shifted,GA_0.00,shifted|GA_0.00,22,3.0699198556302224e-05,25001,0,3.427814416005276,0.101173915183273,-87784.49760265961,0.6041578250937583
benchmark_suite,shifted,GA_0.00,shifted|GA_0.00,23,2.7478638204742665e-05,25001,0,3.387620624998817,0.0799648753542847,-91689.9737162636,0.6041586821141991
benchmark_suite,shifted,GA_0.00,shifted|GA_0.00,24,1.488799765410512e-05,25001,0,3.5638543750101235,0.0818213399450839,-92111.23681462892,0.6041553896618309
benchmark_suite,shifted,GA_0.00,shifted|GA_0.00,25,4.293735919317883e-05,25001,0,3.4729622499726247,0.07331482569631,-89696.19199596677,0.6041520529999896
benchmark_suite,shifted,GA_0.00,shifted|GA_0.00,26,3.990720705131301e-05,25001,0,3.473687916994095,0.068113254577621,-91166.7943400452,0.6041615687246132
benchmark_suite,shifted,GA_0.00,shifted|GA_0.00,27,2.6814994601177423e-05,25001,0,3.440073665988166,0.0660115304089524,-93465.60736157854,0.6041494080372934
benchmark_suite,shifted,GA_0.00,shifted|GA_0.00,28,3.6491261333758846e-05,25001,0,3.5167365000233985,0.0844218939135236,-91560.31729634502,0.6041580998687162
benchmark_suite,shifted,GA_0.00,shifted|GA_0.00,29,3.85558669855702e-05,25001,0,3.492180166998878,0.0994996693698977,-91538.09818953752,0.6041455120069288
benchmark_suite,shifted,GA_0.00,shifted|GA_0.00,30,2.8180621257224387e-05,25001,0,3.488611500011757,0.0709577494390386,-96734.64718619024,0.6041536576317071
benchmark_suite,shifted,GA_0.00,shifted|GA_0.00,31,3.0215204740995897e-05,25001,0,3.414353250002023,0.0717527021595835,-94404.50580278476,0.6041557809782847
benchmark_suite,shifted,GA_0.00,shifted|GA_0.00,32,2.5488382862890216e-05,25001,0,3.519255957973656,0.0784081318689626,-94705.74971604031,0.6041555392895172
benchmark_suite,shifted,GA_0.00,shifted|GA_0.00,33,2.105591550268289e-05,25001,0,3.503649958001916,0.0855972203575934,-95348.1633531451,0.604148457425738
benchmark_suite,shifted,GA_0.00,shifted|GA_0.00,34,5.402248244183578e-05,25001,0,3.4682271660130937,0.0849508983174904,-89605.29164745999,0.60414678459428
benchmark_suite,shifted,GA_0.00,shifted|GA_0.00,35,3.358881714973025e-05,25001,0,3.457709082984365,0.0844361485106416,-88685.98310636243,0.6041451027044547
benchmark_suite,shifted,GA_0.00,shifted|GA_0.00,36,3.946198869961653e-05,25001,0,3.5421657919941936,0.0789300073030973,-92108.8070376447,0.6041476811692518
benchmark_suite,shifted,GA_0.00,shifted|GA_0.00,37,1.2825373259168662e-05,25001,0,3.4390232499863487,0.0868176727669722,-97258.02950317397,0.6041547745055709
benchmark_suite,shifted,GA_0.00,shifted|GA_0.00,38,3.97154440920322e-05,25001,0,3.4290933750162367,0.0771381342045759,-91079.3683977064,0.6041613113694535
benchmark_suite,shifted,GA_0.00,shifted|GA_0.00,39,2.6927705291814235e-05,25001,0,3.443230415985454,0.074982424080827,-94382.0711193913,0.6041506455841609
benchmark_suite,shifted,GA_0.00,shifted|GA_0.00,40,2.6106893947414747e-05,25001,0,3.497438542020973,0.0969259123506903,-89328.65564295612,0.6041461816419323
benchmark_suite,shifted,GA_0.00,shifted|GA_0.00,41,2.9134151934742025e-05,25001,0,3.449620540981414,0.0929572541169401,-92547.4905663938,0.6041464609484208
benchmark_suite,shifted,GA_0.00,shifted|GA_0.00,42,1.903647691585141e-05,25001,0,3.4778641249868087,0.0838889521396264,-97850.14278575176,0.6041545485632497
benchmark_suite,shifted,GA_0.00,shifted|GA_0.00,43,4.638223816324538e-05,25001,0,3.428364832972875,0.0848107677402558,-90064.32983576717,0.604153671789802
benchmark_suite,shifted,GA_0.00,shifted|GA_0.00,44,4.158315810431213e-05,25001,0,3.558001666999189,0.0737031834310665,-94073.51291688796,0.6041525619196243
benchmark_suite,shifted,GA_0.00,shifted|GA_0.00,45,3.488132358784053e-05,25001,0,3.42934050000622,0.090307179899946,-88097.30940772778,0.6041484247099277
benchmark_suite,shifted,GA_0.00,shifted|GA_0.00,46,3.7929260096838777e-05,25001,0,3.4023509999969974,0.0809195421749866,-89259.83558348857,0.6041511978062413
benchmark_suite,shifted,GA_0.00,shifted|GA_0.00,47,2.911480988485761e-05,25001,0,3.3614252920087893,0.0775628782841495,-89582.6112964573,0.6041591141907151
benchmark_suite,shifted,GA_0.00,shifted|GA_0.00,48,9.756039569352895e-06,10501,1,3.515096832998097,0.0768688870990617,-100284.92012035668,0.6041545577864601
benchmark_suite,shifted,GA_0.00,shifted|GA_0.00,49,4.977481693532854e-05,25001,0,3.463830416993005,0.0935852470380698,-86326.39503140919,0.6041442705425105
benchmark_suite,shifted,GA_0.00,shifted|GA_0.00,50,8.309398423993807e-06,14501,1,3.4530964579898864,0.0982704189168432,-98379.85627720787,0.6041542500580398
benchmark_suite,shifted,GA_0.00,shifted|GA_0.00,51,3.3226709335723754e-05,25001,0,3.5190872499952093,0.0919878324942342,-92000.6257572698,0.6041493878468068
benchmark_suite,shifted,GA_0.00,shifted|GA_0.00,52,1.8106216954332208e-05,25001,0,3.449958041019272,0.072552006870414,-95426.48042848014,0.6041489260648737
benchmark_suite,shifted,GA_0.00,shifted|GA_0.00,53,2.8569392896502496e-05,25001,0,3.4429478750098497,0.0698967578992493,-91175.33098153112,0.6041481838949133
benchmark_suite,shifted,GA_0.00,shifted|GA_0.00,54,1.359962621631216e-05,25001,0,3.4644724170211703,0.0683290404665991,-98369.4516526474,0.604150568067329
benchmark_suite,shifted,GA_0.00,shifted|GA_0.00,55,1.1162153408470964e-05,25001,0,3.363302374986233,0.0831831739122234,-100537.48040947873,0.6041497665449612
benchmark_suite,shifted,GA_0.00,shifted|GA_0.00,56,2.4904044605864e-05,25001,0,3.507297916978132,0.0834566532910559,-90128.17097858911,0.6041464835087516
benchmark_suite,shifted,GA_0.00,shifted|GA_0.00,57,4.840669219764622e-05,25001,0,3.4768551250163,0.0846413491690381,-87840.30423145395,0.6041421825644359
benchmark_suite,shifted,GA_0.00,shifted|GA_0.00,58,2.3980825332042405e-05,25001,0,3.4867817079939414,0.0941760437476007,-91539.74266164973,0.6041479359671037
benchmark_suite,shifted,GA_0.00,shifted|GA_0.00,59,4.589631184911208e-05,25001,0,3.4528731250029523,0.0799556223597255,-88428.79023487729,0.6041621458027101
benchmark_suite,shifted,GA_0.00,shifted|GA_0.00,60,3.848033812459248e-05,25001,0,3.4091493749874644,0.0652156146395317,-91956.00623173514,0.6041607066193614
benchmark_suite,shifted,GA_0.00,shifted|GA_0.00,61,2.506338989788566e-05,25001,0,3.460176833003061,0.0910887203888958,-90409.42619495,0.6041582127357544
benchmark_suite,shifted,GA_0.00,shifted|GA_0.00,62,4.559663774385527e-05,25001,0,3.45557266601827,0.0888918318151626,-88436.83738632951,0.6041497183139637
benchmark_suite,shifted,GA_0.00,shifted|GA_0.00,63,3.856707819760717e-05,25001,0,3.54151808298775,0.0641899239713035,-91598.11358957418,0.6041460253900874
benchmark_suite,shifted,GA_0.00,shifted|GA_0.00,64,3.294908561208532e-05,25001,0,3.5320175000233576,0.0758153624651938,-94150.0753548614,0.604155865698559
benchmark_suite,shifted,GA_0.00,shifted|GA_0.00,65,1.730728658222538e-05,25001,0,3.496725625009276,0.0692356982016193,-91722.5443731141,0.604156382248438
benchmark_suite,shifted,GA_0.00,shifted|GA_0.00,66,2.1176841208476247e-05,25001,0,3.5026985419972334,0.079341483758569,-95303.97128825902,0.6041490964265465
benchmark_suite,shifted,GA_0.00,shifted|GA_0.00,67,4.2982037200374775e-06,20201,1,3.468570708995685,0.0898436308009585,-96731.07146006702,0.6041531232831296
benchmark_suite,shifted,GA_0.00,shifted|GA_0.00,68,2.585052138223921e-05,25001,0,3.384149582998361,0.0855886858924458,-93817.5941624532,0.6041507543252503
benchmark_suite,shifted,GA_0.00,shifted|GA_0.00,69,2.49302082552643e-05,25001,0,3.470994499977678,0.0991713381631285,-90862.40699218532,0.6041567157555983
benchmark_suite,shifted,GA_0.00,shifted|GA_0.00,70,9.388653959608991e-06,9701,1,3.4679225829895586,0.0626130947559548,-100865.6574871095,0.6041500887859304
benchmark_suite,shifted,GA_0.00,shifted|GA_0.00,71,3.7861724726458765e-05,25001,0,3.5336336660257075,0.0661763499792104,-95022.56623386964,0.6041566051338405
benchmark_suite,shifted,GA_0.00,shifted|GA_0.00,72,2.022373607718959e-05,25001,0,3.486136541992892,0.0933043007091766,-95017.16505889528,0.6041550384865848
benchmark_suite,shifted,GA_0.00,shifted|GA_0.00,73,1.2572377359109564e-05,25001,0,3.490837167017162,0.0745592906922985,-100651.94774729924,0.6041539475768343
benchmark_suite,shifted,GA_0.00,shifted|GA_0.00,74,3.1156849305997666e-05,25001,0,3.4743068749958184,0.0769865150508034,-92883.70961472052,0.6041493484176822
benchmark_suite,shifted,GA_0.00,shifted|GA_0.00,75,3.164528838157095e-05,25001,0,3.424779374996433,0.0774280789493644,-92449.25307634025,0.604154844091715
benchmark_suite,shifted,GA_0.00,shifted|GA_0.00,76,4.529853006804396e-05,25001,0,3.423955667007249,0.07874654082007,-91353.70836159836,0.6041433034878395
benchmark_suite,shifted,GA_0.00,shifted|GA_0.00,77,1.6975215519849227e-05,25001,0,3.431397291977192,0.0859049937218113,-91050.12488662307,0.6041512504792345
benchmark_suite,shifted,GA_0.00,shifted|GA_0.00,78,2.6188102960979685e-05,25001,0,3.5227254159981385,0.08158955637658,-95789.4290446329,0.6041583026158441
benchmark_suite,shifted,GA_0.00,shifted|GA_0.00,79,1.6833814826162302e-05,25001,0,3.495673249999527,0.0619752402349671,-101214.15837689071,0.6041485706192955
benchmark_suite,shifted,GA_0.00,shifted|GA_0.00,80,1.8728999137948467e-05,25001,0,3.481150000006892,0.1017133730277245,-93079.12395474236,0.6041514981062861
benchmark_suite,shifted,GA_0.00,shifted|GA_0.00,81,2.84574104169362e-05,25001,0,3.478757292003138,0.0705174001703178,-93065.01884303808,0.6041476090920554
benchmark_suite,shifted,GA_0.00,shifted|GA_0.00,82,1.0340718760415272e-05,25001,0,3.538752332999138,0.0732494091342973,-98170.28462886885,0.6041518073099537
benchmark_suite,shifted,GA_0.00,shifted|GA_0.00,83,3.614772934699336e-05,25001,0,3.473206374997972,0.0648931528427011,-93418.0969003095,0.6041608290527367
benchmark_suite,shifted,GA_0.00,shifted|GA_0.00,84,3.644432287765418e-05,25001,0,3.4137093749886844,0.0743787019338781,-90619.13400698554,0.6041448259896323
benchmark_suite,shifted,GA_0.00,shifted|GA_0.00,85,7.904332156752408e-06,13801,1,3.451319249987137,0.0856559969054675,-100960.13876462154,0.6041504527964624
benchmark_suite,shifted,GA_0.00,shifted|GA_0.00,86,1.7375456822552953e-05,25001,0,3.511924916994758,0.0721510185438392,-100062.63593052096,0.6041490311688194
benchmark_suite,shifted,GA_0.00,shifted|GA_0.00,87,1.860782168443111e-05,25001,0,3.536269833013648,0.0794315997956881,-99602.98313449135,0.6041535934088377
benchmark_suite,shifted,GA_0.00,shifted|GA_0.00,88,6.9904865078478e-05,25001,0,3.569792291003978,0.0789981320516024,-84630.49918000629,0.6041412305953969
benchmark_suite,shifted,GA_0.00,shifted|GA_0.00,89,2.738166117776288e-05,25001,0,3.5514530840155203,0.0799493248771299,-92880.00563067746,0.6041512955345615
benchmark_suite,shifted,GA_0.00,shifted|GA_0.00,90,2.5051905587350664e-05,25001,0,3.455444584018551,0.0895661465748889,-91723.1724081464,0.6041581363240569
benchmark_suite,shifted,GA_0.00,shifted|GA_0.00,91,9.549470507540606e-06,9801,1,3.439352624991443,0.0733972773534554,-99968.95594998555,0.6041527756457976
benchmark_suite,shifted,GA_0.00,shifted|GA_0.00,92,4.222413292186817e-05,25001,0,3.445101917022839,0.0852208037127832,-92323.10882008102,0.6041576964861364
benchmark_suite,shifted,GA_0.00,shifted|GA_0.00,93,2.996214095084696e-05,25001,0,3.422929791995557,0.0869481704998098,-88814.73167288587,0.6041484601788808
benchmark_suite,shifted,GA_0.00,shifted|GA_0.00,94,2.662245812558623e-05,25001,0,3.420155875006458,0.0732865464812902,-92330.69720634106,0.6041460327292665
benchmark_suite,shifted,GA_0.00,shifted|GA_0.00,95,3.233260809485421e-05,25001,0,3.4768279579875525,0.0798933850976309,-93265.85106280424,0.6041446683411861
benchmark_suite,shifted,GA_0.00,shifted|GA_0.00,96,2.00836145738094e-05,25001,0,3.4975879169942345,0.0901475774481972,-93199.54211679687,0.6041476242687996
benchmark_suite,shifted,GA_0.00,shifted|GA_0.00,97,4.423311249227456e-06,11401,1,3.5390696249960456,0.0786729118369119,-105131.39386095856,0.6041519165706625
benchmark_suite,shifted,GA_0.00,shifted|GA_0.00,98,2.3998550257103194e-05,25001,0,3.447714375011856,0.0695668751936618,-95624.76222060838,0.6041555547383141
benchmark_suite,shifted,GA_0.00,shifted|GA_0.00,99,2.3609007794507604e-05,25001,0,3.442942042020149,0.0902433271953453,-89640.48242174089,0.6041508721596713
benchmark_suite,shifted,GA_0.00,shifted|GA_0.00,100,1.735466538822406e-05,25001,0,3.503288916981546,0.0821564290534979,-94297.31911675392,0.6041552422171657
benchmark_suite,shifted,GA_0.00,shifted|GA_0.00,101,2.286568497574464e-05,25001,0,3.473243583983276,0.0844857672294925,-93020.0335155536,0.60415760833088
benchmark_suite,shifted,GA_0.00,shifted|GA_0.00,102,1.765901399898193e-05,25001,0,3.4957232089946046,0.0881795498805211,-88665.07857026721,0.6041539025228696
benchmark_suite,shifted,GA_0.00,shifted|GA_0.00,103,1.622280050299704e-05,25001,0,3.539716666971799,0.0936644931756579,-97820.7564387271,0.6041534218596024
benchmark_suite,shifted,GA_0.00,shifted|GA_0.00,104,1.781307770241763e-05,25001,0,3.679383915994549,0.0798448128305636,-98691.40863693808,0.6041481795402286
benchmark_suite,shifted,GA_0.00,shifted|GA_0.00,105,3.286242238410694e-05,25001,0,3.604319542006124,0.0823515299010928,-91783.2855940107,0.6041587708572066
benchmark_suite,shifted,GA_0.00,shifted|GA_0.00,106,3.506577269876673e-05,25001,0,3.5963487080007326,0.0723695076337782,-94632.45776061912,0.6041591205584366
benchmark_suite,shifted,GA_0.00,shifted|GA_0.00,107,2.8276059641073088e-05,25001,0,3.5786974159709644,0.0875530574464134,-89868.98333964485,0.6041556073288058
benchmark_suite,shifted,GA_0.00,shifted|GA_0.00,108,8.723837701858167e-06,14101,1,3.5615620000171475,0.0902100664107227,-101647.91996902224,0.6041506044451178
benchmark_suite,shifted,GA_0.00,shifted|GA_0.00,109,4.6655699886984434e-05,25001,0,3.653333374997601,0.0963252142146273,-88005.10503960625,0.6041442474639731
benchmark_suite,shifted,GA_0.00,shifted|GA_0.00,110,3.532470416448632e-05,25001,0,3.5977802500128746,0.0860324737673865,-88917.11094477265,0.604144122528977
benchmark_suite,shifted,GA_0.00,shifted|GA_0.00,111,1.021346067873341e-05,25001,0,3.731975625007181,0.0911690978713152,-93743.0741761608,0.6041547077985258
benchmark_suite,shifted,GA_0.00,shifted|GA_0.00,112,1.3374952253251784e-05,25001,0,3.588373500009766,0.0995752047925284,-95939.85567998604,0.6041512262519726
benchmark_suite,shifted,GA_0.00,shifted|GA_0.00,113,3.479177031774193e-05,25001,0,3.5811547079938464,0.0982434386451637,-92215.2694002504,0.6041604829526234
benchmark_suite,shifted,GA_0.00,shifted|GA_0.00,114,1.908142420101921e-05,25001,0,3.5214817090018187,0.0687941520213431,-96590.33775192908,0.6041563289031949
benchmark_suite,shifted,GA_0.00,shifted|GA_0.00,115,2.707867777744432e-05,25001,0,3.459634166996693,0.0787817617320604,-86737.5079233468,0.6041469808144717
benchmark_suite,shifted,GA_0.00,shifted|GA_0.00,116,9.948464291156596e-06,19501,1,3.5036698750045616,0.083555433721079,-93591.43357998494,0.6041502555384755
benchmark_suite,shifted,GA_0.00,shifted|GA_0.00,117,2.963275652225984e-05,25001,0,3.46999179199338,0.0837747368655734,-94250.24740572071,0.6041474570251101
benchmark_suite,shifted,GA_0.00,shifted|GA_0.00,118,3.7441117941828426e-05,25001,0,3.5190710420138203,0.0839134893202792,-86861.34404848993,0.6041572588306072
benchmark_suite,shifted,GA_0.00,shifted|GA_0.00,119,6.492094429968742e-05,25001,0,3.57667524999124,0.0877915072661566,-86304.170042402,0.6041393206952215
benchmark_suite,shifted,GA_0.00,shifted|GA_0.00,120,3.35126220765545e-05,25001,0,3.6017393750080373,0.0630594906348662,-91909.1083769267,0.6041479307323163
benchmark_suite,shifted,GA_0.00,shifted|GA_0.00,121,1.8722655286631185e-05,25001,0,3.485961041995324,0.0815020604861823,-100496.66042023592,0.6041478981752394
benchmark_suite,shifted,GA_0.00,shifted|GA_0.00,122,1.1763917039283288e-05,25001,0,3.424739790993044,0.0947739867879363,-92116.67647412096,0.6041547182816136
benchmark_suite,shifted,GA_0.00,shifted|GA_0.00,123,8.260997340254425e-06,23501,1,3.476476999989245,0.0766838751431286,-103699.9251484557,0.6041505239107646
benchmark_suite,shifted,GA_0.00,shifted|GA_0.00,124,1.5182126163738732e-05,25001,0,3.5101497499854304,0.0783530632397004,-89972.61419607245,0.6041558536004817
benchmark_suite,shifted,GA_0.00,shifted|GA_0.00,125,5.251089708692557e-06,18501,1,3.4633434169809334,0.0758094253039491,-97224.44425357511,0.6041512467442302
benchmark_suite,shifted,GA_0.00,shifted|GA_0.00,126,2.600596314272348e-05,25001,0,3.451999749988317,0.0947801339756094,-92945.7599182461,0.6041583118638291
benchmark_suite,shifted,GA_0.00,shifted|GA_0.00,127,5.863454128510025e-05,25001,0,3.541645499994047,0.0732148528982455,-88110.82609752752,0.6041389359101752
benchmark_suite,shifted,GA_0.00,shifted|GA_0.00,128,4.114146650194418e-05,25001,0,3.4920353339985013,0.079021059336071,-89795.15668054094,0.6041610623777524
benchmark_suite,shifted,GA_0.00,shifted|GA_0.00,129,2.218700338342211e-05,25001,0,3.5303913750103675,0.0641705433286778,-97965.31564767398,0.6041485646708514
benchmark_suite,shifted,GA_0.00,shifted|GA_0.00,130,5.4135608937946565e-05,25001,0,3.430510750011308,0.0916658664155428,-88592.7444334864,0.6041410527582406
benchmark_suite,shifted,GA_0.00,shifted|GA_0.00,131,2.942637909522269e-05,25001,0,3.4689449169964064,0.1131787731758457,-92392.55571693787,0.6041534315623807
benchmark_suite,shifted,GA_0.00,shifted|GA_0.00,132,1.4368536919592503e-05,25001,0,3.4356413329951465,0.0812527576501905,-99377.62335534608,0.6041537075623541
benchmark_suite,shifted,GA_0.00,shifted|GA_0.00,133,3.104845651887676e-05,25001,0,3.4416784589993767,0.0945310548092385,-92213.32509792436,0.6041469928444742
benchmark_suite,shifted,GA_0.00,shifted|GA_0.00,134,6.703701036786231e-06,15301,1,3.4537956249841955,0.073793837587036,-96757.18125296076,0.6041528890238538
benchmark_suite,shifted,GA_0.00,shifted|GA_0.00,135,4.344848987408067e-05,25001,0,3.5644062909996137,0.0952124376913606,-86180.06047753413,0.6041606800910693
benchmark_suite,shifted,GA_0.00,shifted|GA_0.00,136,2.6190985606238736e-05,25001,0,3.5610017080034595,0.0913046737128491,-93103.08539931675,0.6041492613901167
benchmark_suite,shifted,GA_0.00,shifted|GA_0.00,137,1.4050317453374873e-05,25001,0,3.526229625014821,0.0820615605920006,-98053.53739800725,0.604149340056496
benchmark_suite,shifted,GA_0.00,shifted|GA_0.00,138,3.613100505264884e-05,25001,0,3.469063249998726,0.1001334975463624,-86923.4641925304,0.6041584454174396
benchmark_suite,shifted,GA_0.00,shifted|GA_0.00,139,1.4085578292543865e-05,25001,0,3.4914863749872893,0.0978974650882818,-94031.56152980786,0.6041515145385266
benchmark_suite,shifted,GA_0.00,shifted|GA_0.00,140,2.333052685111042e-05,25001,0,3.4434971250011586,0.0835894069251107,-90095.67795974604,0.6041566831239013
benchmark_suite,shifted,GA_0.00,shifted|GA_0.00,141,3.887601294867864e-05,25001,0,3.495217874995433,0.0829653449537554,-91850.43641611034,0.6041463309484734
benchmark_suite,shifted,GA_0.00,shifted|GA_0.00,142,8.771279666135446e-06,8601,1,3.505452833021991,0.0847463394923824,-102600.98181439338,0.6041516405002897
benchmark_suite,shifted,GA_0.00,shifted|GA_0.00,143,1.262516216305028e-05,25001,0,3.502703959005885,0.0883455136817821,-97543.97487724286,0.6041549489506436
benchmark_suite,shifted,GA_0.00,shifted|GA_0.00,144,1.3331335333790413e-06,6501,1,3.452442209003493,0.0876562719757235,-119317.0087775146,0.6041522858887597
benchmark_suite,shifted,GA_0.00,shifted|GA_0.00,145,2.0021594109489026e-05,25001,0,3.4836093329940923,0.0787896466810764,-95928.41987578482,0.6041494569872617
benchmark_suite,shifted,GA_0.00,shifted|GA_0.00,146,2.435182575741513e-05,25001,0,3.4138418750080746,0.0895841444174747,-90365.3736295391,0.6041511380908632
benchmark_suite,shifted,GA_0.00,shifted|GA_0.00,147,1.402111378811449e-05,25001,0,3.489555708016269,0.0830548104196951,-100581.9327731549,0.6041555539711775
benchmark_suite,shifted,GA_0.00,shifted|GA_0.00,148,5.091663764681536e-06,18601,1,3.4562267499859445,0.0851123657425694,-97618.93129886629,0.6041526949236673
benchmark_suite,shifted,GA_0.00,shifted|GA_0.00,149,2.5652399847967624e-05,25001,0,3.446890499995789,0.1010715748428059,-85333.98182757566,0.6041516805909947
benchmark_suite,shifted,GA_0.00,shifted|GA_0.00,150,2.3360515756911585e-05,25001,0,3.4442201670026407,0.0913480244933298,-93569.18174872754,0.6041578071918149
benchmark_suite,shifted,GA_0.00,shifted|GA_0.00,151,1.835644042872177e-05,25001,0,3.5079655000008643,0.1029274410020681,-89769.0582264289,0.604151196474044
benchmark_suite,shifted,GA_0.00,shifted|GA_0.00,152,5.734572057527609e-05,25001,0,3.52764008298982,0.083605302572486,-89137.41050448513,0.6041640252181083
benchmark_suite,shifted,GA_0.00,shifted|GA_0.00,153,2.4294011623315813e-05,25001,0,3.49358387500979,0.085654928491749,-91002.14226847746,0.6041468745477104
benchmark_suite,shifted,GA_0.00,shifted|GA_0.00,154,3.644657101743738e-05,25001,0,3.429843250021804,0.0734531920270644,-89605.21728477065,0.6041450376077846
benchmark_suite,shifted,GA_0.00,shifted|GA_0.00,155,3.454728094002607e-05,25001,0,3.43235004201415,0.1066504566530122,-90482.91872792284,0.6041467245332722
benchmark_suite,shifted,GA_0.00,shifted|GA_0.00,156,5.2941374285678135e-05,25001,0,3.467653875006363,0.0839324010360638,-86576.38988804324,0.6041643732384155
benchmark_suite,shifted,GA_0.00,shifted|GA_0.00,157,2.8875520758822028e-05,25001,0,3.408191374997841,0.0838955118867722,-93523.3237941218,0.6041559379311081
benchmark_suite,shifted,GA_0.00,shifted|GA_0.00,158,2.929233260601668e-05,25001,0,3.4120193340058904,0.0839907721196615,-90495.19630089909,0.6041579697960051
benchmark_suite,shifted,GA_0.00,shifted|GA_0.00,159,2.570480108017576e-05,25001,0,3.5116982919862494,0.0929600680345416,-92168.60233089044,0.6041483835189788
benchmark_suite,shifted,GA_0.00,shifted|GA_0.00,160,1.7292641875979075e-05,25001,0,3.5703249580110423,0.0775220344110838,-94288.5153998858,0.6041549680279836
benchmark_suite,shifted,GA_0.00,shifted|GA_0.00,161,4.66965398953907e-06,21501,1,3.5640604580112267,0.0948617141314202,-94086.62624677552,0.6041518600346578
benchmark_suite,shifted,GA_0.00,shifted|GA_0.00,162,2.1607361979764303e-05,25001,0,3.3878788749862,0.0929875707361867,-93769.56336164544,0.6041554921358849
benchmark_suite,shifted,GA_0.00,shifted|GA_0.00,163,5.20745335123395e-05,25001,0,3.5716266249946784,0.0723099034320793,-91900.87923682889,0.6041645749978883
benchmark_suite,shifted,GA_0.00,shifted|GA_0.00,164,4.069392264977734e-05,25001,0,3.493296125001507,0.0858306501311251,-85399.34844871194,0.6041610153854716
benchmark_suite,shifted,GA_0.00,shifted|GA_0.00,165,4.319835064511304e-05,25001,0,3.40416620898759,0.0834539574459364,-90682.93369919783,0.6041553274118033
benchmark_suite,shifted,GA_0.00,shifted|GA_0.00,166,4.471775164620819e-05,25001,0,3.5280337920121383,0.0736792182141017,-86925.42977099404,0.6041492933187341
benchmark_suite,shifted,GA_0.00,shifted|GA_0.00,167,4.565108322409486e-05,25001,0,3.516286999976728,0.0827138782583769,-87618.32490247223,0.6041463373669983
benchmark_suite,shifted,GA_0.00,shifted|GA_0.00,168,2.953860457047314e-05,25001,0,3.581918083014898,0.0882077862959494,-88276.18796592642,0.6041579707909246
benchmark_suite,shifted,GA_0.00,shifted|GA_0.00,169,1.888270536874316e-05,25001,0,3.5170891669986304,0.0839436323502193,-94434.32654997996,0.6041485914457722
benchmark_suite,shifted,GA_0.00,shifted|GA_0.00,170,2.3551717777874364e-05,25001,0,3.634142374998192,0.1098655895888525,-90083.0601736626,0.6041533664451414
benchmark_suite,shifted,GA_0.00,shifted|GA_0.00,171,3.391166441240591e-05,25001,0,3.602287542016711,0.0834818825449308,-89732.92492637312,0.6041513267274675
benchmark_suite,shifted,GA_0.00,shifted|GA_0.00,172,2.161028026375744e-06,9701,1,3.517288375005592,0.0627356784536453,-112221.99413187374,0.6041527012580523
benchmark_suite,shifted,GA_0.00,shifted|GA_0.00,173,3.563068623650522e-05,25001,0,3.5342995000246447,0.0788147346301583,-91978.19843468316,0.604157989285691
benchmark_suite,shifted,GA_0.00,shifted|GA_0.00,174,3.7403048490252416e-05,25001,0,3.487712500005728,0.0753724319683858,-89780.46872292465,0.6041447035884795
benchmark_suite,shifted,GA_0.00,shifted|GA_0.00,175,5.00497153438061e-06,10701,1,3.767054166004528,0.0693473785299384,-104374.79425220384,0.6041517773812811
benchmark_suite,shifted,GA_0.00,shifted|GA_0.00,176,7.2635174886810305e-06,20901,1,3.8646581250068266,0.09211112435087,-92438.45758179067,0.6041506986623973
benchmark_suite,shifted,GA_0.00,shifted|GA_0.00,177,6.156892933602783e-05,25001,0,3.828856832988095,0.0700692741242496,-91216.10078268308,0.6041566314980784
benchmark_suite,shifted,GA_0.00,shifted|GA_0.00,178,3.315362029498364e-05,25001,0,3.8179716669837935,0.0962710800070022,-90027.43400532455,0.604145937414729
benchmark_suite,shifted,GA_0.00,shifted|GA_0.00,179,2.3547644547809995e-05,25001,0,3.782774249993963,0.0740504648115756,-94798.33404379323,0.6041479709859366
benchmark_suite,shifted,GA_0.00,shifted|GA_0.00,180,1.0685161267669558e-05,25001,0,3.795483291993152,0.0802942531162145,-97826.81441413902,0.604151935978319
benchmark_suite,shifted,GA_0.00,shifted|GA_0.00,181,4.2214534679371456e-05,25001,0,3.833497665997129,0.1137124561936171,-88552.35809027927,0.6041588646247075
benchmark_suite,shifted,GA_0.00,shifted|GA_0.00,182,1.4356539972530328e-05,25001,0,3.853980500018224,0.0700393725806573,-96535.54956565455,0.604154036185938
benchmark_suite,shifted,GA_0.00,shifted|GA_0.00,183,3.7686188548070906e-05,25001,0,3.656905749987345,0.0676092372536858,-93729.27524700982,0.6041601521181518
benchmark_suite,shifted,GA_0.00,shifted|GA_0.00,184,2.900824783440901e-05,25001,0,3.7131139160192106,0.0703172363682925,-90171.9935119922,0.6041585947457268
benchmark_suite,shifted,GA_0.00,shifted|GA_0.00,185,1.7415154815130586e-05,25001,0,3.6608221250062334,0.0932252273380403,-92759.6108072931,0.6041552571630674
benchmark_suite,shifted,GA_0.00,shifted|GA_0.00,186,1.4822798555446432e-05,25001,0,3.739743665995775,0.0685421965904992,-101065.10183026176,0.6041501106612811
benchmark_suite,shifted,GA_0.00,shifted|GA_0.00,187,7.245734640286971e-06,8901,1,3.750213249993976,0.097710225038206,-101520.26423341758,0.6041540004650949
benchmark_suite,shifted,GA_0.00,shifted|GA_0.00,188,1.548549720860374e-05,25001,0,3.72375791700324,0.0780757909348774,-97070.21571947444,0.6041551244624422
benchmark_suite,shifted,GA_0.00,shifted|GA_0.00,189,1.6232009370323107e-05,25001,0,3.725769124983344,0.0797068924858582,-95397.95183024228,0.604155399455611
benchmark_suite,shifted,GA_0.00,shifted|GA_0.00,190,5.368721083837308e-06,17901,1,3.720693667011801,0.0863653197210573,-97312.22775072126,0.6041535394062515
benchmark_suite,shifted,GA_0.00,shifted|GA_0.00,191,1.648252998073034e-05,25001,0,3.75357741699554,0.0859481590652975,-93034.83618327133,0.604153640898666
benchmark_suite,shifted,GA_0.00,shifted|GA_0.00,192,1.2765156077340414e-05,25001,0,3.5922642500081565,0.0881473751160841,-99363.8872569378,0.6041522518445043
benchmark_suite,shifted,GA_0.00,shifted|GA_0.00,193,8.058456494069655e-06,9701,1,3.3998158749891445,0.08133857606585,-101890.63092901258,0.6041507683087184
benchmark_suite,shifted,GA_0.00,shifted|GA_0.00,194,4.681525584543275e-05,25001,0,3.608502958988538,0.0762404427323577,-90625.06092025,0.6041501465827994
benchmark_suite,shifted,GA_0.00,shifted|GA_0.00,195,4.8806464576270615e-05,25001,0,3.690946083021117,0.0741905084756939,-93095.16140902796,0.6041634484966336
benchmark_suite,shifted,GA_0.00,shifted|GA_0.00,196,4.122626469886815e-05,25001,0,3.544152790971566,0.090588812079021,-85976.54652829112,0.6041600618739601
benchmark_suite,shifted,GA_0.00,shifted|GA_0.00,197,7.998162700855156e-06,6501,1,3.5846619170042686,0.0948689457707063,-102626.66284868382,0.6041512057212376
benchmark_suite,shifted,GA_0.00,shifted|GA_0.00,198,1.71928019649814e-05,25001,0,3.542525333003141,0.1001124938660255,-94064.39511113748,0.6041500116752175
benchmark_suite,shifted,GA_0.00,shifted|GA_0.00,199,1.5933418053175026e-05,25001,0,3.744363333011279,0.1109994966831973,-89530.20905716458,0.6041527306278435
benchmark_suite,shifted,GA_0.00,shifted|GA_0.00,200,1.667344721893428e-05,25001,0,3.790759208990494,0.0714240541546559,-95993.22441110488,0.6041560314091718
benchmark_suite,shifted,GA_0.00,shifted|GA_0.00,201,2.1222235655188727e-05,25001,0,3.71084470799542,0.0828081625518439,-87737.54785860752,0.6041478305591567
benchmark_suite,shifted,GA_0.00,shifted|GA_0.00,202,4.0871345410977526e-05,25001,0,3.752054166019661,0.0787562562089132,-87444.186883177,0.6041619438649095
benchmark_suite,shifted,GA_0.00,shifted|GA_0.00,203,2.0082243582013228e-05,25001,0,3.683430875011254,0.075734144017495,-94371.95863538116,0.6041480730035945
benchmark_suite,shifted,GA_0.00,shifted|GA_0.00,204,2.4665576643254964e-05,25001,0,3.7383676250174176,0.0687446526192973,-95886.1225921728,0.6041524691968095
benchmark_suite,shifted,GA_0.00,shifted|GA_0.00,205,1.1283692158610656e-05,25001,0,3.746499000000768,0.0724338608132594,-105683.31921173306,0.6041524645073092
benchmark_suite,shifted,GA_0.00,shifted|GA_0.00,206,4.602128525951979e-05,25001,0,3.714097874995786,0.0884007632620849,-88509.97086895924,0.6041535410085771
benchmark_suite,shifted,GA_0.00,shifted|GA_0.00,207,3.484831446233022e-05,25001,0,3.670057374984026,0.0833002892595096,-95144.49613135363,0.6041451663581098
benchmark_suite,shifted,GA_0.00,shifted|GA_0.00,208,3.333787077324868e-05,25001,0,3.6357015829999,0.0795683535434228,-94142.83778701126,0.6041562041752379
benchmark_suite,shifted,GA_0.00,shifted|GA_0.00,209,6.70317105281159e-06,16901,1,3.502857749990653,0.0708214545129958,-102926.9735376627,0.6041517264465383
benchmark_suite,shifted,GA_0.00,shifted|GA_0.00,210,3.210500048374256e-06,19101,1,3.529040374996839,0.0808153305826704,-101762.86488737007,0.6041525035100439
benchmark_suite,shifted,GA_0.00,shifted|GA_0.00,211,1.7579631892720022e-05,25001,0,3.516461249993881,0.0983904732126414,-91720.47989402822,0.6041561321415517
benchmark_suite,shifted,GA_0.00,shifted|GA_0.00,212,2.4216042057980525e-05,25001,0,3.4086229169915896,0.0929492409090509,-93290.50837363504,0.6041472531343661
benchmark_suite,shifted,GA_0.00,shifted|GA_0.00,213,3.527618205169609e-05,25001,0,3.453582707996248,0.082237841128489,-88833.13047524731,0.6041443135314715
benchmark_suite,shifted,GA_0.00,shifted|GA_0.00,214,1.973729535745859e-05,25001,0,3.437216999998782,0.0773083343429795,-94613.3126108485,0.6041498663474123
benchmark_suite,shifted,GA_0.00,shifted|GA_0.00,215,1.1346175072438466e-05,25001,0,3.5316192079917528,0.0683817622996413,-104026.08007842652,0.6041504998555615
benchmark_suite,shifted,GA_0.00,shifted|GA_0.00,216,2.149578111123808e-05,25001,0,3.49801412501256,0.0764789784611953,-93566.7211514237,0.6041563857083043
benchmark_suite,shifted,GA_0.00,shifted|GA_0.00,217,1.859028404275612e-05,25001,0,3.4124947910022456,0.091632133382408,-96625.86539817417,0.6041553700418247
benchmark_suite,shifted,GA_0.00,shifted|GA_0.00,218,1.7978249436293197e-05,25001,0,3.532885458989768,0.093142133763713,-95719.57153688016,0.6041480669310968
benchmark_suite,shifted,GA_0.00,shifted|GA_0.00,219,3.898823261032272e-05,25001,0,3.4744830830022693,0.10612985677654,-86487.64274267892,0.604147489372364
benchmark_suite,shifted,GA_0.00,shifted|GA_0.00,220,2.2655430668167224e-05,25001,0,3.412548958003754,0.0763537795354292,-95029.31679884846,0.6041545288294086
benchmark_suite,shifted,GA_0.00,shifted|GA_0.00,221,3.237819684349256e-05,25001,0,3.4722002079943195,0.0778239617566541,-91063.02397410505,0.6041564227492049
benchmark_suite,shifted,GA_0.00,shifted|GA_0.00,222,4.3652274556556345e-05,25001,0,3.466403041005833,0.0915361239025682,-87837.2418735638,0.6041448551587975
benchmark_suite,shifted,GA_0.00,shifted|GA_0.00,223,3.945806662711032e-05,25001,0,3.57035729198833,0.0855182745538058,-90421.40595546358,0.604152424624517
benchmark_suite,shifted,GA_0.00,shifted|GA_0.00,224,2.570371263710692e-05,25001,0,3.5227772910147905,0.1138958568893427,-91322.57271026271,0.6041523798324243
benchmark_suite,shifted,GA_0.00,shifted|GA_0.00,225,3.683410316153013e-05,25001,0,3.404173749993788,0.0797155370563011,-91637.34957351442,0.6041592716161593
benchmark_suite,shifted,GA_0.00,shifted|GA_0.00,226,2.658474068915318e-05,25001,0,3.524029457999859,0.0927656244014595,-86589.73968711382,0.6041515494464051
benchmark_suite,shifted,GA_0.00,shifted|GA_0.00,227,1.970252472521297e-05,25001,0,3.4986562920094,0.0645641850334036,-94099.5924835328,0.6041550241272553
benchmark_suite,shifted,GA_0.00,shifted|GA_0.00,228,3.617322484023757e-05,25001,0,3.4447316250007134,0.0799164051667512,-90867.19913759842,0.6041555591601682
benchmark_suite,shifted,GA_0.00,shifted|GA_0.00,229,4.142589276671313e-05,25001,0,3.469058749993565,0.0762064103162854,-89677.636117238,0.6041564734825238
benchmark_suite,shifted,GA_0.00,shifted|GA_0.00,230,2.5050753321212856e-05,25001,0,3.46392704200116,0.0815645816314128,-90448.21151938016,0.6041476626680863
benchmark_suite,shifted,GA_0.00,shifted|GA_0.00,231,4.3698904565131e-05,25001,0,3.5067434170050547,0.0892337945868859,-90024.32391753289,0.6041592211691588
benchmark_suite,shifted,GA_0.00,shifted|GA_0.00,232,1.2349817740718564e-05,25001,0,3.506020375003573,0.078434300239807,-98567.03756542872,0.6041545730946085
benchmark_suite,shifted,GA_0.00,shifted|GA_0.00,233,1.2171995985768254e-05,25001,0,3.5080509159888607,0.0904279587973167,-90986.48207075273,0.6041504839639363
benchmark_suite,shifted,GA_0.00,shifted|GA_0.00,234,2.261277600994333e-05,25001,0,3.529741917009233,0.0795487041049383,-98360.77712914902,0.6041541549577061
benchmark_suite,shifted,GA_0.00,shifted|GA_0.00,235,1.4222609995590451e-06,13001,1,3.496176332992036,0.0873635183097288,-107184.65587256452,0.6041524420944332
benchmark_suite,shifted,GA_0.00,shifted|GA_0.00,236,3.585499930093618e-05,25001,0,3.429881624993868,0.0856991655994509,-90477.11925510068,0.6041585008497694
benchmark_suite,shifted,GA_0.00,shifted|GA_0.00,237,1.792851834618213e-06,11201,1,3.4493508750165347,0.0690622982222509,-111595.24490268012,0.604152031518942
benchmark_suite,shifted,GA_0.00,shifted|GA_0.00,238,3.8785721782172105e-05,25001,0,3.5019486249948386,0.0683949082498837,-90868.3256617164,0.6041585289974204
benchmark_suite,shifted,GA_0.00,shifted|GA_0.00,239,1.588393888833597e-05,25001,0,3.518637040979229,0.0906357863840545,-88845.36314327785,0.6041543761399172
benchmark_suite,shifted,GA_0.00,shifted|GA_0.00,240,3.493897479659218e-05,25001,0,3.483831874997122,0.0761907267488356,-91702.65004331374,0.6041458340040919
benchmark_suite,shifted,GA_0.00,shifted|GA_0.00,241,3.2355544320336855e-05,25001,0,3.407415333000245,0.0946253475876436,-92392.42546401823,0.6041446634785534
benchmark_suite,shifted,GA_0.00,shifted|GA_0.00,242,9.126301298774384e-06,14801,1,3.5725530839990824,0.0734437441666985,-99616.97345768308,0.6041539804600914
benchmark_suite,shifted,GA_0.00,shifted|GA_0.00,243,5.397430144630257e-07,15501,1,3.461512249981752,0.0718131509970035,-106814.02561254452,0.6041522581370675
benchmark_suite,shifted,GA_0.00,shifted|GA_0.00,244,8.543993703410546e-06,17301,1,3.436654500022996,0.1098051778701008,-92726.91425665544,0.6041541922613984
benchmark_suite,shifted,GA_0.00,shifted|GA_0.00,245,1.366299162883694e-05,25001,0,3.4969622920034453,0.0783172316514225,-96067.52830759996,0.6041555178091916
benchmark_suite,shifted,GA_0.00,shifted|GA_0.00,246,1.341361113996169e-05,25001,0,3.495726583001669,0.0741761995413104,-95332.52121573804,0.6041548836891214
benchmark_suite,shifted,GA_0.00,shifted|GA_0.00,247,4.8670988315491146e-05,25001,0,3.534946875006426,0.0949205570282735,-86712.03304417663,0.6041463054401833
benchmark_suite,shifted,GA_0.00,shifted|GA_0.00,248,4.438919110609098e-05,25001,0,3.5281297499896027,0.0519002198972294,-93542.68561793336,0.6041569095880401
benchmark_suite,shifted,GA_0.00,shifted|GA_0.00,249,4.266484276658895e-05,25001,0,3.346965665987227,0.0920494842761613,-90008.85584696665,0.6041436102071468
benchmark_suite,shifted,GA_0.00,shifted|GA_0.00,250,5.701794929847826e-05,25001,0,3.440580291993683,0.0653636261437462,-88147.4605320758,0.6041524027509951
benchmark_suite,shifted,GA_0.00,shifted|GA_0.00,251,5.524765423277295e-05,25001,0,3.569493165996392,0.0811470171249896,-89627.84411640096,0.6041603615763973
benchmark_suite,shifted,GA_0.00,shifted|GA_0.00,252,5.308876998690009e-05,25001,0,3.4163114159891848,0.0873757706947635,-87527.19002185829,0.604141428599151
benchmark_suite,shifted,GA_0.00,shifted|GA_0.00,253,3.30414425076661e-05,25001,0,3.406134042015765,0.1031531208451782,-89204.29872119124,0.6041446940419968
benchmark_suite,shifted,GA_0.00,shifted|GA_0.00,254,3.832923942339056e-05,25001,0,3.425206290994538,0.0833309282119192,-85621.28842143924,0.6041436216777235
benchmark_suite,shifted,GA_0.00,shifted|GA_0.00,255,2.826241613641897e-05,25001,0,3.539754333003657,0.0927127290344825,-91911.90231722228,0.6041585134779328
benchmark_suite,shifted,GA_0.00,shifted|GA_0.00,256,4.176056738318935e-05,25001,0,3.5367166670039296,0.086518068279484,-86747.76008449297,0.6041426149757325
benchmark_suite,shifted,GA_0.00,shifted|GA_0.00,257,2.377051430270981e-05,25001,0,3.408298875001492,0.075329672190885,-93767.36667610653,0.6041466990130014
benchmark_suite,shifted,GA_0.00,shifted|GA_0.00,258,1.3175154730220886e-05,25001,0,3.369584500003839,0.0744755738703156,-99795.31858849336,0.6041499178385813
benchmark_suite,shifted,GA_0.00,shifted|GA_0.00,259,1.849779759143416e-05,25001,0,3.5298044999944977,0.0794667288077029,-91657.95287476286,0.6041490615481293
benchmark_suite,shifted,GA_0.00,shifted|GA_0.00,260,6.639988526506144e-05,25001,0,3.523575583996717,0.070424210262536,-88459.40457707709,0.6041667365773835
benchmark_suite,shifted,GA_0.00,shifted|GA_0.00,261,1.0947801088201071e-05,25001,0,3.48518887499813,0.0810377475038253,-99438.97233049024,0.604151635463071
benchmark_suite,shifted,GA_0.00,shifted|GA_0.00,262,1.0002376008661988e-05,25001,0,3.505059874994913,0.0831737823577271,-101134.2630906054,0.6041533241629925
benchmark_suite,shifted,GA_0.00,shifted|GA_0.00,263,1.3837475353616603e-05,25001,0,3.520689666998805,0.0811528323250312,-96649.52929671906,0.6041539954222482
benchmark_suite,shifted,GA_0.00,shifted|GA_0.00,264,4.040989414906988e-05,25001,0,3.6030107499973374,0.0855833025030038,-90897.99821113618,0.6041618280149412
benchmark_suite,shifted,GA_0.00,shifted|GA_0.00,265,5.195840680456298e-05,25001,0,3.4827484999841545,0.086866986299129,-91357.77650453984,0.6041499706704327
benchmark_suite,shifted,GA_0.00,shifted|GA_0.00,266,5.613175845542037e-05,25001,0,3.495004707976477,0.0775397812727668,-88334.26300060473,0.6041505793058136
benchmark_suite,shifted,GA_0.00,shifted|GA_0.00,267,1.403100807552335e-05,25001,0,3.544827208010247,0.0717205971544016,-91935.36796510471,0.6041555113436898
benchmark_suite,shifted,GA_0.00,shifted|GA_0.00,268,2.224614112583238e-05,25001,0,3.559564333991148,0.084590182050189,-90697.07426589528,0.6041573334335484
benchmark_suite,shifted,GA_0.00,shifted|GA_0.00,269,2.936893747167807e-05,25001,0,3.544565583026269,0.0843894389707815,-92068.16135901156,0.6041509234193587
benchmark_suite,shifted,GA_0.00,shifted|GA_0.00,270,5.621905386514465e-05,25001,0,3.4894690419896506,0.0912118048113096,-85131.62607143947,0.6041551613907536
benchmark_suite,shifted,GA_0.00,shifted|GA_0.00,271,1.3001363478485156e-05,25001,0,3.5333142089948524,0.0691746328333135,-97139.01478055058,0.6041521774184512
benchmark_suite,shifted,GA_0.00,shifted|GA_0.00,272,1.719224661209365e-05,25001,0,3.365771082986612,0.0812723012006515,-96260.16580063217,0.6041483380823046
benchmark_suite,shifted,GA_0.00,shifted|GA_0.00,273,2.6969043510884694e-06,14801,1,3.5065807909995783,0.1142151635195724,-98898.81934892308,0.6041520740615218
benchmark_suite,shifted,GA_0.00,shifted|GA_0.00,274,5.79722623876572e-05,25001,0,3.3762355000071693,0.1001877666728595,-84935.8247069531,0.604139418094984
benchmark_suite,shifted,GA_0.00,shifted|GA_0.00,275,1.71587890218398e-05,25001,0,3.507350125000812,0.0708417610528912,-96701.34250340112,0.6041517932554915
benchmark_suite,shifted,GA_0.00,shifted|GA_0.00,276,5.766702020745756e-05,25001,0,3.470148542022798,0.077736202229881,-87317.96942687841,0.6041584559228538
benchmark_suite,shifted,GA_0.00,shifted|GA_0.00,277,5.197658312323261e-05,25001,0,3.446386458002962,0.0969685687395977,-89519.83989731674,0.6041598260949161
benchmark_suite,shifted,GA_0.00,shifted|GA_0.00,278,4.110627855389999e-05,25001,0,3.431092541984981,0.086976082409729,-86458.29416329511,0.6041619893969759
benchmark_suite,shifted,GA_0.00,shifted|GA_0.00,279,3.2539114021703484e-05,25001,0,3.54363708299934,0.1067485268142593,-90296.8795718812,0.6041480334624271
benchmark_suite,shifted,GA_0.00,shifted|GA_0.00,280,2.652158049038393e-05,25001,0,3.493396500009112,0.0884809448249226,-87897.8512624637,0.6041510077205778
benchmark_suite,shifted,GA_0.00,shifted|GA_0.00,281,1.7451174789118308e-05,25001,0,3.526960207993397,0.0983591394154041,-90402.62471353202,0.6041482151429826
benchmark_suite,shifted,GA_0.00,shifted|GA_0.00,282,6.824666755885872e-06,10001,1,3.410904709016904,0.0838769601553399,-101774.73393307104,0.6041529903462685
benchmark_suite,shifted,GA_0.00,shifted|GA_0.00,283,5.74083629825267e-05,25001,0,3.5683229170099366,0.0731739778976271,-88180.51822230351,0.6041650033984745
benchmark_suite,shifted,GA_0.00,shifted|GA_0.00,284,2.0449453712860336e-05,25001,0,3.4861545830208343,0.0913827365190292,-94027.81735060186,0.6041566504658212
benchmark_suite,shifted,GA_0.00,shifted|GA_0.00,285,3.4052880042972434e-05,25001,0,3.5327289160049986,0.0639616266886529,-93003.67379780122,0.6041476927053849
benchmark_suite,shifted,GA_0.00,shifted|GA_0.00,286,1.3778539008468868e-05,25001,0,3.514872416999424,0.0822360741114029,-97500.89261879612,0.6041492369697627
benchmark_suite,shifted,GA_0.00,shifted|GA_0.00,287,2.0792604264327164e-05,25001,0,3.6319329580001054,0.0692472291158534,-98042.17846853682,0.6041476159764438
benchmark_suite,shifted,GA_0.00,shifted|GA_0.00,288,1.9906088622357207e-05,25001,0,3.552658582979348,0.081191025401645,-96265.13945716218,0.6041551388060934
benchmark_suite,shifted,GA_0.00,shifted|GA_0.00,289,1.4756890098668288e-05,25001,0,3.712309208000079,0.0770715609559861,-99737.02463029584,0.6041489771103218
benchmark_suite,shifted,GA_0.00,shifted|GA_0.00,290,2.9159634554695146e-05,25001,0,3.572101083002053,0.070060625686261,-89565.36258513622,0.6041485468495115
benchmark_suite,shifted,GA_0.00,shifted|GA_0.00,291,1.2808100651337428e-05,25001,0,3.5699454580026213,0.0917480001998571,-92786.65450142096,0.6041548592714269
benchmark_suite,shifted,GA_0.00,shifted|GA_0.00,292,4.357218781163336e-05,25001,0,3.5592917909962125,0.097873143236735,-88899.66021288143,0.6041451903264875
benchmark_suite,shifted,GA_0.00,shifted|GA_0.00,293,3.4548996977743e-05,25001,0,3.5706767499796115,0.0851806524176403,-89864.84692348077,0.6041555053980128
benchmark_suite,shifted,GA_0.00,shifted|GA_0.00,294,4.509359254963064e-05,25001,0,3.587791666999692,0.0653313635428728,-88396.13706063235,0.6041627554574691
benchmark_suite,shifted,GA_0.00,shifted|GA_0.00,295,3.622144028791566e-05,25001,0,3.5334486670035403,0.0593187279112428,-95694.70866193286,0.6041563937826775
benchmark_suite,shifted,GA_0.00,shifted|GA_0.00,296,2.4704138956594267e-05,25001,0,3.464342999999644,0.0788061878730051,-91098.91321835812,0.6041467364931427
benchmark_suite,shifted,GA_0.00,shifted|GA_0.00,297,3.091962581404218e-05,25001,0,3.523938166006701,0.0886580133305315,-92237.00051035684,0.6041452744638194
benchmark_suite,shifted,GA_0.00,shifted|GA_0.00,298,2.4562836544947595e-05,25001,0,3.3901368340011686,0.0777658459349671,-93317.8829673417,0.6041563840845323
benchmark_suite,shifted,GA_0.00,shifted|GA_0.00,299,4.474535113615601e-05,25001,0,3.4882201250002254,0.052875939365605,-92512.84217178574,0.6041453855739204
benchmark_suite,shifted,GA_0.00,shifted|GA_0.00,300,2.4068765910142618e-05,25001,0,3.504922166990582,0.0680242287350381,-97356.59670203144,0.6041504594460909
benchmark_suite,shifted,GA_0.00,shifted|GA_0.00,301,1.4437325904196226e-05,25001,0,3.4923914580140263,0.0692398779734762,-95399.48699610907,0.6041553694920869
benchmark_suite,shifted,GA_0.00,shifted|GA_0.00,302,3.4045315327336064e-05,25001,0,3.443977125018137,0.0929816604068589,-92027.56644584236,0.6041603181502153
benchmark_suite,shifted,GA_0.00,shifted|GA_0.00,303,3.93834110199161e-05,25001,0,3.723457499989309,0.0970836951551458,-88165.5046181666,0.6041513708522932
benchmark_suite,shifted,GA_0.00,shifted|GA_0.00,304,2.3964977508187776e-05,25001,0,3.6849384999950416,0.0826166345746836,-93889.28623847762,0.604156663192588
benchmark_suite,shifted,GA_0.00,shifted|GA_0.00,305,2.4771476315283955e-05,25001,0,3.879037959006382,0.0931269233937961,-94645.200613522,0.6041497610946784
benchmark_suite,shifted,GA_0.00,shifted|GA_0.00,306,4.601595834545437e-05,25001,0,3.762842124997405,0.0716313078065694,-88051.43475731967,0.6041596596717554
benchmark_suite,shifted,GA_0.00,shifted|GA_0.00,307,3.860371791290004e-05,25001,0,3.812102332973154,0.0775844874484253,-88133.06319768511,0.6041585946272066
benchmark_suite,shifted,GA_0.00,shifted|GA_0.00,308,7.1322256436030985e-06,11201,1,3.764520625001751,0.0913878654168159,-99734.1573468496,0.6041506424410092
benchmark_suite,shifted,GA_0.00,shifted|GA_0.00,309,3.532747610076299e-05,25001,0,3.7755762909946498,0.0813033948226356,-91101.32427786168,0.6041596278169468
benchmark_suite,shifted,GA_0.00,shifted|GA_0.00,310,1.7437032958856275e-05,25001,0,3.866927875002148,0.0919238986487377,-93814.0218364528,0.6041507681908417
benchmark_suite,shifted,GA_0.00,shifted|GA_0.00,311,1.9093615556806843e-05,25001,0,3.7324043750122655,0.0723852528585211,-91245.23698446515,0.6041504590020648
benchmark_suite,shifted,GA_0.00,shifted|GA_0.00,312,2.480657131412337e-05,25001,0,3.6446140419866415,0.0831962937586211,-94108.43700331532,0.6041519649320363
benchmark_suite,shifted,GA_0.00,shifted|GA_0.00,313,2.9512034711158164e-05,25001,0,3.5699192909814883,0.1006899610323577,-87329.23187461495,0.6041491966005599
benchmark_suite,shifted,GA_0.00,shifted|GA_0.00,314,2.4124073368204336e-05,25001,0,3.593572499987204,0.0774703208559291,-96488.5038838902,0.6041533017002727
benchmark_suite,shifted,GA_0.00,shifted|GA_0.00,315,7.890330184331142e-06,17201,1,3.598773584002629,0.0873305617536609,-95386.38133567265,0.6041517995609862
benchmark_suite,shifted,GA_0.00,shifted|GA_0.00,316,4.1740761851563e-05,25001,0,3.590804667008342,0.0732268276361954,-90604.1558861699,0.6041424643578066
benchmark_suite,shifted,GA_0.00,shifted|GA_0.00,317,4.0766641345524325e-05,25001,0,3.6443375000089873,0.0828586658018248,-88885.30640588765,0.6041603602527716
benchmark_suite,shifted,GA_0.00,shifted|GA_0.00,318,1.9214063649348e-05,25001,0,3.554636457993184,0.0756832743604721,-94013.8147699707,0.604151104916331
benchmark_suite,shifted,GA_0.00,shifted|GA_0.00,319,2.2253625814635487e-05,25001,0,3.540562999987742,0.080875061516609,-96605.52971768728,0.6041574975279551
benchmark_suite,shifted,GA_0.00,shifted|GA_0.00,320,5.184703524092405e-05,25001,0,3.363736708997749,0.0816625045615034,-89556.66419755691,0.6041407217911732
benchmark_suite,shifted,GA_0.00,shifted|GA_0.00,321,3.161295307073607e-05,25001,0,3.4842241250153165,0.0935725145764567,-90000.04927468745,0.6041453928177087
benchmark_suite,shifted,GA_0.00,shifted|GA_0.00,322,1.6723245984359572e-05,25001,0,3.43667400002596,0.0777632962206043,-92410.97541001636,0.6041520808392555
benchmark_suite,shifted,GA_0.00,shifted|GA_0.00,323,2.3821182897257423e-05,25001,0,3.4454317500058096,0.0940194350564526,-90937.3185514485,0.6041557363977055
benchmark_suite,shifted,GA_0.00,shifted|GA_0.00,324,1.4170620401019908e-05,25001,0,3.4431046250101645,0.0830502156108145,-91823.9020019976,0.6041496432441079
benchmark_suite,shifted,GA_0.00,shifted|GA_0.00,325,1.7922138938692696e-05,25001,0,3.470778542017797,0.0624696955974045,-101541.968291968,0.604148267521223
benchmark_suite,shifted,GA_0.00,shifted|GA_0.00,326,3.061389078974566e-05,25001,0,3.5013236250088084,0.0952701951764193,-88339.95043911316,0.6041576889782793
benchmark_suite,shifted,GA_0.00,shifted|GA_0.00,327,1.1168596761376445e-05,25001,0,3.55901637498755,0.0814815813152425,-100223.02482339685,0.6041496662806943
benchmark_suite,shifted,GA_0.00,shifted|GA_0.00,328,4.96720770755652e-06,20001,1,3.568895833013812,0.1160141318567924,-95759.5540669447,0.6041514272151798
benchmark_suite,shifted,GA_0.00,shifted|GA_0.00,329,2.4840687120304915e-05,25001,0,3.6646864590002224,0.0884696634066381,-94265.86516749195,0.604158114082021
benchmark_suite,shifted,GA_0.00,shifted|GA_0.00,330,1.8474831992862137e-05,25001,0,3.54747929199948,0.0701424262872039,-98478.16902226076,0.6041539250902735
benchmark_suite,shifted,GA_0.00,shifted|GA_0.00,331,7.736070978650954e-06,11601,1,3.669094833021518,0.0821323838256504,-100918.83046957108,0.6041510596064174
benchmark_suite,shifted,GA_0.00,shifted|GA_0.00,332,4.184053425960326e-05,25001,0,3.730116292019375,0.076044266013087,-88429.54669974107,0.6041425640898361
benchmark_suite,shifted,GA_0.00,shifted|GA_0.00,333,4.326089144568785e-05,25001,0,3.6803904580010567,0.0850338773781673,-88779.99177301506,0.6041424385286381
benchmark_suite,shifted,GA_0.00,shifted|GA_0.00,334,3.176031413328488e-05,25001,0,3.663143999991007,0.1004549528670632,-91271.2089458371,0.6041508342211864
benchmark_suite,shifted,GA_0.00,shifted|GA_0.00,335,1.2240449092013854e-05,25001,0,3.661438375012949,0.0998808115050807,-99407.03465573015,0.6041528592669695
benchmark_suite,shifted,GA_0.00,shifted|GA_0.00,336,4.586627763090856e-05,25001,0,3.6489157910109498,0.0698870564310037,-90150.70412736986,0.6041528546915781
benchmark_suite,shifted,GA_0.00,shifted|GA_0.00,337,4.454454838187685e-05,25001,0,3.62489670800278,0.0564770568548155,-94734.43628626774,0.6041427397575723
benchmark_suite,shifted,GA_0.00,shifted|GA_0.00,338,1.2497357907021188e-05,25001,0,3.695623333012918,0.0684446077511572,-99143.26092214957,0.6041509551136036
benchmark_suite,shifted,GA_0.00,shifted|GA_0.00,339,4.9755818444587046e-05,25001,0,3.545132208993892,0.0723631431515656,-86889.55988192292,0.6041541209821122
benchmark_suite,shifted,GA_0.00,shifted|GA_0.00,340,7.224835342452401e-06,8301,1,3.519211582985008,0.1035426517532493,-102524.8322847424,0.6041533606588877
benchmark_suite,shifted,GA_0.00,shifted|GA_0.00,341,1.766357777460181e-05,25001,0,3.524187958013499,0.0815015420363854,-95065.87680497824,0.6041563242843692
benchmark_suite,shifted,GA_0.00,shifted|GA_0.00,342,1.091747788990313e-05,25001,0,3.457844209013274,0.0742780005414471,-100218.55393709372,0.6041542985116602
benchmark_suite,shifted,GA_0.00,shifted|GA_0.00,343,2.6614700330521863e-05,25001,0,3.5523605839989614,0.0677645400694836,-93236.94921346229,0.6041472348453009
benchmark_suite,shifted,GA_0.00,shifted|GA_0.00,344,3.697270277733044e-05,25001,0,3.440499083022587,0.0742428360992341,-92340.75417988223,0.6041435889701904
benchmark_suite,shifted,GA_0.00,shifted|GA_0.00,345,6.497517676693165e-05,25001,0,3.5819894580054097,0.0956304463521872,-84169.46280851049,0.6041675886962932
benchmark_suite,shifted,GA_0.00,shifted|GA_0.00,346,8.364609919217946e-06,16601,1,3.560246416978771,0.0640561284522998,-96965.70485612258,0.6041519273403855
benchmark_suite,shifted,GA_0.00,shifted|GA_0.00,347,1.897849937743737e-05,25001,0,3.445119207986864,0.0825560270320756,-92380.69667505786,0.6041494213723272
benchmark_suite,shifted,GA_0.00,shifted|GA_0.00,348,1.1801117583049645e-06,17101,1,3.505673750012648,0.0864448036991208,-99390.313908504,0.6041520313835634
benchmark_suite,shifted,GA_0.00,shifted|GA_0.00,349,1.449583551686017e-05,25001,0,3.5558527919929475,0.0747629908917349,-93306.45034838574,0.6041530547915313
benchmark_suite,shifted,GA_0.00,shifted|GA_0.00,350,2.5215926194108745e-05,25001,0,3.5322627920249943,0.0701221256907474,-88703.2224350317,0.6041545535418309
benchmark_suite,shifted,GA_0.00,shifted|GA_0.00,351,1.1964194195249158e-05,25001,0,3.5139396250015125,0.0588264837151768,-99219.27143726835,0.6041501190581949
benchmark_suite,shifted,GA_0.00,shifted|GA_0.00,352,3.855541201908512e-05,25001,0,3.64115045798826,0.1109139029518564,-88895.754799496,0.6041540503432254
benchmark_suite,shifted,GA_0.00,shifted|GA_0.00,353,4.067204183446245e-05,25001,0,3.661311583011411,0.0784101337132022,-93041.16699443694,0.6041485793903957
benchmark_suite,shifted,GA_0.00,shifted|GA_0.00,354,2.0045844903026976e-05,25001,0,3.7432667079847306,0.0908730092429411,-90169.81094531922,0.6041504108144414
benchmark_suite,shifted,GA_0.00,shifted|GA_0.00,355,2.495997431826469e-05,25001,0,3.621116166003048,0.0849964449788083,-94412.98450568892,0.6041469695006442
benchmark_suite,shifted,GA_0.00,shifted|GA_0.00,356,4.003991645778084e-05,25001,0,3.691141291987151,0.0737038670471131,-90239.97964327388,0.6041617200032863
benchmark_suite,shifted,GA_0.00,shifted|GA_0.00,357,2.031154538558222e-06,16301,1,3.619348874985008,0.0960123832775813,-101509.85990940144,0.604151825066734
benchmark_suite,shifted,GA_0.00,shifted|GA_0.00,358,2.6436743013699424e-05,25001,0,3.672405584016815,0.0833890742577464,-87058.72224560185,0.6041479255924067
benchmark_suite,shifted,GA_0.00,shifted|GA_0.00,359,4.144731132522927e-05,25001,0,3.611876458016922,0.08528020346526,-89426.27479814125,0.6041590146251649
benchmark_suite,shifted,GA_0.00,shifted|GA_0.00,360,2.0866595680615047e-05,25001,0,3.7060031669971054,0.0792183126750868,-90909.63035417824,0.6041482488836818
benchmark_suite,shifted,GA_0.00,shifted|GA_0.00,361,1.5945384394503916e-05,25001,0,3.531235124974046,0.0728108579845802,-93994.08333048596,0.6041522860955542
benchmark_suite,shifted,GA_0.00,shifted|GA_0.00,362,3.307894673557117e-05,25001,0,3.7077768330054814,0.0720132263406897,-92288.8790129188,0.6041546726461658
benchmark_suite,shifted,GA_0.00,shifted|GA_0.00,363,2.547605296613676e-05,25001,0,3.61100350000197,0.0913383740759519,-94624.58755759694,0.6041569858695168
benchmark_suite,shifted,GA_0.00,shifted|GA_0.00,364,1.43749641502504e-05,25001,0,3.6945481250004377,0.0803928002676139,-97198.49459960408,0.604155522095206
benchmark_suite,shifted,GA_0.00,shifted|GA_0.00,365,2.362843070008217e-05,25001,0,3.614026625000406,0.0949085131662443,-93437.8918668242,0.6041556946926554
benchmark_suite,shifted,GA_0.00,shifted|GA_0.00,366,3.540508373626297e-05,25001,0,3.5867637080082204,0.0982731280670106,-89017.59895290887,0.6041563769582647
benchmark_suite,shifted,GA_0.00,shifted|GA_0.00,367,1.798760885761709e-05,25001,0,3.553966167004546,0.0756397844682588,-95063.32887037922,0.6041546054682602
benchmark_suite,shifted,GA_0.00,shifted|GA_0.00,368,9.74499485951663e-06,19701,1,3.612184416007949,0.0882212815398261,-92086.64446567108,0.6041514556835808
benchmark_suite,shifted,GA_0.00,shifted|GA_0.00,369,3.789002266926708e-05,25001,0,3.51875587500399,0.1031839629862885,-89638.03771157612,0.6041588157404233
benchmark_suite,shifted,GA_0.00,shifted|GA_0.00,370,1.8476310241422417e-05,25001,0,3.532770666992292,0.0759130821158092,-97034.29658873731,0.6041494855837102
benchmark_suite,shifted,GA_0.00,shifted|GA_0.00,371,2.849156574105448e-05,25001,0,3.451920708990656,0.0745524311287353,-94174.41516862152,0.604158258327667
benchmark_suite,shifted,GA_0.00,shifted|GA_0.00,372,8.46281011547062e-06,6301,1,3.5272732909943443,0.0770938949627525,-105196.44439372425,0.6041540696480173
benchmark_suite,shifted,GA_0.00,shifted|GA_0.00,373,1.8886244541859525e-05,25001,0,3.5374522090132814,0.0746626737088033,-93966.31124986523,0.6041535171923247
benchmark_suite,shifted,GA_0.00,shifted|GA_0.00,374,1.951581137352173e-05,25001,0,3.513911707996158,0.1011752693611877,-88667.06262131192,0.6041502735585664
benchmark_suite,shifted,GA_0.00,shifted|GA_0.00,375,5.206067800831659e-05,25001,0,3.485596667014761,0.0728486934497971,-91104.98796168216,0.6041412617596716
benchmark_suite,shifted,GA_0.00,shifted|GA_0.00,376,5.213804083410856e-05,25001,0,3.631536250002682,0.0759348165537917,-90032.73151078851,0.6041462378775105
benchmark_suite,shifted,GA_0.00,shifted|GA_0.00,377,2.465080860418588e-05,25001,0,3.545218334009405,0.0846670900260132,-93270.41319004276,0.6041524913621557
benchmark_suite,shifted,GA_0.00,shifted|GA_0.00,378,5.7346436904952136e-06,17501,1,3.625613125012024,0.0821194886110879,-99040.95785190318,0.6041533237232429
benchmark_suite,shifted,GA_0.00,shifted|GA_0.00,379,4.492397865186702e-05,25001,0,3.569872083986411,0.0793519475372074,-92247.36578574029,0.6041536178952738
benchmark_suite,shifted,GA_0.00,shifted|GA_0.00,380,5.179880260238238e-05,25001,0,3.5116543749754783,0.0728327297240048,-87850.64730311342,0.6041643208050216
benchmark_suite,shifted,GA_0.00,shifted|GA_0.00,381,3.905057335519294e-05,25001,0,3.584047292009928,0.0690163393600223,-92174.96241011342,0.6041442634752978
benchmark_suite,shifted,GA_0.00,shifted|GA_0.00,382,2.2061006849098733e-05,25001,0,3.562188707990572,0.0602011686187992,-91991.00511036112,0.6041535714216555
benchmark_suite,shifted,GA_0.00,shifted|GA_0.00,383,2.124213708577e-05,25001,0,3.492466084018816,0.1055128139616333,-92208.84255843924,0.6041474822533665
benchmark_suite,shifted,GA_0.00,shifted|GA_0.00,384,2.0873958058582383e-05,25001,0,3.5209027500241064,0.0628597814096202,-98863.31610127204,0.6041566513826743
benchmark_suite,shifted,GA_0.00,shifted|GA_0.00,385,4.043269117137033e-05,25001,0,3.4488457920087967,0.0881917883354361,-87385.85064162838,0.60416171897633
benchmark_suite,shifted,GA_0.00,shifted|GA_0.00,386,4.50138405135516e-06,13001,1,3.531052000005729,0.0686027776304107,-105132.427650113,0.6041528901504074
benchmark_suite,shifted,GA_0.00,shifted|GA_0.00,387,1.2159000565842286e-05,25001,0,3.3763714589877054,0.0838000270666073,-105032.60707482688,0.6041495908396659
benchmark_suite,shifted,GA_0.00,shifted|GA_0.00,388,3.564573294415256e-05,25001,0,3.4822612919961102,0.071955282534188,-94642.35729265274,0.6041599428921334
benchmark_suite,shifted,GA_0.00,shifted|GA_0.00,389,1.2589708815691969e-05,25001,0,3.454365457990207,0.0899517864656664,-94198.80629384569,0.6041505337972656
benchmark_suite,shifted,GA_0.00,shifted|GA_0.00,390,3.299516851199552e-05,25001,0,3.4541961250070017,0.065201841171142,-93365.9544144156,0.604145964756119
benchmark_suite,shifted,GA_0.00,shifted|GA_0.00,391,3.454224802322288e-05,25001,0,3.411601707979571,0.0718669322067114,-91930.03131353128,0.6041590368115417
benchmark_suite,shifted,GA_0.00,shifted|GA_0.00,392,2.92799968640228e-05,25001,0,3.574230708007235,0.1035945923471112,-91441.2545431035,0.604151736237729
benchmark_suite,shifted,GA_0.00,shifted|GA_0.00,393,2.136017917018972e-05,25001,0,3.451217374997213,0.0751463071958527,-93127.26891456664,0.6041474514185741
benchmark_suite,shifted,GA_0.00,shifted|GA_0.00,394,1.3747514453797947e-05,25001,0,3.411237374995835,0.0771338605636642,-96343.10717778488,0.6041555428379684
benchmark_suite,shifted,GA_0.00,shifted|GA_0.00,395,1.0629114325362753e-05,25001,0,3.5107215419993736,0.0974721105959655,-96678.59545477029,0.6041534065353916
benchmark_suite,shifted,GA_0.00,shifted|GA_0.00,396,7.82275482915236e-06,11701,1,3.4852185839845333,0.0989706122499183,-98553.6264423232,0.6041509490252653
benchmark_suite,shifted,GA_0.00,shifted|GA_0.00,397,2.013651424039368e-05,25001,0,3.437146499985829,0.0939118938943498,-92060.0502285272,0.6041552902739509
benchmark_suite,shifted,GA_0.00,shifted|GA_0.00,398,4.850233890754164e-05,25001,0,3.469778375001624,0.0726502696056242,-89714.81522106682,0.6041488617290737
benchmark_suite,shifted,GA_0.00,shifted|GA_0.00,399,2.8005177490124605e-05,25001,0,3.4127156250178814,0.092940185570851,-93142.94047990686,0.6041499821709775
benchmark_suite,shifted,GA_0.00,shifted|GA_0.00,400,3.797866059750817e-05,25001,0,3.5458196670224424,0.073304566417037,-92121.49672905754,0.6041479141559527
benchmark_suite,shifted,GA_0.00,shifted|GA_0.00,401,3.002818766239662e-05,25001,0,3.476291333994596,0.0797867850658359,-89843.34343100298,0.6041462319925791
benchmark_suite,shifted,GA_0.00,shifted|GA_0.00,402,2.191269333196284e-05,25001,0,3.4065680830099154,0.0890415328458837,-87030.71467874871,0.6041471355634129
benchmark_suite,shifted,GA_0.00,shifted|GA_0.00,403,2.753260419856096e-05,25001,0,3.57459375000326,0.080813085880757,-92566.16059898956,0.6041574132381291
benchmark_suite,shifted,GA_0.00,shifted|GA_0.00,404,2.4031364652227187e-05,25001,0,3.493906792020425,0.1039326886380711,-91839.47482142068,0.6041540125098585
benchmark_suite,shifted,GA_0.00,shifted|GA_0.00,405,2.292937695054173e-05,25001,0,3.520879999996396,0.071422204355945,-96332.8151544876,0.6041493285847569
benchmark_suite,shifted,GA_0.00,shifted|GA_0.00,406,1.359374713270274e-05,25001,0,3.485244750016136,0.0762202870479984,-96239.51778993322,0.6041494211162532
benchmark_suite,shifted,GA_0.00,shifted|GA_0.00,407,3.797048037589581e-05,25001,0,3.364348125003744,0.0745630643040344,-92485.24356648768,0.6041492400109423
benchmark_suite,shifted,GA_0.00,shifted|GA_0.00,408,2.480247139912872e-05,25001,0,3.50890650000656,0.0729733206562261,-93851.3479173666,0.6041492968551354
benchmark_suite,shifted,GA_0.00,shifted|GA_0.00,409,1.6560051362479923e-05,25001,0,3.467133957979968,0.0810976934265873,-93480.18409821556,0.6041501504370421
benchmark_suite,shifted,GA_0.00,shifted|GA_0.00,410,1.5600298865338632e-05,25001,0,3.492156083986629,0.0692692096095675,-98237.1274506524,0.6041544661595143
benchmark_suite,shifted,GA_0.00,shifted|GA_0.00,411,2.378641700928568e-05,25001,0,3.5856677500123624,0.0966067730830593,-88414.20279390262,0.6041468248860223
benchmark_suite,shifted,GA_0.00,shifted|GA_0.00,412,1.1032113711319497e-05,25001,0,3.433277458010707,0.1049711158408424,-93235.07854823853,0.6041518014776415
benchmark_suite,shifted,GA_0.00,shifted|GA_0.00,413,3.1159108378709217e-05,25001,0,3.4605108330142684,0.0694415573588727,-94677.84048561536,0.6041593508757466
benchmark_suite,shifted,GA_0.00,shifted|GA_0.00,414,1.5500918159497966e-05,25001,0,3.3972052079916466,0.080851403758637,-90633.80478467222,0.6041503853816443
benchmark_suite,shifted,GA_0.00,shifted|GA_0.00,415,6.346600304294838e-06,8601,1,3.3535460839921143,0.0746508434224161,-105641.18435974867,0.6041532540146903
benchmark_suite,shifted,GA_0.00,shifted|GA_0.00,416,1.4369093235874244e-05,25001,0,3.5402778330026194,0.085810625952257,-92894.60722191446,0.6041519968986997
benchmark_suite,shifted,GA_0.00,shifted|GA_0.00,417,2.261869635211953e-05,25001,0,3.471829499991145,0.0875308634445257,-89300.5197164135,0.6041497551722924
benchmark_suite,shifted,GA_0.00,shifted|GA_0.00,418,1.1083819858461442e-05,25001,0,3.4383994580130093,0.0780201638259125,-99919.17251565064,0.6041513334460424
benchmark_suite,shifted,GA_0.00,shifted|GA_0.00,419,9.043175769237913e-06,23701,1,3.482081833004486,0.0782030750808001,-98769.65798941962,0.6041528480947865
benchmark_suite,shifted,GA_0.00,shifted|GA_0.00,420,3.575604345212248e-05,25001,0,3.457134583994048,0.068767541279857,-93819.65982271866,0.6041588416595193
benchmark_suite,shifted,GA_0.00,shifted|GA_0.00,421,1.2629400030994645e-05,25001,0,3.4282421249954496,0.0870275752563154,-91358.318850747,0.6041493390109595
benchmark_suite,shifted,GA_0.00,shifted|GA_0.00,422,5.00949470100176e-06,19301,1,3.484298541996395,0.0860136529305086,-100149.8936172904,0.60415274118838
benchmark_suite,shifted,GA_0.00,shifted|GA_0.00,423,2.056689555604645e-05,25001,0,3.3707377089885995,0.0720333538759169,-98004.25295710066,0.6041552021497183
benchmark_suite,shifted,GA_0.00,shifted|GA_0.00,424,4.100031688710576e-05,25001,0,3.5621076250099577,0.0761263732417279,-93000.97451107865,0.6041451040566829
benchmark_suite,shifted,GA_0.00,shifted|GA_0.00,425,3.4117476869441417e-06,10101,1,3.483585999987554,0.0615450061189368,-109732.24934400123,0.604153073281141
benchmark_suite,shifted,GA_0.00,shifted|GA_0.00,426,1.7408395961539862e-05,25001,0,3.4547268750029616,0.0988764884522425,-95354.06799292965,0.6041563998497882
benchmark_suite,shifted,GA_0.00,shifted|GA_0.00,427,3.0096435645878487e-05,25001,0,3.427492040995276,0.0761153211217185,-92081.921148187,0.6041452808855666
benchmark_suite,shifted,GA_0.00,shifted|GA_0.00,428,9.92804332255967e-06,6701,1,3.5107761670078617,0.0695419278388418,-103353.94951223016,0.6041541398611184
benchmark_suite,shifted,GA_0.00,shifted|GA_0.00,429,2.459282153843184e-05,25001,0,3.468928083020728,0.076674051475186,-96103.90495293523,0.6041579505330673
benchmark_suite,shifted,GA_0.00,shifted|GA_0.00,430,1.6433447539098818e-05,25001,0,3.4907720839837566,0.0883685650612274,-98648.19422287648,0.6041500684026803
benchmark_suite,shifted,GA_0.00,shifted|GA_0.00,431,4.104384126977508e-05,25001,0,3.397048832994188,0.0806714684692685,-88069.16979470654,0.604146493208327
benchmark_suite,shifted,GA_0.00,shifted|GA_0.00,432,3.876873226556118e-05,25001,0,5.096831041999394,0.0781629264677891,-88856.43685425837,0.6041523124698759
benchmark_suite,shifted,GA_0.00,shifted|GA_0.00,433,2.5375106848194785e-05,25001,0,4.39308800001163,0.0930467050857426,-94560.98668966806,0.6041525652139872
benchmark_suite,shifted,GA_0.00,shifted|GA_0.00,434,2.065491228878839e-05,25001,0,4.908097790990723,0.0672963033481147,-97492.07348719257,0.6041570681901263
benchmark_suite,shifted,GA_0.00,shifted|GA_0.00,435,4.725606731422118e-05,25001,0,4.9870735830045305,0.0700949521513541,-92179.03455892844,0.6041629515184205
benchmark_suite,shifted,GA_0.00,shifted|GA_0.00,436,1.1436502882123744e-05,25001,0,4.986772792006377,0.0723357199429058,-102133.87137203658,0.6041497797460487
benchmark_suite,shifted,GA_0.00,shifted|GA_0.00,437,2.1397569379610387e-06,15301,1,4.961323291005101,0.0907983128818131,-104025.89675380816,0.6041518061560426
benchmark_suite,shifted,GA_0.00,shifted|GA_0.00,438,1.0603639501795807e-05,25001,0,5.04101862499374,0.0783019443656444,-102320.55733014308,0.6041503545005918
benchmark_suite,shifted,GA_0.00,shifted|GA_0.00,439,1.8775415798639045e-05,25001,0,4.933622415992431,0.0732285555661649,-98611.05031092132,0.6041566150467444
benchmark_suite,shifted,GA_0.00,shifted|GA_0.00,440,5.259582213438281e-06,12601,1,3.9442467500048224,0.0766833175812555,-104187.0057722613,0.604153109339015
benchmark_suite,shifted,GA_0.00,shifted|GA_0.00,441,2.256687267359049e-05,25001,0,3.49253512499854,0.0717291130286793,-90731.17574286724,0.6041573612526382
benchmark_suite,shifted,GA_0.00,shifted|GA_0.00,442,8.553941464102355e-06,11701,1,3.43745758300065,0.1027012799848281,-96771.835063581,0.604153822678446
benchmark_suite,shifted,GA_0.00,shifted|GA_0.00,443,3.281362913811501e-05,25001,0,3.411282749992097,0.1072385992875711,-87109.38696551943,0.6041454884329798
benchmark_suite,shifted,GA_0.00,shifted|GA_0.00,444,2.551502643438312e-05,25001,0,3.4410694999969564,0.0845269336496726,-91747.76868798176,0.6041540010748302
benchmark_suite,shifted,GA_0.00,shifted|GA_0.00,445,1.827582315431711e-05,25001,0,3.490640415984672,0.0732695116037943,-97243.33262547916,0.6041481687925746
benchmark_suite,shifted,GA_0.00,shifted|GA_0.00,446,6.1355751511219e-05,25001,0,3.5631048750074115,0.0872153320426989,-86342.72682756645,0.6041490040825479
benchmark_suite,shifted,GA_0.00,shifted|GA_0.00,447,1.2334651637767196e-05,25001,0,3.423167792003369,0.0833557771294154,-98999.63125537688,0.6041501547072653
benchmark_suite,shifted,GA_0.00,shifted|GA_0.00,448,1.1184629346141512e-05,25001,0,3.5265871250012424,0.08583761843239,-95823.04143759725,0.604152160981581
benchmark_suite,shifted,GA_0.00,shifted|GA_0.00,449,3.1666401520763535e-05,25001,0,3.526596333016641,0.0834632997911674,-94457.5128408438,0.6041579028220734
benchmark_suite,shifted,GA_0.00,shifted|GA_0.00,450,1.034589242074246e-05,25001,0,3.497557083988795,0.0824343111954646,-88945.30889668566,0.6041546232193676
benchmark_suite,shifted,GA_0.00,shifted|GA_0.00,451,3.0424733917018472e-05,25001,0,3.507974291977007,0.0703215073510245,-94425.07831588115,0.6041521829174153
benchmark_suite,shifted,GA_0.00,shifted|GA_0.00,452,3.180197569024329e-05,25001,0,3.454996749991551,0.0806077109226545,-93741.11390643987,0.6041544778521795
benchmark_suite,shifted,GA_0.00,shifted|GA_0.00,453,4.062035769408781e-06,17501,1,3.5066819170024246,0.0835792717453126,-99315.59175331828,0.6041524655837093
benchmark_suite,shifted,GA_0.00,shifted|GA_0.00,454,3.1494992211922826e-05,25001,0,3.5010173750051763,0.0921684939867703,-89484.0611289512,0.6041470094588235
benchmark_suite,shifted,GA_0.00,shifted|GA_0.00,455,1.3017270967574434e-05,25001,0,3.4177225840103347,0.0786385766441222,-93165.07589426904,0.6041519664975445
benchmark_suite,shifted,GA_0.00,shifted|GA_0.00,456,1.701867876030422e-05,25001,0,3.4326436250121333,0.0790396575239003,-92283.0244223716,0.6041511189960708
benchmark_suite,shifted,GA_0.00,shifted|GA_0.00,457,2.5026437008631e-05,25001,0,3.5569414579949807,0.0875485173294234,-92670.59127436305,0.6041470843826636
benchmark_suite,shifted,GA_0.00,shifted|GA_0.00,458,3.932250710005359e-05,25001,0,3.4375631249859,0.0708028264025538,-91803.44152387956,0.6041533262886402
benchmark_suite,shifted,GA_0.00,shifted|GA_0.00,459,4.5103538101081344e-05,25001,0,3.426713333989028,0.0784350509220311,-90006.20682985733,0.6041625951261232
benchmark_suite,shifted,GA_0.00,shifted|GA_0.00,460,1.3013381232539576e-05,25001,0,3.455760334007209,0.0840012558419722,-93183.32896538547,0.604153977480903
benchmark_suite,shifted,GA_0.00,shifted|GA_0.00,461,3.462806721381844e-05,25001,0,3.565364374982892,0.0750274984949558,-91023.88865235068,0.6041557517620134
benchmark_suite,shifted,GA_0.00,shifted|GA_0.00,462,3.800864162827583e-05,25001,0,3.511050209024688,0.0783253320089696,-91243.97317999216,0.6041478676986702
benchmark_suite,shifted,GA_0.00,shifted|GA_0.00,463,3.7649982886510006e-05,25001,0,3.387978667014977,0.0759059395555292,-89586.25013958421,0.6041610789820512
benchmark_suite,shifted,GA_0.00,shifted|GA_0.00,464,2.44069193744238e-05,25001,0,3.387098583014449,0.072988552534302,-94031.97785165164,0.6041487436342523
benchmark_suite,shifted,GA_0.00,shifted|GA_0.00,465,5.4666079146139385e-05,25001,0,3.448364167008549,0.0626423936482506,-88559.46122845805,0.6041546130697708
benchmark_suite,shifted,GA_0.00,shifted|GA_0.00,466,1.4998860748177094e-05,25001,0,3.505973041988909,0.0953962924261479,-91306.9584344345,0.6041552794764523
benchmark_suite,shifted,GA_0.00,shifted|GA_0.00,467,2.546136257969885e-05,25001,0,3.425656707986491,0.0910771983672613,-94391.08077043544,0.6041581669750479
benchmark_suite,shifted,GA_0.00,shifted|GA_0.00,468,1.3593567454003962e-05,25001,0,3.448167750000721,0.0776748421469538,-99346.76871162778,0.6041546306904507
benchmark_suite,shifted,GA_0.00,shifted|GA_0.00,469,2.552158727844841e-05,25001,0,3.534441459021764,0.0865820575625266,-91196.93869308938,0.6041575152276744
benchmark_suite,shifted,GA_0.00,shifted|GA_0.00,470,4.112978551950826e-05,25001,0,3.5261481250054203,0.073531576380772,-90845.41693040458,0.6041539197499113
benchmark_suite,shifted,GA_0.00,shifted|GA_0.00,471,2.168720549387972e-05,25001,0,3.462708749982994,0.0673739459225768,-93274.76973236664,0.604147782796635
benchmark_suite,shifted,GA_0.00,shifted|GA_0.00,472,3.335070961299414e-05,25001,0,3.500254457991105,0.0970516088993838,-91634.8012474858,0.6041590927086267
benchmark_suite,shifted,GA_0.00,shifted|GA_0.00,473,8.07846358674537e-06,14001,1,3.3876943750074133,0.0802032006289763,-97321.69693469723,0.6041540327534686
benchmark_suite,shifted,GA_0.00,shifted|GA_0.00,474,3.049127875685536e-05,25001,0,3.4841769589984324,0.0803053437242269,-91836.3160687742,0.6041586426341548
benchmark_suite,shifted,GA_0.00,shifted|GA_0.00,475,4.4143396694050514e-05,25001,0,3.4685473749996163,0.0825557697905947,-90256.3921076734,0.6041622551161498
benchmark_suite,shifted,GA_0.00,shifted|GA_0.00,476,2.0414525574552515e-05,25001,0,3.534084500017343,0.0703570654099368,-94720.8689405978,0.6041530344241197
benchmark_suite,shifted,GA_0.00,shifted|GA_0.00,477,2.6828505158721814e-05,25001,0,3.5750376249779947,0.0835061961190026,-90838.50702296468,0.6041484593955081
benchmark_suite,shifted,GA_0.00,shifted|GA_0.00,478,4.08900461614212e-06,19101,1,3.4699392909824383,0.0869260436721928,-94532.40789516324,0.604152365355895
benchmark_suite,shifted,GA_0.00,shifted|GA_0.00,479,1.6000614048190404e-05,25001,0,3.3815748339984566,0.094647850906402,-92532.04279059482,0.6041495481155376
benchmark_suite,shifted,GA_0.00,shifted|GA_0.00,480,3.1061369533834806e-05,25001,0,3.4143462080101017,0.0953907623708205,-94525.40508021132,0.6041523401689691
benchmark_suite,shifted,GA_0.00,shifted|GA_0.00,481,3.088965069885356e-05,25001,0,3.430023416993208,0.0720360763587914,-90841.25712653276,0.6041491459474824
benchmark_suite,shifted,GA_0.00,shifted|GA_0.00,482,1.6798704961769706e-05,25001,0,3.5189748749835417,0.0877663593687884,-99449.2077149963,0.6041537048206327
benchmark_suite,shifted,GA_0.00,shifted|GA_0.00,483,2.541358857323464e-05,25001,0,3.478306542005157,0.0863511294971383,-89962.82840347089,0.6041542525740129
benchmark_suite,shifted,GA_0.00,shifted|GA_0.00,484,4.530700939874823e-05,25001,0,3.467719375010347,0.0783569725375565,-89825.16519249401,0.6041575068970919
benchmark_suite,shifted,GA_0.00,shifted|GA_0.00,485,1.3180378212339408e-05,25001,0,3.537599458009936,0.0889090907135228,-95001.80809091292,0.6041553967680866
benchmark_suite,shifted,GA_0.00,shifted|GA_0.00,486,1.2012258498765624e-05,25001,0,3.5714576250175014,0.0702229973965438,-100699.49886417684,0.6041494645718148
benchmark_suite,shifted,GA_0.00,shifted|GA_0.00,487,3.1429004125451805e-05,25001,0,3.425397707993397,0.1045407381358946,-87365.53585710903,0.604154451515631
benchmark_suite,shifted,GA_0.00,shifted|GA_0.00,488,3.622861803872265e-05,25001,0,3.512651833007112,0.0684380555611422,-93037.70168584531,0.6041462057389051
benchmark_suite,shifted,GA_0.00,shifted|GA_0.00,489,2.434478549606746e-05,25001,0,3.497887499979697,0.0810876497613285,-95860.86137162484,0.6041469319188467
benchmark_suite,shifted,GA_0.00,shifted|GA_0.00,490,2.151244675959877e-06,7701,1,3.5452960419934243,0.0897653021388437,-113962.7300107294,0.6041521708223295
benchmark_suite,shifted,GA_0.00,shifted|GA_0.00,491,1.0672019815174904e-05,25001,0,3.537557959003607,0.0973823846057354,-99818.54025658988,0.6041544710739523
benchmark_suite,shifted,GA_0.00,shifted|GA_0.00,492,2.393530993107383e-05,25001,0,3.5567546669917647,0.0808576792698435,-95602.5003781379,0.6041495204818462
benchmark_suite,shifted,GA_0.00,shifted|GA_0.00,493,3.278210758711311e-05,25001,0,3.5712365419894923,0.0677951345790388,-91146.43391271196,0.6041465313578209
benchmark_suite,shifted,GA_0.00,shifted|GA_0.00,494,4.601685585786577e-05,25001,0,3.585034292016644,0.0805366733142981,-85465.5121067752,0.6041414776482263
benchmark_suite,shifted,GA_0.00,shifted|GA_0.00,495,9.317289896128152e-06,20701,1,3.5292520840012003,0.0765889273312756,-91623.34706645794,0.6041525910394866
benchmark_suite,shifted,GA_0.00,shifted|GA_0.00,496,3.107612069493913e-05,25001,0,3.560213084012503,0.0804919237026492,-94358.2941432928,0.6041520013057012
benchmark_suite,shifted,GA_0.00,shifted|GA_0.00,497,5.957176373554243e-05,25001,0,3.4744818749895785,0.0891390258689191,-86632.56667896418,0.6041383494438798
benchmark_suite,shifted,GA_0.00,shifted|GA_0.00,498,1.0141616896137544e-05,25001,0,3.5692759579978883,0.0823270043530816,-92457.87283715306,0.6041516545140807
benchmark_suite,shifted,GA_0.00,shifted|GA_0.00,499,2.951071048097084e-05,25001,0,3.5092661250091624,0.0809226377807122,-92642.4297171378,0.6041592575181705
benchmark_suite,shifted,GA_0.00,shifted|GA_0.00,500,2.1008174748162385e-05,25001,0,3.5463334590021987,0.0810847406893262,-93172.64200775237,0.6041569317963066
benchmark_suite,shifted,GA_0.10,shifted|GA_0.10,1,3.987526233972277e-05,25001,0,3.5396355410048272,0.0208300410269821,-97255.83932179913,0.6041617087518837
benchmark_suite,shifted,GA_0.10,shifted|GA_0.10,2,5.608280813104763e-05,25001,0,3.4713384589995258,0.0188301240199326,-94234.24855631909,0.6041640037942679
benchmark_suite,shifted,GA_0.10,shifted|GA_0.10,3,1.828516383766437e-05,25001,0,3.389577041991288,0.0174500939892764,-102252.73653004432,0.604155971687183
benchmark_suite,shifted,GA_0.10,shifted|GA_0.10,4,4.36001254117267e-05,25001,0,3.4205593340157066,0.0282069023495611,-96043.74175632816,0.6041437190492519
benchmark_suite,shifted,GA_0.10,shifted|GA_0.10,5,3.867572777060576e-05,25001,0,3.4258868749893736,0.0357577725967855,-95684.78231571877,0.6041614167128142
benchmark_suite,shifted,GA_0.10,shifted|GA_0.10,6,5.8799358974610505e-05,25001,0,3.4821332920109853,0.0341224609490948,-94146.18307774558,0.6041553942081844
benchmark_suite,shifted,GA_0.10,shifted|GA_0.10,7,2.6294719255743e-05,25001,0,3.391052708000643,0.0181334009110417,-100076.03428288845,0.6041579678176866
benchmark_suite,shifted,GA_0.10,shifted|GA_0.10,8,3.2106445935642024e-05,25001,0,3.4707154589996208,0.025897720771606,-101197.322134168,0.6041546700305999
benchmark_suite,shifted,GA_0.10,shifted|GA_0.10,9,4.836706668430079e-06,9701,1,3.51269229198806,0.0281751634923697,-109506.16707678708,0.6041518841010396
benchmark_suite,shifted,GA_0.10,shifted|GA_0.10,10,1.3029597842679902e-05,25001,0,3.450028374994872,0.0188770491107091,-100050.75889963689,0.6041548528824568
benchmark_suite,shifted,GA_0.10,shifted|GA_0.10,11,5.73839828787544e-06,5701,1,3.419150625006296,0.0154369700303799,-115569.37108048784,0.6041513630317713
benchmark_suite,shifted,GA_0.10,shifted|GA_0.10,12,5.2258888548993e-05,25001,0,3.4208089580060914,0.0375506884517503,-94385.6280413307,0.6041529170263874
benchmark_suite,shifted,GA_0.10,shifted|GA_0.10,13,1.905723947087927e-05,25001,0,3.4367015410098247,0.0180128169598504,-109224.83961654353,0.60415659689375
benchmark_suite,shifted,GA_0.10,shifted|GA_0.10,14,1.9102684225385664e-05,25001,0,3.520856749993982,0.0253379620285332,-99398.72436621728,0.6041486489134934
benchmark_suite,shifted,GA_0.10,shifted|GA_0.10,15,1.9802527569939088e-05,25001,0,3.3895928749989253,0.0261319580571822,-98407.3400958979,0.6041569610893801
benchmark_suite,shifted,GA_0.10,shifted|GA_0.10,16,8.109545424814235e-06,9801,1,3.4078025839990005,0.0184523300561004,-110089.70479581544,0.6041503898755657
benchmark_suite,shifted,GA_0.10,shifted|GA_0.10,17,3.902593349188105e-05,25001,0,3.493664000008721,0.0246877537624782,-98719.14427047176,0.6041460674809417
benchmark_suite,shifted,GA_0.10,shifted|GA_0.10,18,7.808151590688153e-06,9901,1,3.5119028750050347,0.0160606247334543,-108989.4578932292,0.6041532913153576
benchmark_suite,shifted,GA_0.10,shifted|GA_0.10,19,5.361610081047065e-05,25001,0,3.3991804579854943,0.032485837895108,-92772.4785255265,0.6041499621734164
benchmark_suite,shifted,GA_0.10,shifted|GA_0.10,20,3.817471016161173e-05,25001,0,3.40353054201114,0.0233343022638278,-96459.34619293848,0.6041607116495454
benchmark_suite,shifted,GA_0.10,shifted|GA_0.10,21,5.79563955818269e-05,25001,0,3.439887916989392,0.0260230366413558,-93340.0021913546,0.6041507389265743
benchmark_suite,shifted,GA_0.10,shifted|GA_0.10,22,3.336590606226901e-05,25001,0,3.540545583004132,0.0231817204485803,-99024.12462782073,0.6041539360889088
benchmark_suite,shifted,GA_0.10,shifted|GA_0.10,23,1.5737234786406766e-05,25001,0,3.3967573750123847,0.0198027565783412,-108014.28575473622,0.604155166879181
benchmark_suite,shifted,GA_0.10,shifted|GA_0.10,24,2.2810636034623007e-05,25001,0,3.4606909999856725,0.0188496065349384,-96990.54754014508,0.6041575838748917
benchmark_suite,shifted,GA_0.10,shifted|GA_0.10,25,1.8787439344896785e-05,25001,0,3.4755937500158325,0.0278940906084052,-102113.84322011186,0.604151323525793
benchmark_suite,shifted,GA_0.10,shifted|GA_0.10,26,6.386350156553164e-05,25001,0,3.460841000021901,0.015252376125185,-95393.24355803795,0.6041489555482604
benchmark_suite,shifted,GA_0.10,shifted|GA_0.10,27,1.0743458207830011e-05,25001,0,3.4689290410024114,0.0232663399196497,-104216.56274282763,0.6041498550013472
benchmark_suite,shifted,GA_0.10,shifted|GA_0.10,28,1.9682691066710176e-05,25001,0,3.4726075420039706,0.0396570259742276,-101944.81063799336,0.604156905313798
benchmark_suite,shifted,GA_0.10,shifted|GA_0.10,29,1.1104214945670504e-05,25001,0,3.3886605000006966,0.0472272539166994,-93804.83199786104,0.60415491907659
benchmark_suite,shifted,GA_0.10,shifted|GA_0.10,30,2.013619445591676e-05,25001,0,3.4984861249977257,0.0271889800663367,-102245.75448915434,0.6041475861348098
benchmark_suite,shifted,GA_0.10,shifted|GA_0.10,31,6.91131213383411e-06,17501,1,3.519724458019482,0.0208148715405844,-102178.54912111712,0.60415144247442
benchmark_suite,shifted,GA_0.10,shifted|GA_0.10,32,3.1035209021175785e-05,25001,0,3.46931395799038,0.0562332668673765,-92067.08713246012,0.6041543446555396
benchmark_suite,shifted,GA_0.10,shifted|GA_0.10,33,5.196716675506025e-05,25001,0,3.4519131669949275,0.0153456504498741,-98461.25310059742,0.6041540579090234
benchmark_suite,shifted,GA_0.10,shifted|GA_0.10,34,2.509879331608277e-05,25001,0,3.463020834024064,0.0161855796061761,-104537.6058580701,0.6041464995078089
benchmark_suite,shifted,GA_0.10,shifted|GA_0.10,35,3.4638677899234003e-05,25001,0,3.382166708004661,0.0637575296120965,-93958.65669839868,0.6041596845186239
benchmark_suite,shifted,GA_0.10,shifted|GA_0.10,36,1.1920444657431252e-05,25001,0,3.438504499994451,0.0223982905145344,-106542.92480612284,0.6041497692719275
benchmark_suite,shifted,GA_0.10,shifted|GA_0.10,37,3.799033438827009e-05,25001,0,3.3825139999971725,0.0228325816145754,-95817.84397348927,0.6041461358912292
benchmark_suite,shifted,GA_0.10,shifted|GA_0.10,38,1.9461372904354685e-05,25001,0,3.4614871249941643,0.0293003090439522,-96361.67537653603,0.6041494565464383
benchmark_suite,shifted,GA_0.10,shifted|GA_0.10,39,2.531699831790257e-05,25001,0,3.502115999988746,0.0170715852664868,-103376.16119858348,0.6041577936644265
benchmark_suite,shifted,GA_0.10,shifted|GA_0.10,40,4.258714329050071e-05,25001,0,3.469290417007869,0.0221589431678448,-96763.56268601005,0.6041604143234384
benchmark_suite,shifted,GA_0.10,shifted|GA_0.10,41,3.575669549492927e-05,25001,0,3.443902250000974,0.0178127397570839,-97559.75307178922,0.6041467252984856
benchmark_suite,shifted,GA_0.10,shifted|GA_0.10,42,4.6972024497860985e-05,25001,0,3.361571874993388,0.0292118646580013,-95670.4856962153,0.6041551517210327
benchmark_suite,shifted,GA_0.10,shifted|GA_0.10,43,2.438057667850466e-05,25001,0,3.538844875001814,0.0187395184037581,-99994.74822153412,0.6041508068370797
benchmark_suite,shifted,GA_0.10,shifted|GA_0.10,44,2.7328388378569342e-05,25001,0,3.481988249986898,0.0224195791770642,-96544.79053528197,0.6041480894996228
benchmark_suite,shifted,GA_0.10,shifted|GA_0.10,45,4.546078336895501e-05,25001,0,3.45257033300004,0.0213049112139846,-97350.93428484886,0.6041551725924534
benchmark_suite,shifted,GA_0.10,shifted|GA_0.10,46,3.024609053526482e-05,25001,0,3.439380042022094,0.030840492156143,-95145.25603754728,0.6041478041628257
benchmark_suite,shifted,GA_0.10,shifted|GA_0.10,47,1.5710403852982615e-05,25001,0,3.4455046670045704,0.0263780177016394,-101527.05484488342,0.604153367495062
benchmark_suite,shifted,GA_0.10,shifted|GA_0.10,48,2.829737180428784e-05,25001,0,3.4648303329886403,0.0208993024573009,-103485.32047045523,0.6041576832136751
benchmark_suite,shifted,GA_0.10,shifted|GA_0.10,49,1.826602792247822e-05,25001,0,3.387936707993504,0.0159362293350424,-109640.6193573917,0.6041486939644797
benchmark_suite,shifted,GA_0.10,shifted|GA_0.10,50,5.006630502765793e-05,25001,0,3.491544334014179,0.0280457991031955,-96378.8503594814,0.6041632571208791
benchmark_suite,shifted,GA_0.10,shifted|GA_0.10,51,1.7388269645650748e-05,25001,0,3.533457333978731,0.0293666119189237,-102158.81005893646,0.6041542670385253
benchmark_suite,shifted,GA_0.10,shifted|GA_0.10,52,3.469355154588394e-05,25001,0,3.4287023749784566,0.0252115549074469,-99224.6157707094,0.604144311650954
benchmark_suite,shifted,GA_0.10,shifted|GA_0.10,53,7.704923463115172e-06,12201,1,3.4096052079985384,0.0349920894735146,-104258.29370312582,0.6041541120304861
benchmark_suite,shifted,GA_0.10,shifted|GA_0.10,54,4.47146133597443e-05,25001,0,3.405122833006317,0.0225173228044354,-97053.45191520151,0.6041539653110801
benchmark_suite,shifted,GA_0.10,shifted|GA_0.10,55,1.5212896066416426e-05,25001,0,3.4470161250210367,0.019646002174298,-101716.37769647976,0.6041514392778397
benchmark_suite,shifted,GA_0.10,shifted|GA_0.10,56,2.264379395923053e-05,25001,0,3.5043580000055954,0.0513349351333429,-98526.34330291176,0.6041518564545865
benchmark_suite,shifted,GA_0.10,shifted|GA_0.10,57,3.037260959022738e-05,25001,0,3.401856582990149,0.0387387967562708,-90310.00988842164,0.6041451308720008
benchmark_suite,shifted,GA_0.10,shifted|GA_0.10,58,4.756564557383307e-05,25001,0,3.4631884999980684,0.0413348391282423,-92413.67705712044,0.6041492929051447
benchmark_suite,shifted,GA_0.10,shifted|GA_0.10,59,7.815027317377851e-05,25001,0,3.466926875000354,0.0212282684891833,-94569.54327865785,0.6041436278003834
benchmark_suite,shifted,GA_0.10,shifted|GA_0.10,60,6.820207922574267e-06,23501,1,3.4947594169934746,0.0163182993700513,-101140.4556176631,0.6041513572158318
benchmark_suite,shifted,GA_0.10,shifted|GA_0.10,61,2.1960004599893e-05,25001,0,3.434206292004092,0.02370299276882,-103527.50869215876,0.6041481814066563
benchmark_suite,shifted,GA_0.10,shifted|GA_0.10,62,5.979970960308308e-05,25001,0,3.4801172919978853,0.0225108953392542,-92612.9901416348,0.604156790914589
benchmark_suite,shifted,GA_0.10,shifted|GA_0.10,63,3.54472535829652e-05,25001,0,3.5458667500060983,0.024430981871824,-99222.1276820216,0.6041556511769948
benchmark_suite,shifted,GA_0.10,shifted|GA_0.10,64,2.464033955079376e-05,25001,0,3.497522624995326,0.0222003273434392,-100782.10938910877,0.6041474171610636
benchmark_suite,shifted,GA_0.10,shifted|GA_0.10,65,2.8564084048756768e-05,25001,0,3.5023165000020526,0.0345368844989057,-95152.33978062856,0.604151585528499
benchmark_suite,shifted,GA_0.10,shifted|GA_0.10,66,2.02863863404486e-05,25001,0,3.52019612499862,0.0187413507078488,-100486.1255291349,0.6041505493062341
benchmark_suite,shifted,GA_0.10,shifted|GA_0.10,67,4.28778990794144e-05,25001,0,3.520893332984997,0.0254655696351371,-97819.40151093126,0.6041610296167468
benchmark_suite,shifted,GA_0.10,shifted|GA_0.10,68,2.1250915813368867e-05,25001,0,3.4483752500091214,0.0350952393646344,-100626.99964418772,0.6041541607382312
benchmark_suite,shifted,GA_0.10,shifted|GA_0.10,69,1.3706687145030968e-05,25001,0,3.491693749994738,0.0300911071042792,-103101.74735035688,0.6041493190728385
benchmark_suite,shifted,GA_0.10,shifted|GA_0.10,70,3.136344358234652e-05,25001,0,3.5474581660237163,0.0194455185572852,-100662.0927464352,0.6041562009423987
benchmark_suite,shifted,GA_0.10,shifted|GA_0.10,71,3.8959170717788136e-05,25001,0,3.6415160830074456,0.0352531870248753,-95746.87473639764,0.6041441162553419
benchmark_suite,shifted,GA_0.10,shifted|GA_0.10,72,1.4312904690479718e-05,25001,0,3.572813584003597,0.0268872652015027,-101021.91786107449,0.6041512202178159
benchmark_suite,shifted,GA_0.10,shifted|GA_0.10,73,2.641782148989427e-05,25001,0,3.4317101660126355,0.0227450440385542,-97464.08781940832,0.6041527860249442
benchmark_suite,shifted,GA_0.10,shifted|GA_0.10,74,2.7203660434447114e-05,25001,0,3.481101417011814,0.0228971916577713,-102465.5879563095,0.6041459847269163
benchmark_suite,shifted,GA_0.10,shifted|GA_0.10,75,3.5630038119632535e-05,25001,0,3.604357540985802,0.0370222906709987,-93123.11456712514,0.6041445596309589
benchmark_suite,shifted,GA_0.10,shifted|GA_0.10,76,1.6796087601850615e-05,25001,0,3.498371958005009,0.0588799816949118,-97407.63334857736,0.6041561592001544
benchmark_suite,shifted,GA_0.10,shifted|GA_0.10,77,4.551614263364404e-05,25001,0,3.4268762090068776,0.0193072775982358,-97645.12626306603,0.604162696009436
benchmark_suite,shifted,GA_0.10,shifted|GA_0.10,78,9.092541550104525e-06,10501,1,3.369136666005943,0.0392280178320796,-102667.00572688952,0.6041543969697861
benchmark_suite,shifted,GA_0.10,shifted|GA_0.10,79,4.471681812831199e-05,25001,0,3.529261540999869,0.0215131936269316,-97752.16279575096,0.6041627678743472
benchmark_suite,shifted,GA_0.10,shifted|GA_0.10,80,4.401397932250329e-05,25001,0,3.492339999997057,0.0226625236146037,-95327.39675150946,0.6041590970003738
benchmark_suite,shifted,GA_0.10,shifted|GA_0.10,81,1.0966404267646292e-05,25001,0,3.408732874988345,0.0421201916647407,-104302.8663720114,0.6041518219623581
benchmark_suite,shifted,GA_0.10,shifted|GA_0.10,82,4.108777350067338e-06,11701,1,3.484229541005334,0.0285811485021748,-108389.40668872964,0.6041528028973188
benchmark_suite,shifted,GA_0.10,shifted|GA_0.10,83,3.233764159004481e-05,25001,0,3.4419687079789583,0.0194044257200816,-100037.855395302,0.60415803670987
benchmark_suite,shifted,GA_0.10,shifted|GA_0.10,84,3.2585347415052544e-05,25001,0,3.452503665990662,0.0169945691349967,-101557.6435587274,0.6041447649565138
benchmark_suite,shifted,GA_0.10,shifted|GA_0.10,85,1.961129817449906e-05,25001,0,3.410293749999255,0.0238091517064129,-103437.15306242916,0.6041519971456619
benchmark_suite,shifted,GA_0.10,shifted|GA_0.10,86,1.33638744484451e-05,25001,0,3.401472958008526,0.0235003517848952,-102623.62296247916,0.6041554221019675
benchmark_suite,shifted,GA_0.10,shifted|GA_0.10,87,2.2449755347601244e-05,25001,0,3.462505541974678,0.034457529399948,-98419.1969304822,0.6041478958868463
benchmark_suite,shifted,GA_0.10,shifted|GA_0.10,88,6.860044714534546e-05,25001,0,3.447517749998952,0.0266324612636099,-93267.9821277114,0.6041381970440123
benchmark_suite,shifted,GA_0.10,shifted|GA_0.10,89,3.460659868261624e-05,25001,0,3.384950209001545,0.0280880585417721,-91579.9179661191,0.6041487419640132
benchmark_suite,shifted,GA_0.10,shifted|GA_0.10,90,3.9817821074084274e-05,25001,0,3.420458125008736,0.0196082293493056,-100692.60951167924,0.6041463199763956
benchmark_suite,shifted,GA_0.10,shifted|GA_0.10,91,3.0704094847337384e-05,25001,0,3.506827916018665,0.0226259414604798,-96538.07345573812,0.6041501130007582
benchmark_suite,shifted,GA_0.10,shifted|GA_0.10,92,1.2737346631490784e-05,25001,0,3.465476624987786,0.0238783340298622,-98004.54217737676,0.6041498846911584
benchmark_suite,shifted,GA_0.10,shifted|GA_0.10,93,5.471018101054832e-05,25001,0,3.421057166997344,0.0273410791400048,-92990.46407739435,0.6041638786892167
benchmark_suite,shifted,GA_0.10,shifted|GA_0.10,94,3.380501744549818e-05,25001,0,3.5011092920030933,0.0208802538854189,-98225.12543987036,0.6041598900999448
benchmark_suite,shifted,GA_0.10,shifted|GA_0.10,95,1.4077094723006288e-05,25001,0,3.561855874984758,0.0253017410519956,-101684.79924253144,0.6041554084500387
benchmark_suite,shifted,GA_0.10,shifted|GA_0.10,96,2.3878226257682607e-05,25001,0,3.388479374989401,0.0179251834050654,-101461.3226495776,0.6041468076693179
benchmark_suite,shifted,GA_0.10,shifted|GA_0.10,97,3.168554548853645e-05,25001,0,3.463525041996036,0.0206273906478531,-101611.879794782,0.6041448234665336
benchmark_suite,shifted,GA_0.10,shifted|GA_0.10,98,6.259754170953676e-05,25001,0,3.519532917009201,0.0455638225311441,-91850.94606005668,0.6041519492587663
benchmark_suite,shifted,GA_0.10,shifted|GA_0.10,99,2.987065527836015e-05,25001,0,3.5206904170045163,0.0352905873508524,-92544.12069791889,0.6041544387510684
benchmark_suite,shifted,GA_0.10,shifted|GA_0.10,100,1.8996333189970408e-05,25001,0,3.454578708013287,0.0362980185254268,-104774.1777824858,0.6041563384386348
benchmark_suite,shifted,GA_0.10,shifted|GA_0.10,101,4.866158024207934e-05,25001,0,3.4257091660110746,0.015160763053353,-97367.31980734984,0.6041409543924071
benchmark_suite,shifted,GA_0.10,shifted|GA_0.10,102,1.4659122881717336e-05,25001,0,3.4071725830144715,0.0459353872140353,-92992.29522462908,0.6041544782357833
benchmark_suite,shifted,GA_0.10,shifted|GA_0.10,103,2.6703911945810887e-05,25001,0,3.377785374992527,0.0337856647927658,-98768.2335390279,0.6041512704626774
benchmark_suite,shifted,GA_0.10,shifted|GA_0.10,104,3.428834577266838e-05,25001,0,3.424873458017828,0.069832211285568,-92289.94061993048,0.6041455116410978
benchmark_suite,shifted,GA_0.10,shifted|GA_0.10,105,2.6083868696568825e-05,25001,0,3.467165042005945,0.0166803535213618,-95948.37386855936,0.6041489729334056
benchmark_suite,shifted,GA_0.10,shifted|GA_0.10,106,4.272965068929568e-05,25001,0,3.4504227089928463,0.0192610817006258,-96375.688342621,0.6041578034496462
benchmark_suite,shifted,GA_0.10,shifted|GA_0.10,107,3.696549531129157e-05,25001,0,3.477496332983719,0.0532051028770094,-92326.14140730196,0.6041563499645144
benchmark_suite,shifted,GA_0.10,shifted|GA_0.10,108,2.244337491614889e-05,25001,0,3.3762030000216328,0.0274112783484641,-97788.18136885208,0.6041495024221702
benchmark_suite,shifted,GA_0.10,shifted|GA_0.10,109,7.726423503202815e-05,25001,0,3.413282708002953,0.0536797964859364,-85095.60933681994,0.6041705205090387
benchmark_suite,shifted,GA_0.10,shifted|GA_0.10,110,2.8365165656043567e-05,25001,0,3.378568707994418,0.0322179541290785,-94694.34898285673,0.6041555628460943
benchmark_suite,shifted,GA_0.10,shifted|GA_0.10,111,3.547169388062432e-05,25001,0,3.4064980410039425,0.0168445213497778,-99183.02352335646,0.6041596019711847
benchmark_suite,shifted,GA_0.10,shifted|GA_0.10,112,7.84941915452928e-06,19001,1,3.495147999987239,0.0185711464627693,-104215.6584084137,0.6041528454856955
benchmark_suite,shifted,GA_0.10,shifted|GA_0.10,113,2.1275111694325744e-05,25001,0,3.531332582992036,0.013033662096709,-107032.30219259582,0.6041475198856151
benchmark_suite,shifted,GA_0.10,shifted|GA_0.10,114,3.561972898343741e-05,25001,0,3.444008999998914,0.0175061382693129,-98077.40860684878,0.6041589771774095
benchmark_suite,shifted,GA_0.10,shifted|GA_0.10,115,3.663555864787078e-05,25001,0,3.495325083989883,0.0187266290604605,-101586.93277697742,0.6041554258726679
benchmark_suite,shifted,GA_0.10,shifted|GA_0.10,116,4.919911226032303e-06,11401,1,3.563923000008799,0.0150462057608818,-111089.40197265612,0.604151156264447
benchmark_suite,shifted,GA_0.10,shifted|GA_0.10,117,1.1655070657986528e-05,25001,0,3.45772004200262,0.0268006472448681,-102389.92348433734,0.6041495571651802
benchmark_suite,shifted,GA_0.10,shifted|GA_0.10,118,1.919381779935396e-05,25001,0,3.4423048330063466,0.0245925604577566,-103380.70532666928,0.6041491268562147
benchmark_suite,shifted,GA_0.10,shifted|GA_0.10,119,3.477826955390197e-05,25001,0,3.4452304169826675,0.0234123492674001,-97461.49608418878,0.6041567913760352
benchmark_suite,shifted,GA_0.10,shifted|GA_0.10,120,3.458208634087275e-05,25001,0,3.4425549999868963,0.0182797513258109,-99950.13317430892,0.6041464585506026
benchmark_suite,shifted,GA_0.10,shifted|GA_0.10,121,4.759776575518803e-05,25001,0,3.4931279580050614,0.0344897350254568,-95967.24693545302,0.6041584832067631
benchmark_suite,shifted,GA_0.10,shifted|GA_0.10,122,1.551875635941569e-05,25001,0,3.496645916980924,0.0242815331049764,-103901.07251160889,0.6041508725151727
benchmark_suite,shifted,GA_0.10,shifted|GA_0.10,123,5.230570783215947e-05,25001,0,3.5365231659961864,0.0203591686343286,-97995.08487638248,0.6041510218228702
benchmark_suite,shifted,GA_0.10,shifted|GA_0.10,124,1.0027629003342102e-05,25001,0,3.4490435830084607,0.0312106108431096,-107696.27463226288,0.6041508523466592
benchmark_suite,shifted,GA_0.10,shifted|GA_0.10,125,4.1275915252016375e-05,25001,0,3.4763145839970093,0.0179236934251306,-96443.98642371171,0.6041436365835532
benchmark_suite,shifted,GA_0.10,shifted|GA_0.10,126,7.936956320245717e-05,25001,0,3.477172500017332,0.0171119270374919,-89596.77675891476,0.6041371030835263
benchmark_suite,shifted,GA_0.10,shifted|GA_0.10,127,2.204911684941578e-05,25001,0,3.358538375003264,0.0380594229848242,-103814.85153779076,0.604147381739169
benchmark_suite,shifted,GA_0.10,shifted|GA_0.10,128,1.9347756292604737e-05,25001,0,3.443935000017518,0.0215981188550932,-98932.70264065462,0.6041568601267747
benchmark_suite,shifted,GA_0.10,shifted|GA_0.10,129,4.092151883899856e-05,25001,0,3.486162624991266,0.0299638931071508,-91975.62925739116,0.6041613320078607
benchmark_suite,shifted,GA_0.10,shifted|GA_0.10,130,3.424275170231172e-05,25001,0,3.452897999988636,0.0275526617778114,-95746.95184810416,0.6041543860582876
benchmark_suite,shifted,GA_0.10,shifted|GA_0.10,131,1.867972147542073e-05,25001,0,3.5237098330107983,0.0289308841987169,-100079.74127242692,0.6041524418436235
benchmark_suite,shifted,GA_0.10,shifted|GA_0.10,132,3.888745732960879e-05,25001,0,3.485807292017853,0.0247796202238842,-95821.73075032554,0.6041582111326784
benchmark_suite,shifted,GA_0.10,shifted|GA_0.10,133,1.058483928374996e-05,25001,0,3.4060012080008164,0.032747415661467,-106219.35296749049,0.6041538307659998
benchmark_suite,shifted,GA_0.10,shifted|GA_0.10,134,8.53879444429658e-06,6501,1,3.4159956249932293,0.0120279043712571,-113873.33304994096,0.6041515205756706
benchmark_suite,shifted,GA_0.10,shifted|GA_0.10,135,1.57247852781672e-06,9201,1,3.405403832992306,0.0489401383506529,-117041.18262071698,0.6041524547138606
benchmark_suite,shifted,GA_0.10,shifted|GA_0.10,136,4.797905027647145e-05,25001,0,3.415153833979275,0.0184172752127334,-96706.60718025568,0.6041546674215048
benchmark_suite,shifted,GA_0.10,shifted|GA_0.10,137,3.631492776757188e-05,25001,0,3.51296054199338,0.0289739004363491,-96909.3505131401,0.6041448937434233
benchmark_suite,shifted,GA_0.10,shifted|GA_0.10,138,8.219798465937991e-05,25001,0,3.475152833008906,0.0461124153387552,-88316.22453698482,0.6041329213325457
benchmark_suite,shifted,GA_0.10,shifted|GA_0.10,139,1.507023911204902e-05,25001,0,3.52580604198738,0.0283803694429299,-104770.91459823468,0.6041538972079804
benchmark_suite,shifted,GA_0.10,shifted|GA_0.10,140,2.440547281175402e-05,25001,0,3.404786457977025,0.0334708131636754,-94762.63280552502,0.6041577000799663
benchmark_suite,shifted,GA_0.10,shifted|GA_0.10,141,7.955043205621212e-06,9401,1,3.476376666018041,0.0191482372819362,-113516.3700781722,0.6041539072877393
benchmark_suite,shifted,GA_0.10,shifted|GA_0.10,142,3.006723501874762e-05,25001,0,3.519346666027559,0.0359409825434831,-99111.58066920566,0.6041593318305158
benchmark_suite,shifted,GA_0.10,shifted|GA_0.10,143,1.2472708086512278e-05,25001,0,3.4073343749914784,0.0307999324663518,-99909.47783998358,0.6041552162798023
benchmark_suite,shifted,GA_0.10,shifted|GA_0.10,144,1.3640611184874876e-05,25001,0,3.4783764590101782,0.0334295088691635,-107337.80736013172,0.6041553047193657
benchmark_suite,shifted,GA_0.10,shifted|GA_0.10,145,6.353310992647485e-05,25001,0,3.504679333011154,0.0535590993849579,-90881.1077263904,0.6041377375547028
benchmark_suite,shifted,GA_0.10,shifted|GA_0.10,146,5.237609993192416e-05,25001,0,3.4765225420123897,0.0280734135144249,-93866.09728804654,0.6041617804870396
benchmark_suite,shifted,GA_0.10,shifted|GA_0.10,147,1.646712484311815e-05,25001,0,3.5759319170028903,0.0378923658196202,-95213.05823436855,0.6041559439544661
benchmark_suite,shifted,GA_0.10,shifted|GA_0.10,148,3.591434580332616e-05,25001,0,3.4158648749871645,0.0263477529101981,-98798.18031778962,0.6041601594743171
benchmark_suite,shifted,GA_0.10,shifted|GA_0.10,149,2.01793855446145e-05,25001,0,3.4083234580175485,0.0270310144607628,-100320.48005870346,0.6041568720179998
benchmark_suite,shifted,GA_0.10,shifted|GA_0.10,150,3.333514654545609e-05,25001,0,3.408529790991452,0.0293702223559246,-91476.9009088508,0.6041546449214208
benchmark_suite,shifted,GA_0.10,shifted|GA_0.10,151,4.6352605029301744e-05,25001,0,3.41218129202025,0.021355222115612,-98393.77269664136,0.6041549717557844
benchmark_suite,shifted,GA_0.10,shifted|GA_0.10,152,1.153983098180519e-05,25001,0,3.3824121250072494,0.032808499297176,-108965.53412995423,0.604150354279985
benchmark_suite,shifted,GA_0.10,shifted|GA_0.10,153,2.4820378925661403e-05,25001,0,3.5393874580040574,0.0387186206737683,-96019.03668512232,0.6041502124572902
benchmark_suite,shifted,GA_0.10,shifted|GA_0.10,154,1.736365760580791e-05,25001,0,3.451652667019516,0.0229029049578443,-106036.25543252776,0.6041498794513991
benchmark_suite,shifted,GA_0.10,shifted|GA_0.10,155,2.5150441015328773e-05,25001,0,3.4944090000062715,0.0165731265007223,-102017.23044157228,0.6041517626702569
benchmark_suite,shifted,GA_0.10,shifted|GA_0.10,156,1.5036667179024463e-05,25001,0,3.441859124985058,0.0409967718565832,-99643.51841898978,0.6041558102563555
benchmark_suite,shifted,GA_0.10,shifted|GA_0.10,157,1.334936142269046e-05,25001,0,3.4297194159880746,0.0266436479528333,-102033.41176182612,0.6041554113484398
benchmark_suite,shifted,GA_0.10,shifted|GA_0.10,158,2.7122192904849743e-05,25001,0,3.3927871249907184,0.0159787621384412,-102595.7675036248,0.6041530945113063
benchmark_suite,shifted,GA_0.10,shifted|GA_0.10,159,3.908486809061608e-05,25001,0,3.382083957985742,0.0250578998631196,-99678.23848772395,0.604158045249308
benchmark_suite,shifted,GA_0.10,shifted|GA_0.10,160,4.0206188208439184e-05,25001,0,3.382379957998637,0.0166904522524019,-98240.14154237544,0.6041447603191803
benchmark_suite,shifted,GA_0.10,shifted|GA_0.10,161,4.648857572433375e-05,25001,0,3.492682957992656,0.020332078493908,-97247.94287856545,0.6041528576267049
benchmark_suite,shifted,GA_0.10,shifted|GA_0.10,162,2.498778559650093e-05,25001,0,3.437356875016121,0.0371811305504257,-99652.28597445776,0.6041561348717555
benchmark_suite,shifted,GA_0.10,shifted|GA_0.10,163,3.1218647520632936e-05,25001,0,3.5102323339961004,0.0168453530111371,-103747.96114988928,0.6041502516847354
benchmark_suite,shifted,GA_0.10,shifted|GA_0.10,164,9.10913236829233e-06,14401,1,3.4922209590149578,0.0267535827297233,-105175.92862701206,0.6041534571286398
benchmark_suite,shifted,GA_0.10,shifted|GA_0.10,165,2.7364740063851785e-05,25001,0,3.414841250021709,0.0163615157669653,-99761.20723564422,0.6041582865036311
benchmark_suite,shifted,GA_0.10,shifted|GA_0.10,166,3.6073042973969054e-05,25001,0,3.4116894580074586,0.0302629502966057,-98007.97239043492,0.6041500541787229
benchmark_suite,shifted,GA_0.10,shifted|GA_0.10,167,1.6251053641765848e-05,25001,0,3.358054416021332,0.0254031067166342,-92523.76720593822,0.6041492943732057
benchmark_suite,shifted,GA_0.10,shifted|GA_0.10,168,4.398407328960136e-05,25001,0,3.455390624993015,0.0188749806401008,-98710.84306936238,0.6041625654602273
benchmark_suite,shifted,GA_0.10,shifted|GA_0.10,169,7.654760008869017e-06,5201,1,3.4454528329952154,0.0184694933669957,-114857.96572197194,0.6041532456022474
benchmark_suite,shifted,GA_0.10,shifted|GA_0.10,170,2.867026784633184e-05,25001,0,3.5230669169977773,0.0256590000144961,-103039.03657561174,0.6041566658845644
benchmark_suite,shifted,GA_0.10,shifted|GA_0.10,171,3.536447099853528e-05,25001,0,3.462941167003009,0.0135261281870712,-101910.49371336689,0.6041459290297776
benchmark_suite,shifted,GA_0.10,shifted|GA_0.10,172,7.4902906762925564e-06,16801,1,3.4607300409988966,0.0162391045046079,-110048.84070385572,0.604152372259642
benchmark_suite,shifted,GA_0.10,shifted|GA_0.10,173,2.398588961042912e-05,25001,0,3.366239458002383,0.0179801414300347,-102279.36064243088,0.6041490384686922
benchmark_suite,shifted,GA_0.10,shifted|GA_0.10,174,3.802127566754405e-05,25001,0,3.417955125012668,0.0156082454634542,-96026.286837388,0.6041450352329687
benchmark_suite,shifted,GA_0.10,shifted|GA_0.10,175,2.5678207415488465e-05,25001,0,3.408713167009409,0.0367327676248174,-97919.68416851932,0.60415471956386
benchmark_suite,shifted,GA_0.10,shifted|GA_0.10,176,5.34049343256714e-05,25001,0,3.428965416998836,0.0185621784719957,-99474.94860498476,0.6041403932764183
benchmark_suite,shifted,GA_0.10,shifted|GA_0.10,177,3.85510290922668e-05,25001,0,3.467339083988918,0.0269723461707178,-98520.22137034812,0.6041578845372038
benchmark_suite,shifted,GA_0.10,shifted|GA_0.10,178,4.047014376101707e-05,25001,0,3.493013833009172,0.0289049045700155,-98751.450479964,0.6041617775657531
benchmark_suite,shifted,GA_0.10,shifted|GA_0.10,179,2.735654343407226e-05,25001,0,3.506846416014014,0.0166045822846231,-101814.26132509526,0.6041502525015561
benchmark_suite,shifted,GA_0.10,shifted|GA_0.10,180,3.318333025145162e-05,25001,0,3.4620698749786243,0.0243291237883895,-96924.76409412672,0.6041582985223429
benchmark_suite,shifted,GA_0.10,shifted|GA_0.10,181,1.630369543165864e-05,25001,0,3.4092243329796474,0.0193939317801706,-107316.78045509895,0.6041537112353171
benchmark_suite,shifted,GA_0.10,shifted|GA_0.10,182,1.5474050555954254e-05,25001,0,3.410045040975092,0.021295130718498,-94998.61487284709,0.6041499920615996
benchmark_suite,shifted,GA_0.10,shifted|GA_0.10,183,5.878794963530303e-05,25001,0,3.4361311249958817,0.0221342719674187,-93593.816104654,0.6041384293566426
benchmark_suite,shifted,GA_0.10,shifted|GA_0.10,184,1.5628938555016698e-05,25001,0,3.4888012089941185,0.023747599778291,-102763.78521587848,0.6041486103439514
benchmark_suite,shifted,GA_0.10,shifted|GA_0.10,185,7.385486619462799e-05,25001,0,3.481235833023675,0.03346388247852,-90949.54610972988,0.604134906236219
benchmark_suite,shifted,GA_0.10,shifted|GA_0.10,186,3.971582986143946e-05,25001,0,3.46500779199414,0.0188883877165848,-98269.7385262542,0.6041431386871379
benchmark_suite,shifted,GA_0.10,shifted|GA_0.10,187,7.04196464108815e-05,25001,0,3.518870874977438,0.0376132670252022,-90203.93177156609,0.6041356982450028
benchmark_suite,shifted,GA_0.10,shifted|GA_0.10,188,6.974762247103341e-06,23301,1,3.413443625002401,0.0357416255911149,-100531.32134598616,0.6041530639050772
benchmark_suite,shifted,GA_0.10,shifted|GA_0.10,189,3.523841394208154e-05,25001,0,3.414344042015728,0.0168941637477132,-99297.81424031468,0.6041514349729076
benchmark_suite,shifted,GA_0.10,shifted|GA_0.10,190,5.259581790666526e-05,25001,0,3.389725500019267,0.033949339699077,-93462.88186913457,0.6041475758842008
benchmark_suite,shifted,GA_0.10,shifted|GA_0.10,191,3.69847721362781e-05,25001,0,3.440360124979634,0.0391779624086921,-93372.56205858462,0.6041607510424511
benchmark_suite,shifted,GA_0.10,shifted|GA_0.10,192,2.763013635021129e-05,25001,0,3.5063825419929344,0.0261948614066225,-95941.9754430828,0.6041484959203389
benchmark_suite,shifted,GA_0.10,shifted|GA_0.10,193,4.137684613036978e-05,25001,0,3.487023749999935,0.0416135528976076,-90184.94919593252,0.6041454109532225
benchmark_suite,shifted,GA_0.10,shifted|GA_0.10,194,2.4807725971373377e-05,25001,0,3.499668999982532,0.039388490696584,-99139.12792680218,0.6041573616665991
benchmark_suite,shifted,GA_0.10,shifted|GA_0.10,195,2.47100524541485e-05,25001,0,3.466092832997674,0.0414486820947333,-99993.18977723176,0.604147061285185
benchmark_suite,shifted,GA_0.10,shifted|GA_0.10,196,4.2304866385432845e-05,25001,0,3.438663250009995,0.0235693138166406,-97809.1364362529,0.6041565181305294
benchmark_suite,shifted,GA_0.10,shifted|GA_0.10,197,8.073872120880212e-06,19301,1,3.4587197919900063,0.0270597765025118,-101488.35279088037,0.6041531081935254
benchmark_suite,shifted,GA_0.10,shifted|GA_0.10,198,2.667266229939604e-05,25001,0,3.4005007919913623,0.0584732329930902,-98673.94806220416,0.6041554510610071
benchmark_suite,shifted,GA_0.10,shifted|GA_0.10,199,6.0794378265232194e-05,25001,0,3.347024875023635,0.0330628170105858,-91769.42828680977,0.6041666145166561
benchmark_suite,shifted,GA_0.10,shifted|GA_0.10,200,3.679978048876865e-05,25001,0,3.460851290990832,0.0415741794767147,-97650.48678176133,0.6041540929426885
benchmark_suite,shifted,GA_0.10,shifted|GA_0.10,201,2.0073849744806247e-05,25001,0,3.473161374975461,0.0293756577286185,-104342.68245083212,0.6041563599047632
benchmark_suite,shifted,GA_0.10,shifted|GA_0.10,202,4.482939491651387e-05,25001,0,3.523271209007362,0.0225313366086952,-92952.01581742722,0.6041600801843655
benchmark_suite,shifted,GA_0.10,shifted|GA_0.10,203,1.1941381879495804e-05,25001,0,3.471137416025158,0.0482224169552237,-94190.28684579792,0.6041507334427557
benchmark_suite,shifted,GA_0.10,shifted|GA_0.10,204,2.1190614356141665e-05,25001,0,3.451283207978122,0.0179593760216568,-103840.97713173034,0.6041531539106177
benchmark_suite,shifted,GA_0.10,shifted|GA_0.10,205,1.857545547438772e-05,25001,0,3.4198289169871714,0.0386455402431955,-103643.79192275189,0.6041479507160082
benchmark_suite,shifted,GA_0.10,shifted|GA_0.10,206,2.98811570192998e-05,25001,0,3.3872791249887086,0.0271547746071574,-95660.2494808161,0.6041484695931852
benchmark_suite,shifted,GA_0.10,shifted|GA_0.10,207,2.4976390985283103e-05,25001,0,3.409525124996435,0.029389836379852,-101405.27662418368,0.6041509167012042
benchmark_suite,shifted,GA_0.10,shifted|GA_0.10,208,4.890568367757616e-05,25001,0,3.385201584023889,0.0252180053839139,-98601.72304728792,0.604160103448577
benchmark_suite,shifted,GA_0.10,shifted|GA_0.10,209,3.593517517861524e-05,25001,0,3.539582041994436,0.0233907261865337,-97365.52627146491,0.6041598060999558
benchmark_suite,shifted,GA_0.10,shifted|GA_0.10,210,3.504888056756088e-05,25001,0,3.533668917021714,0.0203801535939745,-98760.07733118006,0.6041485883730734
benchmark_suite,shifted,GA_0.10,shifted|GA_0.10,211,3.976440127907142e-05,25001,0,3.5532721249910537,0.021215701637859,-96183.287125983,0.6041489944153319
benchmark_suite,shifted,GA_0.10,shifted|GA_0.10,212,2.29340440903728e-05,25001,0,3.4233861249813344,0.029415450227908,-96986.40559977046,0.6041490426858004
benchmark_suite,shifted,GA_0.10,shifted|GA_0.10,213,2.042605172314187e-05,25001,0,3.4178063750150613,0.0434093471252749,-104921.33151751556,0.6041518175490475
benchmark_suite,shifted,GA_0.10,shifted|GA_0.10,214,6.139814395292588e-05,25001,0,3.461297166999429,0.0159406543906799,-95522.76346265504,0.6041658242997379
benchmark_suite,shifted,GA_0.10,shifted|GA_0.10,215,5.078040265239804e-05,25001,0,3.4114093750249594,0.0216136535092179,-96303.59054628098,0.6041572692248014
benchmark_suite,shifted,GA_0.10,shifted|GA_0.10,216,1.4956193867334926e-05,25001,0,3.477642792015104,0.0515506552490985,-92850.14145612094,0.6041522292091506
benchmark_suite,shifted,GA_0.10,shifted|GA_0.10,217,4.230375889996154e-05,25001,0,3.540845666982932,0.0343431270311259,-95158.6966149602,0.6041583799174395
benchmark_suite,shifted,GA_0.10,shifted|GA_0.10,218,3.38039599178508e-05,25001,0,3.4639626249845605,0.0387188149838443,-96068.31024576238,0.6041464976086406
benchmark_suite,shifted,GA_0.10,shifted|GA_0.10,219,7.775351090634668e-06,12701,1,3.513765249983408,0.0236658463249188,-112249.1666668187,0.6041528010890647
benchmark_suite,shifted,GA_0.10,shifted|GA_0.10,220,9.81537576267556e-06,5101,1,3.42911004202324,0.0369122486158085,-109328.57194844264,0.6041543237942861
benchmark_suite,shifted,GA_0.10,shifted|GA_0.10,221,4.5835850719835815e-05,25001,0,3.449329666007543,0.0161961824558794,-97021.81734286094,0.604158760524198
benchmark_suite,shifted,GA_0.10,shifted|GA_0.10,222,1.2636992984153218e-05,25001,0,3.3904024999937974,0.0227189423216109,-108664.07826657608,0.6041495841940246
benchmark_suite,shifted,GA_0.10,shifted|GA_0.10,223,3.2011225096242903e-05,25001,0,3.4174863749940414,0.0272188108902458,-95946.35990831384,0.6041576783981891
benchmark_suite,shifted,GA_0.10,shifted|GA_0.10,224,7.596523703226949e-06,18601,1,3.3937048750231043,0.0490123469635572,-97444.21762364743,0.6041539734887255
benchmark_suite,shifted,GA_0.10,shifted|GA_0.10,225,4.114099155441127e-05,25001,0,3.464614333002828,0.0425995817603141,-97229.25282232124,0.6041464568624938
benchmark_suite,shifted,GA_0.10,shifted|GA_0.10,226,4.8980209773115845e-05,25001,0,3.449345583008835,0.0231486648780154,-93680.84301015144,0.6041566308800669
benchmark_suite,shifted,GA_0.10,shifted|GA_0.10,227,1.3670010489693032e-05,25001,0,3.471909875021084,0.0301964998036746,-100413.56969309213,0.604152112415897
benchmark_suite,shifted,GA_0.10,shifted|GA_0.10,228,3.232207848293254e-05,25001,0,3.43795666701044,0.0275457754205715,-94559.6251890572,0.6041534149949754
benchmark_suite,shifted,GA_0.10,shifted|GA_0.10,229,1.3967627111750175e-05,25001,0,3.4096894590184093,0.0394105209998799,-102945.7183397872,0.6041501705013245
benchmark_suite,shifted,GA_0.10,shifted|GA_0.10,230,8.027398128019904e-06,10701,1,3.4690416249795817,0.0411399307406488,-104167.06681931138,0.6041541603074557
benchmark_suite,shifted,GA_0.10,shifted|GA_0.10,231,5.02122127207444e-05,25001,0,3.3781877079745755,0.0189410173079017,-98628.30302092763,0.6041619091222149
benchmark_suite,shifted,GA_0.10,shifted|GA_0.10,232,1.282383231710876e-05,25001,0,3.433417167019797,0.01505861048559,-107085.1732943242,0.6041494364337117
benchmark_suite,shifted,GA_0.10,shifted|GA_0.10,233,2.718048593854245e-05,25001,0,3.465916042012396,0.040768213422685,-97681.57319754748,0.6041545591606607
benchmark_suite,shifted,GA_0.10,shifted|GA_0.10,234,4.07987861251881e-05,25001,0,3.476032790989848,0.0207655211309189,-96041.68301236306,0.6041587218567354
benchmark_suite,shifted,GA_0.10,shifted|GA_0.10,235,2.793800428377304e-05,25001,0,3.4515739160124213,0.0271443192689975,-95099.76061927222,0.6041569298485965
benchmark_suite,shifted,GA_0.10,shifted|GA_0.10,236,1.937234629114102e-05,25001,0,3.4608412499947008,0.0368147213092069,-96133.4922771643,0.6041485742201499
benchmark_suite,shifted,GA_0.10,shifted|GA_0.10,237,1.840789844732597e-05,25001,0,3.422442999988561,0.0227817704950606,-104596.62189783069,0.604152564524257
benchmark_suite,shifted,GA_0.10,shifted|GA_0.10,238,3.211365839738752e-05,25001,0,3.382443749986124,0.0542755488383662,-94325.2609274216,0.6041453439146476
benchmark_suite,shifted,GA_0.10,shifted|GA_0.10,239,2.702522675650412e-05,25001,0,3.408069457975216,0.0416250800029936,-93876.6905630514,0.6041576660180709
benchmark_suite,shifted,GA_0.10,shifted|GA_0.10,240,3.9272258393063984e-05,25001,0,3.484002792014508,0.0214941062686277,-96880.19140474495,0.6041559640300364
benchmark_suite,shifted,GA_0.10,shifted|GA_0.10,241,1.5171899567753764e-05,25001,0,3.499112209014129,0.0477425294129039,-95977.2422815107,0.6041553971437358
benchmark_suite,shifted,GA_0.10,shifted|GA_0.10,242,6.054937185827575e-05,25001,0,3.5197336669953074,0.0134987200212109,-97866.58625490867,0.6041434418514499
benchmark_suite,shifted,GA_0.10,shifted|GA_0.10,243,6.976620869234335e-05,25001,0,3.483275042002788,0.022347028087675,-93502.86525688894,0.6041474795709153
benchmark_suite,shifted,GA_0.10,shifted|GA_0.10,244,3.0622622237408896e-05,25001,0,3.4527111669885926,0.0238764742394519,-100443.43436672632,0.6041451044916537
benchmark_suite,shifted,GA_0.10,shifted|GA_0.10,245,2.69122479385064e-05,25001,0,3.4380967089964543,0.0271125790538395,-100213.46271958694,0.6041478125656788
benchmark_suite,shifted,GA_0.10,shifted|GA_0.10,246,3.844700574928981e-05,25001,0,3.433549792011036,0.0478767630498011,-91419.581988761,0.6041595071042097
benchmark_suite,shifted,GA_0.10,shifted|GA_0.10,247,4.792054509661883e-05,25001,0,3.41031191701768,0.0288497936843807,-96156.31192409922,0.6041445155755095
benchmark_suite,shifted,GA_0.10,shifted|GA_0.10,248,2.848531479254841e-05,25001,0,3.430820750014391,0.0251647721104135,-98075.57566616748,0.604158401273138
benchmark_suite,shifted,GA_0.10,shifted|GA_0.10,249,2.2254583673076272e-05,25001,0,3.484496292017866,0.0322806591496409,-103106.12760047382,0.6041517065288969
benchmark_suite,shifted,GA_0.10,shifted|GA_0.10,250,2.713888888580121e-05,25001,0,3.4538272919890005,0.0216765750742125,-98524.0480425309,0.604156888872142
benchmark_suite,shifted,GA_0.10,shifted|GA_0.10,251,1.8301659318389184e-05,25001,0,3.5056105830008164,0.0163044288957741,-105159.1045207245,0.6041539290329986
benchmark_suite,shifted,GA_0.10,shifted|GA_0.10,252,5.043135485808378e-05,25001,0,3.4328263330098707,0.0218509209104299,-95042.84734846569,0.6041624307303538
benchmark_suite,shifted,GA_0.10,shifted|GA_0.10,253,5.060061798147927e-05,25001,0,3.4191906249907333,0.0144866161270808,-96238.99316959274,0.6041418365835424
benchmark_suite,shifted,GA_0.10,shifted|GA_0.10,254,3.593149228669401e-05,25001,0,3.376875708985608,0.0204660024618212,-94019.18129397696,0.6041599646276349
benchmark_suite,shifted,GA_0.10,shifted|GA_0.10,255,1.243939083227794e-05,25001,0,3.3560895419796,0.0337280338393635,-103446.51772485564,0.6041536633558418
benchmark_suite,shifted,GA_0.10,shifted|GA_0.10,256,8.189676023096401e-06,17701,1,3.425759250007104,0.0212651889757699,-102203.6165741067,0.6041526141299731
benchmark_suite,shifted,GA_0.10,shifted|GA_0.10,257,3.153458919643673e-05,25001,0,3.49342512502335,0.0200751981103823,-100606.0622020586,0.6041499104611356
benchmark_suite,shifted,GA_0.10,shifted|GA_0.10,258,1.6432028744293283e-05,25001,0,3.412665375013603,0.0188543239171123,-102985.38499287864,0.6041552035624613
benchmark_suite,shifted,GA_0.10,shifted|GA_0.10,259,3.583723380810184e-05,25001,0,3.524052249995293,0.0294632363359694,-97461.12764397962,0.6041559204987313
benchmark_suite,shifted,GA_0.10,shifted|GA_0.10,260,3.445629886088585e-05,25001,0,3.3773962919949554,0.0274451713307288,-96040.03247350626,0.6041460147722497
benchmark_suite,shifted,GA_0.10,shifted|GA_0.10,261,3.3544820765415555e-05,25001,0,3.461107959010405,0.026085049635429,-96106.92986085772,0.604159303601326
benchmark_suite,shifted,GA_0.10,shifted|GA_0.10,262,2.147580455162707e-05,25001,0,3.42028666601982,0.0185874113250005,-99266.84257697217,0.6041555842646644
benchmark_suite,shifted,GA_0.10,shifted|GA_0.10,263,5.650554511642591e-05,25001,0,3.398376958008157,0.0203502349816088,-93725.29633099424,0.6041646697908579
benchmark_suite,shifted,GA_0.10,shifted|GA_0.10,264,2.468581430249236e-05,25001,0,3.4788166669895872,0.0340977188286343,-104251.72692484428,0.6041475823764109
benchmark_suite,shifted,GA_0.10,shifted|GA_0.10,265,4.003996636797984e-05,25001,0,3.488947291014483,0.0213138775397662,-100051.8619958258,0.6041442505856394
benchmark_suite,shifted,GA_0.10,shifted|GA_0.10,266,6.132428735906238e-05,25001,0,3.5598970419960096,0.0258901387513052,-94236.41776533995,0.6041570198302264
benchmark_suite,shifted,GA_0.10,shifted|GA_0.10,267,3.778852215708666e-05,25001,0,3.4868666249967646,0.0206151281367227,-100775.78630046216,0.6041511436307555
benchmark_suite,shifted,GA_0.10,shifted|GA_0.10,268,5.242322538893795e-05,25001,0,3.474477707990445,0.0474443691614433,-91581.68233327872,0.6041569419268479
benchmark_suite,shifted,GA_0.10,shifted|GA_0.10,269,1.3361863847510705e-05,25001,0,3.5599665410118178,0.0302315122606447,-105163.4613194048,0.6041554395220216
benchmark_suite,shifted,GA_0.10,shifted|GA_0.10,270,3.3028335547350155e-05,25001,0,3.457943957997486,0.0510322867084597,-95622.27670168372,0.604150767420058
benchmark_suite,shifted,GA_0.10,shifted|GA_0.10,271,9.069899957114282e-06,8701,1,3.4441412500164006,0.0270517174015195,-107988.10100903964,0.6041519752507145
benchmark_suite,shifted,GA_0.10,shifted|GA_0.10,272,6.985954882000375e-05,25001,0,3.412180332990829,0.0232731964043424,-93167.8408288302,0.6041543237835199
benchmark_suite,shifted,GA_0.10,shifted|GA_0.10,273,2.080531908771912e-05,25001,0,3.5103705000074115,0.0344693976290344,-104249.86195495678,0.6041533897080865
benchmark_suite,shifted,GA_0.10,shifted|GA_0.10,274,4.179704262758566e-05,25001,0,3.425399915984599,0.0229284045367951,-95901.41781400437,0.6041471553637116
benchmark_suite,shifted,GA_0.10,shifted|GA_0.10,275,1.93780534948786e-05,25001,0,3.502516332984669,0.0225088680918892,-100608.7709577488,0.6041504060654115
benchmark_suite,shifted,GA_0.10,shifted|GA_0.10,276,3.721894265789183e-05,25001,0,3.428056084027048,0.0200300440488775,-96581.94595989608,0.604155214775207
benchmark_suite,shifted,GA_0.10,shifted|GA_0.10,277,3.2043290167483375e-05,25001,0,3.5173241249867715,0.0261082708963354,-96256.65502420616,0.6041487723753324
benchmark_suite,shifted,GA_0.10,shifted|GA_0.10,278,3.67807145962114e-05,25001,0,3.401541500003077,0.019815571411969,-96178.88044845262,0.6041585947039567
benchmark_suite,shifted,GA_0.10,shifted|GA_0.10,279,1.4775942149759308e-05,25001,0,3.3897800410049967,0.0210773656656146,-96983.18891708327,0.6041490038562254
benchmark_suite,shifted,GA_0.10,shifted|GA_0.10,280,3.462245602071272e-05,25001,0,3.4513533340068534,0.0185293706550047,-96974.8677579162,0.6041553057251609
benchmark_suite,shifted,GA_0.10,shifted|GA_0.10,281,6.574435549501639e-06,13101,1,3.617848166002659,0.0279091668299037,-106149.2005629646,0.6041524242293338
benchmark_suite,shifted,GA_0.10,shifted|GA_0.10,282,8.497427899720131e-05,25001,0,3.48829075001413,0.0162656275379283,-92622.85075353882,0.6041452169972653
benchmark_suite,shifted,GA_0.10,shifted|GA_0.10,283,4.2639390897988426e-05,25001,0,3.423346583993407,0.0275139379767876,-97233.8448863081,0.6041542777602252
benchmark_suite,shifted,GA_0.10,shifted|GA_0.10,284,3.371802539462928e-05,25001,0,3.450089332996868,0.0445892158127531,-96367.6952582202,0.6041587755172427
benchmark_suite,shifted,GA_0.10,shifted|GA_0.10,285,2.5177980174933168e-05,25001,0,3.5305430830048863,0.0197247085686654,-101602.08977900412,0.6041478062774638
benchmark_suite,shifted,GA_0.10,shifted|GA_0.10,286,4.244771466079928e-05,25001,0,3.434623500012094,0.0332952250311442,-92676.13990155271,0.6041422884786375
benchmark_suite,shifted,GA_0.10,shifted|GA_0.10,287,1.9688127859872472e-05,25001,0,3.338973125006305,0.0196294444730398,-102665.55542748152,0.6041525013101087
benchmark_suite,shifted,GA_0.10,shifted|GA_0.10,288,2.387627337921526e-05,25001,0,3.576501375006046,0.0287159845128446,-98843.29728067716,0.604153079533215
benchmark_suite,shifted,GA_0.10,shifted|GA_0.10,289,3.777683302473155e-05,25001,0,3.6000907919951715,0.0156948373168564,-99630.74999082972,0.6041450363047302
benchmark_suite,shifted,GA_0.10,shifted|GA_0.10,290,4.347935670341915e-05,25001,0,3.635626332979882,0.0260668994704295,-93784.79018815674,0.604154826734083
benchmark_suite,shifted,GA_0.10,shifted|GA_0.10,291,2.608978436439546e-05,25001,0,3.513683165976545,0.0176970666428836,-95510.84543587598,0.6041584026159053
benchmark_suite,shifted,GA_0.10,shifted|GA_0.10,292,2.267638519649725e-05,25001,0,3.513974290981423,0.0265601615170729,-102327.48583533168,0.604154318207948
benchmark_suite,shifted,GA_0.10,shifted|GA_0.10,293,4.679971995334585e-05,25001,0,3.486125208990416,0.0387480127404134,-93642.41058676534,0.6041456110307002
benchmark_suite,shifted,GA_0.10,shifted|GA_0.10,294,2.180989459323713e-05,25001,0,3.5538467919977847,0.028410508893734,-101753.57237396654,0.604156000214382
benchmark_suite,shifted,GA_0.10,shifted|GA_0.10,295,4.530589198237299e-05,25001,0,3.5356718330003787,0.018174994462625,-98624.8163646342,0.6041623969521572
benchmark_suite,shifted,GA_0.10,shifted|GA_0.10,296,1.814817064998564e-05,25001,0,3.4712329159956425,0.0503001572179184,-100216.6021020539,0.6041491849452265
benchmark_suite,shifted,GA_0.10,shifted|GA_0.10,297,4.137436141370879e-05,25001,0,3.5202286660205573,0.0204549885110552,-95848.52778408384,0.6041521324417236
benchmark_suite,shifted,GA_0.10,shifted|GA_0.10,298,2.955658000108577e-05,25001,0,3.5460798749991227,0.0121206083969957,-97832.19905055688,0.6041554958055412
benchmark_suite,shifted,GA_0.10,shifted|GA_0.10,299,6.906266241996228e-06,22401,1,3.420358082978055,0.0256408049452209,-102582.0302940932,0.6041514866446072
benchmark_suite,shifted,GA_0.10,shifted|GA_0.10,300,3.321634282873901e-05,25001,0,3.4599492920096964,0.0186377342781905,-99058.7745971372,0.6041544335445919
benchmark_suite,shifted,GA_0.10,shifted|GA_0.10,301,3.3218401683297924e-05,25001,0,3.4253921670024283,0.0235489397474878,-102183.54748926336,0.6041590123174526
benchmark_suite,shifted,GA_0.10,shifted|GA_0.10,302,4.154562392287197e-05,25001,0,3.450169374991674,0.0462749839058753,-96052.6741950965,0.6041514101420205
benchmark_suite,shifted,GA_0.10,shifted|GA_0.10,303,2.9708655504299943e-05,25001,0,3.493409290997078,0.0177208616968811,-97152.3594121543,0.6041591865853737
benchmark_suite,shifted,GA_0.10,shifted|GA_0.10,304,1.321574233024347e-05,25001,0,3.430139499978395,0.0195936507227828,-100426.7894524245,0.6041535441786668
benchmark_suite,shifted,GA_0.10,shifted|GA_0.10,305,2.1750591606967505e-06,9901,1,3.4729294590069912,0.0277479262977193,-116187.82384752163,0.6041527525501249
benchmark_suite,shifted,GA_0.10,shifted|GA_0.10,306,2.134436212432867e-05,25001,0,3.521087542001624,0.0173673536031011,-107136.68223206954,0.6041480356261718
benchmark_suite,shifted,GA_0.10,shifted|GA_0.10,307,5.615489101658647e-05,25001,0,3.406879749993095,0.0124640141329352,-96051.38942900486,0.6041638789611167
benchmark_suite,shifted,GA_0.10,shifted|GA_0.10,308,1.639795438259659e-05,25001,0,3.431204416003311,0.0158243631646253,-100747.70467334097,0.6041549497001971
benchmark_suite,shifted,GA_0.10,shifted|GA_0.10,309,6.377105094937801e-06,5401,1,3.396313666977221,0.0343252560179671,-112753.76455759178,0.6041508268877201
benchmark_suite,shifted,GA_0.10,shifted|GA_0.10,310,1.1413005490147092e-05,25001,0,3.446277999988524,0.0191697382467659,-110338.0546535281,0.604152432172145
benchmark_suite,shifted,GA_0.10,shifted|GA_0.10,311,2.017217694067164e-05,25001,0,3.518859291012632,0.0358507701295625,-97084.63590880085,0.6041544837380268
benchmark_suite,shifted,GA_0.10,shifted|GA_0.10,312,8.83614986457794e-06,5101,1,3.442209834000096,0.0159758621373031,-113593.14018068592,0.6041540104570302
benchmark_suite,shifted,GA_0.10,shifted|GA_0.10,313,1.912999211570909e-05,25001,0,3.471090500010177,0.0160922646822403,-104817.42507389128,0.6041568051494353
benchmark_suite,shifted,GA_0.10,shifted|GA_0.10,314,4.185569340007648e-05,25001,0,3.5257227919937577,0.0338211748792013,-92491.69008390929,0.6041427161337443
benchmark_suite,shifted,GA_0.10,shifted|GA_0.10,315,2.5467353095718905e-05,25001,0,3.4508423329971265,0.0202852313435598,-101720.42006625376,0.6041582750318618
benchmark_suite,shifted,GA_0.10,shifted|GA_0.10,316,3.955725354878512e-05,25001,0,3.402245667006355,0.0156687641735837,-101364.19613380046,0.6041443430540224
benchmark_suite,shifted,GA_0.10,shifted|GA_0.10,317,2.2267680247265044e-05,25001,0,3.4342128749995027,0.0221975903715583,-100223.8472833445,0.604149362240075
benchmark_suite,shifted,GA_0.10,shifted|GA_0.10,318,3.231137363944815e-05,25001,0,3.503216374985641,0.0179919949002926,-99551.46923650008,0.6041461151974182
benchmark_suite,shifted,GA_0.10,shifted|GA_0.10,319,2.4577567099812705e-05,25001,0,3.460404459008714,0.0430667989019995,-95865.3481998426,0.6041518627700586
benchmark_suite,shifted,GA_0.10,shifted|GA_0.10,320,1.2492613130852892e-05,25001,0,3.475079750001896,0.0339837958590028,-97748.38607957374,0.6041513379376781
benchmark_suite,shifted,GA_0.10,shifted|GA_0.10,321,3.0746956491618744e-05,25001,0,3.517458000016632,0.025999148595402,-95571.40621250472,0.6041537925034985
benchmark_suite,shifted,GA_0.10,shifted|GA_0.10,322,8.337222991772442e-06,20301,1,3.4776167499949224,0.0261087955870386,-102881.96468548953,0.6041503702449146
benchmark_suite,shifted,GA_0.10,shifted|GA_0.10,323,2.7690254943272203e-05,25001,0,3.4399062500160653,0.0430491452929033,-100398.9539794375,0.6041567124746419
benchmark_suite,shifted,GA_0.10,shifted|GA_0.10,324,2.943334301428215e-05,25001,0,3.44508758399752,0.0456743744299882,-93758.02428656418,0.6041473686337291
benchmark_suite,shifted,GA_0.10,shifted|GA_0.10,325,2.7676186268151782e-05,25001,0,3.370149833004689,0.0459716388487778,-95899.68903565516,0.6041586781690198
benchmark_suite,shifted,GA_0.10,shifted|GA_0.10,326,1.3358539876702329e-05,25001,0,3.3851772920170333,0.0197847830861833,-101883.22050143448,0.6041554466990928
benchmark_suite,shifted,GA_0.10,shifted|GA_0.10,327,2.47997049163648e-05,25001,0,3.5243870000122115,0.0354852313623936,-97174.41174214384,0.6041578869625891
benchmark_suite,shifted,GA_0.10,shifted|GA_0.10,328,4.666731093191465e-05,25001,0,3.4401622920122463,0.0402305479032765,-94015.77088176752,0.6041625073404194
benchmark_suite,shifted,GA_0.10,shifted|GA_0.10,329,1.9349087521285484e-05,25001,0,3.49460195802385,0.021686353293691,-99015.24774097506,0.6041553663290103
benchmark_suite,shifted,GA_0.10,shifted|GA_0.10,330,6.43854534752341e-05,25001,0,3.550835415982874,0.027076190330654,-93367.29053225374,0.6041653475762252
benchmark_suite,shifted,GA_0.10,shifted|GA_0.10,331,2.4364086638055944e-05,25001,0,3.42584895901382,0.0405902325301267,-98009.2704204904,0.6041467403378775
benchmark_suite,shifted,GA_0.10,shifted|GA_0.10,332,3.2392300355801426e-05,25001,0,3.39931104099378,0.0207838435608815,-96567.30142689492,0.6041468108488344
benchmark_suite,shifted,GA_0.10,shifted|GA_0.10,333,3.4611962252363224e-05,25001,0,3.378093625011388,0.0353697168287252,-94102.56807126498,0.6041531510711189
benchmark_suite,shifted,GA_0.10,shifted|GA_0.10,334,2.04065839696626e-05,25001,0,3.371234958001878,0.0538161493578086,-97641.85451173349,0.6041543036833262
benchmark_suite,shifted,GA_0.10,shifted|GA_0.10,335,2.2113122386032613e-05,25001,0,3.486135540995747,0.0390051588187132,-103171.02353480866,0.6041483859217877
benchmark_suite,shifted,GA_0.10,shifted|GA_0.10,336,3.250789321628109e-05,25001,0,3.4982792910013814,0.0202526838552765,-98812.08839539802,0.604147434225473
benchmark_suite,shifted,GA_0.10,shifted|GA_0.10,337,2.2009161370017885e-05,25001,0,3.5258166670100763,0.0244874780972691,-103223.895023067,0.6041552438354947
benchmark_suite,shifted,GA_0.10,shifted|GA_0.10,338,4.463466671739984e-05,25001,0,3.5266075000108685,0.0235408967871982,-95334.81740665717,0.6041547171663151
benchmark_suite,shifted,GA_0.10,shifted|GA_0.10,339,1.24562299469883e-05,25001,0,3.433410541008925,0.0289401031731666,-100337.40125926856,0.604149360155336
benchmark_suite,shifted,GA_0.10,shifted|GA_0.10,340,3.0207289078322885e-05,25001,0,3.4667897920007817,0.0257374043778925,-99321.2954340413,0.6041464057794836
benchmark_suite,shifted,GA_0.10,shifted|GA_0.10,341,2.9042420507296167e-05,25001,0,3.3887602080067154,0.0206531100274406,-102792.8555469498,0.6041513730907764
benchmark_suite,shifted,GA_0.10,shifted|GA_0.10,342,2.363543068805587e-05,25001,0,3.408278250019066,0.0371497523220457,-96453.49807192537,0.6041515729493439
benchmark_suite,shifted,GA_0.10,shifted|GA_0.10,343,2.6831501063964152e-05,25001,0,3.513489375007339,0.0202133215645206,-102562.62232357966,0.6041575504641257
benchmark_suite,shifted,GA_0.10,shifted|GA_0.10,344,2.6171097375334213e-05,25001,0,3.4705887500022072,0.0308893530687528,-102411.01544389488,0.6041514011642825
benchmark_suite,shifted,GA_0.10,shifted|GA_0.10,345,2.1565023082640214e-06,4501,1,3.460555208002916,0.0216836754238287,-127820.93740261316,0.6041517980854689
benchmark_suite,shifted,GA_0.10,shifted|GA_0.10,346,3.491359557123188e-05,25001,0,3.4650452920177486,0.0199609302520532,-99337.68859098275,0.6041604045090498
benchmark_suite,shifted,GA_0.10,shifted|GA_0.10,347,4.773847408163159e-05,25001,0,3.393641375005245,0.0195307205885257,-93505.03848418576,0.6041624507931433
benchmark_suite,shifted,GA_0.10,shifted|GA_0.10,348,3.845902813151424e-05,25001,0,3.532229042000836,0.0313247323869589,-96572.48903999352,0.6041586120851846
benchmark_suite,shifted,GA_0.10,shifted|GA_0.10,349,1.577018830880208e-05,25001,0,3.434736041992437,0.0135626883335336,-101483.3739464182,0.604150552666273
benchmark_suite,shifted,GA_0.10,shifted|GA_0.10,350,6.845317089654089e-05,25001,0,3.430440500000259,0.0270166564673954,-94058.33019348692,0.6041579979283371
benchmark_suite,shifted,GA_0.10,shifted|GA_0.10,351,2.005470441677136e-05,25001,0,3.4963640840142034,0.0276340803671123,-99473.48159847668,0.6041496946026036
benchmark_suite,shifted,GA_0.10,shifted|GA_0.10,352,1.1596454727961447e-05,25001,0,3.453979083016748,0.0390445963913029,-106360.36886680586,0.6041501888024271
benchmark_suite,shifted,GA_0.10,shifted|GA_0.10,353,7.242178962792372e-06,10101,1,3.50691112500499,0.0176163629933487,-109345.93014476294,0.6041539390047277
benchmark_suite,shifted,GA_0.10,shifted|GA_0.10,354,9.914055096602494e-06,11601,1,3.4561917500104755,0.0190076051656726,-107672.30466884558,0.6041500546428158
benchmark_suite,shifted,GA_0.10,shifted|GA_0.10,355,2.5247299100293622e-05,25001,0,3.4136430409853347,0.0394246365589353,-97783.34877438404,0.6041467257720848
benchmark_suite,shifted,GA_0.10,shifted|GA_0.10,356,4.8081039064135366e-05,25001,0,3.400156874995446,0.0175453520381453,-96399.47547439048,0.6041562381167569
benchmark_suite,shifted,GA_0.10,shifted|GA_0.10,357,8.023386301065219e-05,25001,0,3.4907130420033354,0.0382433793373142,-90798.9940618945,0.6041495020627409
benchmark_suite,shifted,GA_0.10,shifted|GA_0.10,358,4.305809071612376e-05,25001,0,3.4612832499842625,0.0396206428873625,-95020.83270196036,0.6041523445946971
benchmark_suite,shifted,GA_0.10,shifted|GA_0.10,359,3.1061669772635404e-05,25001,0,3.4839062920073047,0.0318785010563612,-97713.42242945604,0.6041556737565967
benchmark_suite,shifted,GA_0.10,shifted|GA_0.10,360,1.4138069084545934e-05,25001,0,3.4057317090046126,0.0308960146886695,-97933.29365327791,0.604148990849309
benchmark_suite,shifted,GA_0.10,shifted|GA_0.10,361,3.305317386799127e-05,25001,0,3.430594832985662,0.0474382825116833,-92488.92845479104,0.6041487938054415
benchmark_suite,shifted,GA_0.10,shifted|GA_0.10,362,4.39999927330953e-05,25001,0,3.408122082997579,0.0187385528432267,-97170.93829954568,0.6041422607212773
benchmark_suite,shifted,GA_0.10,shifted|GA_0.10,363,5.162543800493e-05,25001,0,3.4319165410124697,0.0292001723627836,-94094.7044749986,0.6041642392228167
benchmark_suite,shifted,GA_0.10,shifted|GA_0.10,364,5.774208229548928e-05,25001,0,3.484096500003943,0.0122039668008223,-94403.5538519395,0.6041414373280671
benchmark_suite,shifted,GA_0.10,shifted|GA_0.10,365,2.327962015373898e-05,25001,0,3.514884125004756,0.0303178124877379,-102414.19613521708,0.6041473744597183
benchmark_suite,shifted,GA_0.10,shifted|GA_0.10,366,7.856751662541238e-05,25001,0,3.4359747499984223,0.0560167462252321,-87273.67180873209,0.6041702665223135
benchmark_suite,shifted,GA_0.10,shifted|GA_0.10,367,4.01849756462172e-05,25001,0,3.5208956669957843,0.0248176662273298,-94572.18006347895,0.6041605652368099
benchmark_suite,shifted,GA_0.10,shifted|GA_0.10,368,3.9573096570295735e-05,25001,0,3.5174276669858955,0.0159343733442268,-99425.44317605358,0.6041480072797097
benchmark_suite,shifted,GA_0.10,shifted|GA_0.10,369,8.290189751507626e-06,21501,1,3.42681720899418,0.0233193285815589,-103779.60315450103,0.604153507759799
benchmark_suite,shifted,GA_0.10,shifted|GA_0.10,370,9.854073790478208e-06,22901,1,3.4382954580069054,0.0199298427422775,-104246.02481721074,0.604150272780608
benchmark_suite,shifted,GA_0.10,shifted|GA_0.10,371,4.939335981574368e-05,25001,0,3.4351785840117373,0.0138689590078787,-99225.25841711606,0.6041489749232175
benchmark_suite,shifted,GA_0.10,shifted|GA_0.10,372,2.4543809309811355e-05,25001,0,3.41675412497716,0.0199962101282978,-102332.06944032227,0.6041578134506601
benchmark_suite,shifted,GA_0.10,shifted|GA_0.10,373,1.784753574239195e-05,25001,0,3.5107322090188973,0.031010921086296,-102119.00611528312,0.6041558237016874
benchmark_suite,shifted,GA_0.10,shifted|GA_0.10,374,3.121637853050225e-05,25001,0,3.461571833991912,0.0594811258306688,-89390.08175501933,0.604158811446037
benchmark_suite,shifted,GA_0.10,shifted|GA_0.10,375,2.521725582408641e-05,25001,0,3.541817333025392,0.0300940488513413,-94751.1689768192,0.604153208734564
benchmark_suite,shifted,GA_0.10,shifted|GA_0.10,376,1.572691735560737e-05,25001,0,3.47861816600198,0.0282491127692408,-101944.06065101988,0.6041486001732831
benchmark_suite,shifted,GA_0.10,shifted|GA_0.10,377,3.693490800762196e-05,25001,0,3.399575958988862,0.0219187591821004,-98432.4016105441,0.6041604721310636
benchmark_suite,shifted,GA_0.10,shifted|GA_0.10,378,3.144607549341725e-05,25001,0,3.4013131670071743,0.0416455736812601,-97247.15718524445,0.604159714064806
benchmark_suite,shifted,GA_0.10,shifted|GA_0.10,379,4.888770093490625e-05,25001,0,3.4047747910080943,0.0227226242996391,-95707.36813974004,0.6041514244401602
benchmark_suite,shifted,GA_0.10,shifted|GA_0.10,380,4.4177065237932e-05,25001,0,3.466540166991763,0.0239225024301144,-96279.59312147331,0.604162458060009
benchmark_suite,shifted,GA_0.10,shifted|GA_0.10,381,2.543943765555081e-05,25001,0,3.4095625409972854,0.0246841593687216,-100597.93710875392,0.6041469066793203
benchmark_suite,shifted,GA_0.10,shifted|GA_0.10,382,1.1681579016210336e-05,25001,0,3.496486040996388,0.0201312858055729,-106660.0722786207,0.6041534108827271
benchmark_suite,shifted,GA_0.10,shifted|GA_0.10,383,3.283142110593823e-05,25001,0,3.497590166982264,0.026697900694881,-98748.83548495834,0.6041476695456155
benchmark_suite,shifted,GA_0.10,shifted|GA_0.10,384,1.9843793054937306e-05,25001,0,3.4387316670035943,0.0465057733274616,-92077.79729202656,0.6041493214433935
benchmark_suite,shifted,GA_0.10,shifted|GA_0.10,385,2.982407759204241e-05,25001,0,3.4936058340244927,0.0201133730887825,-97035.91681443035,0.6041529388421103
benchmark_suite,shifted,GA_0.10,shifted|GA_0.10,386,5.7161538009785706e-05,25001,0,3.4818293749995064,0.0231134896770007,-94641.21081131107,0.6041617673294967
benchmark_suite,shifted,GA_0.10,shifted|GA_0.10,387,1.2367281550160096e-05,25001,0,3.3708809169766027,0.0202177270823821,-107285.00995923651,0.6041551716058146
benchmark_suite,shifted,GA_0.10,shifted|GA_0.10,388,3.241872191085477e-05,25001,0,3.455784042016603,0.0167264253741535,-102609.07484189456,0.6041487514259525
benchmark_suite,shifted,GA_0.10,shifted|GA_0.10,389,1.2907123995065682e-05,25001,0,3.438146208005492,0.0221067201973689,-107608.94718318868,0.604155173194409
benchmark_suite,shifted,GA_0.10,shifted|GA_0.10,390,7.828855107686139e-06,9501,1,3.517811875004554,0.0290359820189882,-107949.0378157644,0.6041518307902763
benchmark_suite,shifted,GA_0.10,shifted|GA_0.10,391,2.6348118442051376e-05,25001,0,3.5000698340008967,0.0294277003294559,-101132.5297295356,0.604152490603488
benchmark_suite,shifted,GA_0.10,shifted|GA_0.10,392,1.4742874832603671e-05,25001,0,3.4586982910113875,0.0306389241881572,-101109.12676788607,0.6041534206378225
benchmark_suite,shifted,GA_0.10,shifted|GA_0.10,393,3.536948108462477e-05,25001,0,3.484964041010244,0.0169681537357084,-98627.63995129763,0.6041500667928346
benchmark_suite,shifted,GA_0.10,shifted|GA_0.10,394,5.736424527577221e-06,22801,1,3.347367124981247,0.0212500274140548,-98154.80977565088,0.6041515166368362
benchmark_suite,shifted,GA_0.10,shifted|GA_0.10,395,1.2004991761000924e-05,25001,0,3.390603916021064,0.0186619818213931,-99456.02073437642,0.6041501797930539
benchmark_suite,shifted,GA_0.10,shifted|GA_0.10,396,2.9006066210324105e-05,25001,0,3.4198952919978183,0.0255867094176264,-99953.35298713592,0.6041469069999015
benchmark_suite,shifted,GA_0.10,shifted|GA_0.10,397,1.1579496677617334e-05,25001,0,3.440953042008914,0.031918693027998,-108418.1939258364,0.6041497376606314
benchmark_suite,shifted,GA_0.10,shifted|GA_0.10,398,4.006112268987592e-05,25001,0,3.478221917001065,0.0163612558446219,-97015.61375584084,0.6041537527341851
benchmark_suite,shifted,GA_0.10,shifted|GA_0.10,399,3.408706333972293e-05,25001,0,3.552122207998764,0.0407199635590746,-94272.1087116704,0.604160271685317
benchmark_suite,shifted,GA_0.10,shifted|GA_0.10,400,3.405738546725243e-05,25001,0,3.4723161250003614,0.0148160470247206,-98104.06828124209,0.604144488456095
benchmark_suite,shifted,GA_0.10,shifted|GA_0.10,401,1.7275375745634486e-05,25001,0,3.433814374991925,0.031907350526977,-104198.6500640105,0.6041489518779903
benchmark_suite,shifted,GA_0.10,shifted|GA_0.10,402,5.337023074677537e-05,25001,0,3.417753375018947,0.0336943268364585,-94712.053818157,0.6041564383157776
benchmark_suite,shifted,GA_0.10,shifted|GA_0.10,403,6.206937346389022e-06,5401,1,3.4171570420148782,0.0248761609926052,-114466.46124764346,0.6041508638479162
benchmark_suite,shifted,GA_0.10,shifted|GA_0.10,404,2.004701901362029e-05,25001,0,3.435060332994908,0.0188174703580313,-101680.1136902795,0.6041487876181846
benchmark_suite,shifted,GA_0.10,shifted|GA_0.10,405,3.677420615104897e-05,25001,0,3.4567451250040904,0.0467131095724807,-96123.5402292003,0.6041592559239162
benchmark_suite,shifted,GA_0.10,shifted|GA_0.10,406,5.20479664236833e-05,25001,0,3.5384560829843394,0.0165819327284212,-96075.65514927826,0.6041400160441376
benchmark_suite,shifted,GA_0.10,shifted|GA_0.10,407,5.012887497735528e-05,25001,0,3.50854891698691,0.0464408363084194,-92089.52719075976,0.6041422989721136
benchmark_suite,shifted,GA_0.10,shifted|GA_0.10,408,8.600281056855726e-06,12301,1,3.5122139579907525,0.0172892511356003,-107908.99972402316,0.6041513549037816
benchmark_suite,shifted,GA_0.10,shifted|GA_0.10,409,4.7427584761561966e-05,25001,0,3.479519083019113,0.0259594650875852,-94244.24807682354,0.6041586525190723
benchmark_suite,shifted,GA_0.10,shifted|GA_0.10,410,2.0333812474450938e-05,25001,0,3.5198342079820577,0.0274110626752778,-100948.85461423772,0.604155307135946
benchmark_suite,shifted,GA_0.10,shifted|GA_0.10,411,1.953291590465827e-05,25001,0,3.496025707980152,0.0219516586967284,-105581.47145105433,0.604156768294505
benchmark_suite,shifted,GA_0.10,shifted|GA_0.10,412,2.7335569981827387e-05,25001,0,3.499896292021731,0.0251660910502588,-98617.7443336246,0.6041543966516704
benchmark_suite,shifted,GA_0.10,shifted|GA_0.10,413,6.365498053333844e-05,25001,0,3.529421209008433,0.0129028863402425,-96608.28078478812,0.6041524085952878
benchmark_suite,shifted,GA_0.10,shifted|GA_0.10,414,6.0594343951022885e-05,25001,0,3.5807978750090115,0.0307812853429064,-89030.88896764605,0.6041436089695709
benchmark_suite,shifted,GA_0.10,shifted|GA_0.10,415,2.738281266637153e-05,25001,0,3.5544442079844885,0.0196124717928677,-101185.6581134566,0.6041498619161743
benchmark_suite,shifted,GA_0.10,shifted|GA_0.10,416,1.1712161031552536e-05,25001,0,3.546784333011601,0.0344438148001029,-99717.6601285901,0.604150478107733
benchmark_suite,shifted,GA_0.10,shifted|GA_0.10,417,1.1517624070514072e-05,25001,0,3.4668091669736896,0.0362870247909818,-96789.67673560226,0.6041524047835035
benchmark_suite,shifted,GA_0.10,shifted|GA_0.10,418,1.957562318948216e-05,25001,0,3.5516236670082435,0.0235995528331331,-100076.15498447834,0.6041564453104664
benchmark_suite,shifted,GA_0.10,shifted|GA_0.10,419,6.872295350038328e-06,8601,1,3.425412333017448,0.033733083353864,-108265.8291969935,0.6041528300347354
benchmark_suite,shifted,GA_0.10,shifted|GA_0.10,420,1.883361765904274e-05,25001,0,3.44336766700144,0.0315582803940878,-97399.00578735546,0.6041496031339735
benchmark_suite,shifted,GA_0.10,shifted|GA_0.10,421,5.10631551536991e-05,25001,0,3.4328254589927383,0.0256047511441832,-94864.74022201716,0.6041616302086165
benchmark_suite,shifted,GA_0.10,shifted|GA_0.10,422,2.284378629586346e-05,25001,0,3.477427625010023,0.0251329627023988,-99966.4711359266,0.604146978718917
benchmark_suite,shifted,GA_0.10,shifted|GA_0.10,423,1.461465901713977e-05,25001,0,3.544341083004838,0.0152672678525514,-104924.46279467097,0.604151511438635
benchmark_suite,shifted,GA_0.10,shifted|GA_0.10,424,4.793959467066116e-05,25001,0,3.417543749994365,0.0179252333003242,-97366.67914299402,0.6041469506242961
benchmark_suite,shifted,GA_0.10,shifted|GA_0.10,425,2.672648610467584e-05,25001,0,3.4016227500105742,0.0176976955002024,-99061.60399866827,0.6041520237668612
benchmark_suite,shifted,GA_0.10,shifted|GA_0.10,426,2.746506748309281e-06,17101,1,3.3797637920069974,0.0263981361375826,-109580.76058106092,0.6041524356640907
benchmark_suite,shifted,GA_0.10,shifted|GA_0.10,427,7.575067985363029e-06,20801,1,3.46830437501194,0.019691201952636,-104084.916300392,0.6041526054341358
benchmark_suite,shifted,GA_0.10,shifted|GA_0.10,428,1.4616770730480507e-05,25001,0,3.42798291699728,0.0525356394794932,-99019.81476699444,0.6041511431351
benchmark_suite,shifted,GA_0.10,shifted|GA_0.10,429,2.296636846323646e-05,25001,0,3.440114624972921,0.026401245947714,-94228.7443903832,0.6041572437356326
benchmark_suite,shifted,GA_0.10,shifted|GA_0.10,430,2.649808599643434e-05,25001,0,3.5911418329924345,0.0458935075717676,-92696.1193946857,0.6041585519344181
benchmark_suite,shifted,GA_0.10,shifted|GA_0.10,431,1.6098178997230596e-05,25001,0,3.5046111660194583,0.0189280874521438,-108256.87228386776,0.6041526477491544
benchmark_suite,shifted,GA_0.10,shifted|GA_0.10,432,3.814522638414009e-05,25001,0,3.4195940409845207,0.0259852801624312,-95560.84709059654,0.6041612480305162
benchmark_suite,shifted,GA_0.10,shifted|GA_0.10,433,3.2306239828063e-05,25001,0,3.378755417012144,0.0242100136190019,-97606.92642280382,0.6041458914762512
benchmark_suite,shifted,GA_0.10,shifted|GA_0.10,434,2.18680518667817e-05,25001,0,3.3851086249924265,0.0228944066537343,-101632.07879771452,0.6041567523664682
benchmark_suite,shifted,GA_0.10,shifted|GA_0.10,435,1.601691152315888e-05,25001,0,3.471822874998906,0.0443403456034533,-92116.64177508002,0.6041525974495746
benchmark_suite,shifted,GA_0.10,shifted|GA_0.10,436,1.850574242743509e-05,25001,0,3.437122333998559,0.0181768169195662,-104460.29120980452,0.604155952590877
benchmark_suite,shifted,GA_0.10,shifted|GA_0.10,437,4.353934689454241e-05,25001,0,3.396931208990281,0.0294465930926449,-96844.92383030064,0.6041529971488648
benchmark_suite,shifted,GA_0.10,shifted|GA_0.10,438,3.639601224190136e-05,25001,0,3.4794560419977643,0.0520772005462328,-96369.84927641464,0.6041589225000343
benchmark_suite,shifted,GA_0.10,shifted|GA_0.10,439,4.783968079751246e-05,25001,0,3.562930917018093,0.0171477046107221,-92645.32356574578,0.604142159078761
benchmark_suite,shifted,GA_0.10,shifted|GA_0.10,440,8.484036027179877e-06,9901,1,3.470693167007994,0.0391868863849359,-106798.421284601,0.6041523477862409
benchmark_suite,shifted,GA_0.10,shifted|GA_0.10,441,2.606770655158683e-05,25001,0,3.366909542004578,0.0141000299248392,-102995.062210195,0.6041483106577157
benchmark_suite,shifted,GA_0.10,shifted|GA_0.10,442,2.215313091705988e-05,25001,0,3.414068333018804,0.0204112159776823,-99717.82533567274,0.6041533887015865
benchmark_suite,shifted,GA_0.10,shifted|GA_0.10,443,3.9791759075214535e-05,25001,0,3.552075500017964,0.0275996948638248,-98713.74370314152,0.6041499534937856
benchmark_suite,shifted,GA_0.10,shifted|GA_0.10,444,2.5318945310444072e-05,25001,0,3.396102124999743,0.0212070434229188,-101484.15919629928,0.6041567884977268
benchmark_suite,shifted,GA_0.10,shifted|GA_0.10,445,2.5684207871461577e-05,25001,0,3.462674416980008,0.026415842185415,-93560.3826129471,0.6041483101519736
benchmark_suite,shifted,GA_0.10,shifted|GA_0.10,446,3.225809900550749e-05,25001,0,3.5072141669807024,0.0231752210276399,-95797.3039812763,0.6041513660817011
benchmark_suite,shifted,GA_0.10,shifted|GA_0.10,447,3.5090921637824595e-05,25001,0,3.491787834005663,0.0334279794395455,-96294.49828193884,0.6041451599224513
benchmark_suite,shifted,GA_0.10,shifted|GA_0.10,448,1.5820444311719748e-05,25001,0,3.372448708018055,0.0434968111591801,-103861.0519255403,0.6041487312616337
benchmark_suite,shifted,GA_0.10,shifted|GA_0.10,449,1.7748765528953298e-05,25001,0,3.380730125005357,0.0280270847761304,-100094.71682441646,0.6041482943674772
benchmark_suite,shifted,GA_0.10,shifted|GA_0.10,450,3.311954626851456e-05,25001,0,3.365856582997367,0.0244812470209605,-93970.99995152194,0.604145894694066
benchmark_suite,shifted,GA_0.10,shifted|GA_0.10,451,2.6785002007125364e-05,25001,0,3.4681967080105096,0.0220583041559347,-102309.50249519551,0.604157942074719
benchmark_suite,shifted,GA_0.10,shifted|GA_0.10,452,1.0206892969687743e-05,25001,0,3.470040207990678,0.0143960590847629,-107908.0271962044,0.6041529332343067
benchmark_suite,shifted,GA_0.10,shifted|GA_0.10,453,4.7437209489471634e-06,13201,1,3.392457000009017,0.0239489827833655,-112771.4500690929,0.6041511796408081
benchmark_suite,shifted,GA_0.10,shifted|GA_0.10,454,1.712713305451878e-05,25001,0,3.5392551659897435,0.0145116105814084,-106977.6203344707,0.6041562980023947
benchmark_suite,shifted,GA_0.10,shifted|GA_0.10,455,1.3938090886468047e-05,25001,0,3.464146499987692,0.0288822916410107,-104461.86041212051,0.6041527515807235
benchmark_suite,shifted,GA_0.10,shifted|GA_0.10,456,4.9997173135123726e-05,25001,0,3.4231614159944,0.0333079668604276,-91737.77690493457,0.6041640975617069
benchmark_suite,shifted,GA_0.10,shifted|GA_0.10,457,4.1656947029131685e-05,25001,0,3.388389792002272,0.0170100681042919,-100351.7715605561,0.6041613353282442
benchmark_suite,shifted,GA_0.10,shifted|GA_0.10,458,4.712503005416209e-05,25001,0,3.3841269589902367,0.0236702072332407,-97232.90392536664,0.6041413516583461
benchmark_suite,shifted,GA_0.10,shifted|GA_0.10,459,3.655417334410929e-05,25001,0,3.40343937498983,0.0260551015505107,-95100.07828939072,0.604159430207443
benchmark_suite,shifted,GA_0.10,shifted|GA_0.10,460,3.5848428085741564e-05,25001,0,3.481346416985616,0.0198177443235235,-98411.24230545512,0.6041572008463284
benchmark_suite,shifted,GA_0.10,shifted|GA_0.10,461,4.038164095973594e-05,25001,0,3.3993126249988563,0.0230642673422951,-98335.1645090891,0.604143370882423
benchmark_suite,shifted,GA_0.10,shifted|GA_0.10,462,2.749146724444325e-05,25001,0,3.585311625007307,0.0185787993202313,-102642.91046181857,0.6041587859069429
benchmark_suite,shifted,GA_0.10,shifted|GA_0.10,463,1.1573358836560893e-05,25001,0,3.454748708987609,0.0192287740218442,-99433.0440202656,0.6041497917689148
benchmark_suite,shifted,GA_0.10,shifted|GA_0.10,464,4.033061421885355e-05,25001,0,3.4889970000076573,0.0247798103683272,-99094.36858432589,0.604151796299291
benchmark_suite,shifted,GA_0.10,shifted|GA_0.10,465,4.941937703292403e-05,25001,0,3.407181292015593,0.0256476737011297,-93298.51284567038,0.6041517998320304
benchmark_suite,shifted,GA_0.10,shifted|GA_0.10,466,2.179028752539123e-05,25001,0,3.44905416702386,0.0296735728981657,-101732.65770012612,0.6041496367024584
benchmark_suite,shifted,GA_0.10,shifted|GA_0.10,467,2.382128543143501e-05,25001,0,3.437682624993613,0.0121978901848835,-106234.14516658032,0.6041525065681848
benchmark_suite,shifted,GA_0.10,shifted|GA_0.10,468,2.547256640092405e-05,25001,0,3.422665083984612,0.0279523867888992,-98786.46088934736,0.6041462948746807
benchmark_suite,shifted,GA_0.10,shifted|GA_0.10,469,1.2999689671569994e-05,25001,0,3.474721415987005,0.0208274204185331,-108912.50296291664,0.6041496475186687
benchmark_suite,shifted,GA_0.10,shifted|GA_0.10,470,3.757480186598978e-05,25001,0,3.515173917025095,0.024507909388116,-97267.7465332296,0.6041572865605248
benchmark_suite,shifted,GA_0.10,shifted|GA_0.10,471,6.216124367234742e-06,18001,1,3.4738944999990053,0.0251446429430832,-104533.87730727984,0.6041511815738961
benchmark_suite,shifted,GA_0.10,shifted|GA_0.10,472,1.731597000558537e-05,25001,0,3.4377655840071384,0.0321939715857485,-99625.02600815482,0.6041561445395833
benchmark_suite,shifted,GA_0.10,shifted|GA_0.10,473,4.327902142901915e-05,25001,0,3.4264103329915088,0.0303167422649872,-98074.03951060543,0.6041587757926125
benchmark_suite,shifted,GA_0.10,shifted|GA_0.10,474,4.174346944561083e-05,25001,0,3.425064415991073,0.0386235678324536,-96302.45702301968,0.604153639176003
benchmark_suite,shifted,GA_0.10,shifted|GA_0.10,475,9.388866810013346e-06,12901,1,3.397031166998204,0.0251952121135467,-103825.67753951489,0.6041501579181162
benchmark_suite,shifted,GA_0.10,shifted|GA_0.10,476,9.583242497960165e-06,5601,1,3.481613458017818,0.0428798865218274,-108869.53167950088,0.604154507044419
benchmark_suite,shifted,GA_0.10,shifted|GA_0.10,477,1.953258623816537e-05,25001,0,3.433384042000398,0.0690303715338769,-93121.0031406841,0.6041519884446004
benchmark_suite,shifted,GA_0.10,shifted|GA_0.10,478,4.659015273801329e-05,25001,0,3.5025304580049124,0.0222768458314438,-98615.7336660406,0.6041535770879759
benchmark_suite,shifted,GA_0.10,shifted|GA_0.10,479,2.6380055567036325e-05,25001,0,3.4998328749788925,0.0290180719490788,-98844.2186987562,0.6041574063114845
benchmark_suite,shifted,GA_0.10,shifted|GA_0.10,480,5.163809880150594e-05,25001,0,3.412591208005324,0.017185418772644,-96126.55102535806,0.6041609984048824
benchmark_suite,shifted,GA_0.10,shifted|GA_0.10,481,2.9598830305153195e-05,25001,0,3.388862166990293,0.0187432353712057,-101844.61401396854,0.6041453134425611
benchmark_suite,shifted,GA_0.10,shifted|GA_0.10,482,5.839407835286388e-05,25001,0,3.403299166006036,0.0165613085356557,-94951.59480768176,0.6041554207767946
benchmark_suite,shifted,GA_0.10,shifted|GA_0.10,483,1.838732044492384e-05,25001,0,3.4437860409962013,0.0308652032373696,-101270.10328648592,0.604156551172467
benchmark_suite,shifted,GA_0.10,shifted|GA_0.10,484,3.571407656411379e-05,25001,0,3.443606249988079,0.019204262029062,-97191.82159070384,0.6041507038806962
benchmark_suite,shifted,GA_0.10,shifted|GA_0.10,485,1.7578090869031826e-05,25001,0,3.4461822499870323,0.0170860843646157,-101722.94138290876,0.6041557634755076
benchmark_suite,shifted,GA_0.10,shifted|GA_0.10,486,4.376620964575665e-05,25001,0,3.4828347910079174,0.0188386601753313,-97152.4547527658,0.6041623976526164
benchmark_suite,shifted,GA_0.10,shifted|GA_0.10,487,3.778087085636781e-05,25001,0,3.518634458014276,0.029702676906283,-95278.0089917683,0.6041592996537185
benchmark_suite,shifted,GA_0.10,shifted|GA_0.10,488,2.0034432509809144e-05,25001,0,3.52893391699763,0.0346317647200416,-95491.51012465786,0.6041513450932009
benchmark_suite,shifted,GA_0.10,shifted|GA_0.10,489,1.931622759953568e-05,25001,0,3.438857250002912,0.0274785788951231,-100540.4956340481,0.604153229298741
benchmark_suite,shifted,GA_0.10,shifted|GA_0.10,490,2.633808799584183e-05,25001,0,3.487876957980916,0.021547590573872,-97866.83023288238,0.6041462065449966
benchmark_suite,shifted,GA_0.10,shifted|GA_0.10,491,2.155837050677584e-05,25001,0,3.5292975420015864,0.0349344538493034,-95967.37422390917,0.6041491724125033
benchmark_suite,shifted,GA_0.10,shifted|GA_0.10,492,4.202180297326859e-06,22501,1,3.4502072090108413,0.0400318810501622,-102762.9098888512,0.6041532680658531
benchmark_suite,shifted,GA_0.10,shifted|GA_0.10,493,1.4196294898808328e-05,25001,0,3.4783215830102563,0.0152797050290489,-107159.75377661374,0.60415119545593
benchmark_suite,shifted,GA_0.10,shifted|GA_0.10,494,3.1018083330681e-05,25001,0,3.478062916983617,0.028352477365866,-99474.45112381093,0.6041495396816244
benchmark_suite,shifted,GA_0.10,shifted|GA_0.10,495,2.2582747889720648e-05,25001,0,3.577726249990519,0.0194173717027743,-101732.5879617779,0.6041537965736522
benchmark_suite,shifted,GA_0.10,shifted|GA_0.10,496,3.360376715950914e-05,25001,0,3.479046166990884,0.0158896840424397,-100943.63004094816,0.6041586573077111
benchmark_suite,shifted,GA_0.10,shifted|GA_0.10,497,3.272354032145438e-05,25001,0,3.3439477079955395,0.0268195636515009,-93424.36363138488,0.6041511309463814
benchmark_suite,shifted,GA_0.10,shifted|GA_0.10,498,4.101136338663871e-05,25001,0,3.408880583010614,0.0244778296334633,-96773.8781979296,0.604160145230546
benchmark_suite,shifted,GA_0.10,shifted|GA_0.10,499,3.4616709216420904e-05,25001,0,3.38337875000434,0.0335826492064674,-93325.16702463225,0.6041576627547535
benchmark_suite,shifted,GA_0.10,shifted|GA_0.10,500,8.383780507587082e-06,23501,1,3.3875655000156257,0.0285602025159793,-93138.5380537789,0.6041526065765709
benchmark_suite,shifted,Halpern,shifted|Halpern,1,0.000124620906364,25001,0,3.390757457993459,0.0011985009729237,-86757.58534016137,0.9642339742523388
benchmark_suite,shifted,Halpern,shifted|Halpern,2,9.277134578915172e-05,25001,0,3.468363291991409,0.0008995578748388,-89961.88612657794,0.888344369093404
benchmark_suite,shifted,Halpern,shifted|Halpern,3,9.99618029078331e-05,25001,0,3.482721665990539,0.0009670829758285,-89151.41222117044,0.881164742967786
benchmark_suite,shifted,Halpern,shifted|Halpern,4,6.867441949085405e-05,25001,0,3.595069333008724,0.0006728326423515,-93227.22293904956,0.9131185271475916
benchmark_suite,shifted,Halpern,shifted|Halpern,5,9.377191930461112e-05,25001,0,3.668408375000581,0.0009089558519405,-89845.41715877969,0.9476443079253278
benchmark_suite,shifted,Halpern,shifted|Halpern,6,7.838110787408887e-05,25001,0,3.490637917013373,0.0007642933709523,-91791.87373204296,0.8935567292462726
benchmark_suite,shifted,Halpern,shifted|Halpern,7,0.0001115961620708,25001,0,3.716681457997765,0.0010762941712883,-87956.07913670331,0.9580356864328584
benchmark_suite,shifted,Halpern,shifted|Halpern,8,0.0001408069265297,25001,0,3.7693904159823433,0.001350291049598,-85431.81210367632,0.9685190245645344
benchmark_suite,shifted,Halpern,shifted|Halpern,9,5.952188959857586e-05,25001,0,3.717410957993706,0.0005862298440163,-94780.11290143683,0.8869855231377914
benchmark_suite,shifted,Halpern,shifted|Halpern,10,5.406922836702656e-05,25001,0,3.783782540995162,0.0005343617181955,-95823.23178909934,0.8777741626932127
benchmark_suite,shifted,Halpern,shifted|Halpern,11,0.0001099550009799,25001,0,3.733477625006344,0.0010608916291104,-88116.92960300163,0.9117159431880294
benchmark_suite,shifted,Halpern,shifted|Halpern,12,0.0001395856409152,25001,0,3.793493292003404,0.0013388408419047,-85526.3900103922,0.963802042548837
benchmark_suite,shifted,Halpern,shifted|Halpern,13,9.617684113655788e-05,25001,0,3.952477290993557,0.0009315419670994,-89570.48524871551,0.9531572127380916
benchmark_suite,shifted,Halpern,shifted|Halpern,14,6.422239704844142e-05,25001,0,3.758657917001983,0.0006307658048941,-93954.903279467,0.8956141920195074
benchmark_suite,shifted,Halpern,shifted|Halpern,15,9.966908751509964e-05,25001,0,3.7497596660105046,0.0009643346012567,-89183.25086773976,0.9485611117595172
benchmark_suite,shifted,Halpern,shifted|Halpern,16,8.084982556192682e-05,25001,0,3.8758242500189226,0.0007875177083047,-91455.19571371633,0.9037386185350575
benchmark_suite,shifted,Halpern,shifted|Halpern,17,5.524680620090906e-05,25001,0,3.797078083007364,0.0005455850569495,-95589.31639935178,0.8723372678120841
benchmark_suite,shifted,Halpern,shifted|Halpern,18,0.0001083002268777,25001,0,3.944344874995295,0.0010453603640912,-88281.56382668637,0.9371070686691484
benchmark_suite,shifted,Halpern,shifted|Halpern,19,0.0001269391622643,25001,0,3.7882552910014056,0.0012202464188982,-86557.4752780983,0.9613711917366644
benchmark_suite,shifted,Halpern,shifted|Halpern,20,9.937792750970616e-05,25001,0,4.078221209027106,0.000961600781445,-89215.01337394462,0.9072774770210624
benchmark_suite,shifted,Halpern,shifted|Halpern,21,7.949608750588886e-05,25001,0,3.957804957986809,0.0007747838396651,-91638.52144001816,0.9241205942420608
benchmark_suite,shifted,Halpern,shifted|Halpern,22,8.257612889128669e-05,25001,0,4.107215625001118,0.0008037518228421,-91225.81916750192,0.8767979821592596
benchmark_suite,shifted,Halpern,shifted|Halpern,23,8.596049943766333e-05,25001,0,4.056500333012082,0.0008355666677693,-90789.72652303566,0.928265736910226
benchmark_suite,shifted,Halpern,shifted|Halpern,24,9.363911032342444e-05,25001,0,4.180879041989101,0.0009077084764829,-89860.80457192168,0.9007626395403964
benchmark_suite,shifted,Halpern,shifted|Halpern,25,8.724870505668873e-05,25001,0,4.081573291972745,0.0008476730562502,-90628.23159877823,0.8536363208939048
benchmark_suite,shifted,Halpern,shifted|Halpern,26,7.649765916106324e-05,25001,0,4.095822458009934,0.0007465668470068,-92055.94413893156,0.8808841045875375
benchmark_suite,shifted,Halpern,shifted|Halpern,27,6.81295234525893e-05,25001,0,3.969284457998583,0.0006676889295709,-93313.71042536604,0.890127981286691
benchmark_suite,shifted,Halpern,shifted|Halpern,28,9.972147871225432e-05,25001,0,3.9908649580029305,0.0009648265006189,-89177.5456088873,0.9566015398545468
benchmark_suite,shifted,Halpern,shifted|Halpern,29,0.000114547504705,25001,0,3.965620250004577,0.0011039906579788,-87672.68085108935,0.9125359155537168
benchmark_suite,shifted,Halpern,shifted|Halpern,30,0.0001003024090185,25001,0,4.242810208001174,0.0009702809592271,-89114.481678625,0.9035480546447004
benchmark_suite,shifted,Halpern,shifted|Halpern,31,4.992789660002987e-05,25001,0,5.359720167005435,0.0004947820658014,-96688.3676424191,0.8614777497388941
benchmark_suite,shifted,Halpern,shifted|Halpern,32,0.0001123831845051,25001,0,6.453847166005289,0.0010836801801942,-87879.7801266647,0.9202075132729506
benchmark_suite,shifted,Halpern,shifted|Halpern,33,9.565544824458028e-05,25001,0,6.09376854202128,0.0009266455139116,-89629.50285662073,0.9197723747400184
benchmark_suite,shifted,Halpern,shifted|Halpern,34,0.0001443368101098,25001,0,6.560219584003789,0.0013833831993041,-85162.99649468888,0.9551213928210912
benchmark_suite,shifted,Halpern,shifted|Halpern,35,9.585025035380984e-05,25001,0,6.452271250018384,0.0009284749449595,-89607.41512221275,0.9069688827304304
benchmark_suite,shifted,Halpern,shifted|Halpern,36,0.0001019094063174,25001,0,6.742891834001057,0.0009853686132686,-88941.9155465716,0.8999547589496318
benchmark_suite,shifted,Halpern,shifted|Halpern,37,8.681231329342259e-05,25001,0,6.666640790994279,0.0008435721019388,-90682.67075351212,0.930618239101408
benchmark_suite,shifted,Halpern,shifted|Halpern,38,7.74689486840571e-05,25001,0,6.657971375010675,0.0007557093138183,-91918.9619832033,0.882669253995175
benchmark_suite,shifted,Halpern,shifted|Halpern,39,9.048781632450002e-05,25001,0,5.384966125013307,0.000878107129682,-90232.46916477697,0.9163786412824352
benchmark_suite,shifted,Halpern,shifted|Halpern,40,8.779103054096941e-05,25001,0,4.512674541998422,0.0008527692709415,-90560.9554385618,0.9343135009717388
benchmark_suite,shifted,Halpern,shifted|Halpern,41,8.592882220638922e-05,25001,0,4.309340834006434,0.0008352689528787,-90793.72806563356,0.9429872953499836
benchmark_suite,shifted,Halpern,shifted|Halpern,42,7.035693361104538e-05,25001,0,4.204753708996577,0.0006887076187128,-92964.43669308892,0.9046854503871388
benchmark_suite,shifted,Halpern,shifted|Halpern,43,6.01172421998084e-05,25001,0,4.533645999996224,0.000591878762003,-94672.05908654608,0.8586954476715792
benchmark_suite,shifted,Halpern,shifted|Halpern,44,9.885228847532804e-05,25001,0,4.605033291998552,0.0009566652587547,-89272.59132456913,0.8836443619035507
benchmark_suite,shifted,Halpern,shifted|Halpern,45,8.567753551127676e-05,25001,0,4.629749958025059,0.0008329071871573,-90825.52406549294,0.9151163692978116
benchmark_suite,shifted,Halpern,shifted|Halpern,46,5.020495991442914e-05,25001,0,4.931000999989919,0.0004974356835845,-96628.28655927072,0.862589198729847
benchmark_suite,shifted,Halpern,shifted|Halpern,47,9.186216238716286e-05,25001,0,4.779227749997517,0.0008910177074121,-90068.81194162657,0.9413270503127223
benchmark_suite,shifted,Halpern,shifted|Halpern,48,0.0001006576339033,25001,0,4.845621041982668,0.0009736161705724,-89076.09917198731,0.9229480342394152
benchmark_suite,shifted,Halpern,shifted|Halpern,49,0.0001019773809823,25001,0,4.812203791982029,0.0009860067795597,-88934.67632537163,0.9226504890837568
benchmark_suite,shifted,Halpern,shifted|Halpern,50,9.690568026813418e-05,25001,0,4.782025624997914,0.0009383863332811,-89488.52036629159,0.950639110545529
benchmark_suite,shifted,Halpern,shifted|Halpern,51,5.853495905714122e-05,25001,0,4.7271003749920055,0.0005768597597572,-94961.63943037896,0.8893509051958093
benchmark_suite,shifted,Halpern,shifted|Halpern,52,8.591428568040891e-05,25001,0,4.904232708009658,0.0008351323353661,-90795.5648107605,0.920439940811948
benchmark_suite,shifted,Halpern,shifted|Halpern,53,0.0001302734576789,25001,0,4.477338291006163,0.0012515192743995,-86275.97895591424,0.9372812000985604
benchmark_suite,shifted,Halpern,shifted|Halpern,54,0.0001057795092801,25001,0,4.805671083973721,0.0010216997513432,-88537.24929075345,0.9139627086107758
benchmark_suite,shifted,Halpern,shifted|Halpern,55,9.88743170078691e-05,25001,0,4.597136708005564,0.000956872097737,-89270.17222332631,0.954943149203782
benchmark_suite,shifted,Halpern,shifted|Halpern,56,5.5291693807840006e-05,25001,0,4.5954622499994,0.0005460126424281,-95580.49841940968,0.8555674876053141
benchmark_suite,shifted,Halpern,shifted|Halpern,57,7.624598748115556e-05,25001,0,4.77261274997727,0.0007441975843872,-92091.72144414176,0.908111513100525
benchmark_suite,shifted,Halpern,shifted|Halpern,58,0.0001282646132105,25001,0,4.608886624977458,0.0012326784571029,-86444.69918488196,0.9560126321144616
benchmark_suite,shifted,Halpern,shifted|Halpern,59,0.0001063521773673,25001,0,4.838210207992233,0.0010270752663167,-88478.63075360813,0.9497541019783444
benchmark_suite,shifted,Halpern,shifted|Halpern,60,7.883618146344974e-05,25001,0,5.549775874998886,0.000768575282626,-91729.02202366482,0.8567598400165786
benchmark_suite,shifted,Halpern,shifted|Halpern,61,0.0001141417547189,25001,0,5.577186999988044,0.0011001831354324,-87711.2064573427,0.9434533059575796
benchmark_suite,shifted,Halpern,shifted|Halpern,62,9.831007412144016e-05,25001,0,6.909283749992028,0.0009515739739135,-89332.30657043261,0.9406408125873668
benchmark_suite,shifted,Halpern,shifted|Halpern,63,0.000127728228654,25001,0,6.558489042014116,0.0012276475197748,-86490.19648579715,0.9690989323352602
benchmark_suite,shifted,Halpern,shifted|Halpern,64,6.934320323290429e-05,25001,0,6.716931957984343,0.000679144140462,-93122.00487655395,0.9145167328319824
benchmark_suite,shifted,Halpern,shifted|Halpern,65,0.0001153465864113,25001,0,6.60416516699479,0.0011114890189759,-87597.20603917472,0.913921061465608
benchmark_suite,shifted,Halpern,shifted|Halpern,66,8.064198402110894e-05,25001,0,6.610258250002516,0.0007855628680353,-91483.14151604584,0.9342440304628716
benchmark_suite,shifted,Halpern,shifted|Halpern,67,7.699298046962125e-05,25001,0,6.43632270800299,0.0007512294330576,-91985.87232545546,0.8683756183760889
benchmark_suite,shifted,Halpern,shifted|Halpern,68,0.0001145656297165,25001,0,5.442317959008506,0.0011041607350671,-87670.96313446254,0.9523451783579792
benchmark_suite,shifted,Halpern,shifted|Halpern,69,8.516705980603628e-05,25001,0,5.144015333004063,0.000828109142648,-90890.40449408976,0.9149255769693836
benchmark_suite,shifted,Halpern,shifted|Halpern,70,0.0001098952585785,25001,0,4.069003999989945,0.0010603309168081,-88122.83019452711,0.9378510010461572
benchmark_suite,shifted,Halpern,shifted|Halpern,71,0.0001045089410291,25001,0,3.9225697079964448,0.0010097727300689,-88668.44681397692,0.915005520469244
benchmark_suite,shifted,Halpern,shifted|Halpern,72,4.995139507938048e-05,25001,0,4.006490500003565,0.000495007119012,-96683.25999947482,0.8543769842797668
benchmark_suite,shifted,Halpern,shifted|Halpern,73,7.931594859721127e-05,25001,0,4.168286957981763,0.0007730891351399,-91663.15113276007,0.8889119814070705
benchmark_suite,shifted,Halpern,shifted|Halpern,74,7.034304280124729e-05,25001,0,3.9768500829814,0.0006885765934414,-92966.58052247016,0.9142119186011756
benchmark_suite,shifted,Halpern,shifted|Halpern,75,8.9688800591269e-05,25001,0,4.084004125004867,0.0008706005394667,-90328.76267458276,0.8714242210510064
benchmark_suite,shifted,Halpern,shifted|Halpern,76,0.0001141992036813,25001,0,4.118172625021543,0.001100722231408,-87705.7434492818,0.9683149128388776
benchmark_suite,shifted,Halpern,shifted|Halpern,77,7.595654650786808e-05,25001,0,4.017011707997881,0.0007414725846741,-92133.01408995377,0.9177564156551566
benchmark_suite,shifted,Halpern,shifted|Halpern,78,0.0001257347848512,25001,0,4.0698273749731015,0.0012089494807719,-86660.9757055922,0.9601217493610982
benchmark_suite,shifted,Halpern,shifted|Halpern,79,4.9642667794616713e-05,25001,0,4.401641874981578,0.0004920493039243,-96750.56964973045,0.8619368714322783
benchmark_suite,shifted,Halpern,shifted|Halpern,80,5.482501112531814e-05,25001,0,4.198033042019233,0.0005415664520285,-95672.52427231272,0.8557439479505935
benchmark_suite,shifted,Halpern,shifted|Halpern,81,7.902307059451255e-05,25001,0,4.085435415996471,0.0007703336712511,-91703.31497823432,0.8782335367930711
benchmark_suite,shifted,Halpern,shifted|Halpern,82,9.33860111005086e-05,25001,0,4.127716957998928,0.0009053312428364,-89890.18988515079,0.9530973172550442
benchmark_suite,shifted,Halpern,shifted|Halpern,83,7.98859881842199e-05,25001,0,4.10135291700135,0.0007784517553787,-91585.4020880448,0.858792005666315
benchmark_suite,shifted,Halpern,shifted|Halpern,84,0.0001063693316318,25001,0,4.163913917000173,0.0010272362973505,-88476.87960746589,0.9583837063419854
benchmark_suite,shifted,Halpern,shifted|Halpern,85,0.0001129882863404,25001,0,4.095049791998463,0.0010893587414242,-87821.48038004662,0.9085139110759552
benchmark_suite,shifted,Halpern,shifted|Halpern,86,6.6934028998131e-05,25001,0,3.963620833004825,0.0006563991417399,-93505.91155168472,0.8740112339471136
benchmark_suite,shifted,Halpern,shifted|Halpern,87,0.000103486919833,25001,0,4.16352087497944,0.0010001784299805,-88775.14230829486,0.9448039756687792
benchmark_suite,shifted,Halpern,shifted|Halpern,88,0.0001185205893898,25001,0,4.0899313330010045,0.0011412708774379,-87302.4912138904,0.935451031354836
benchmark_suite,shifted,Halpern,shifted|Halpern,89,0.0001020403599812,25001,0,3.998556166014168,0.0009865980538451,-88927.97332374059,0.9432208809361896
benchmark_suite,shifted,Halpern,shifted|Halpern,90,0.0001072973381182,25001,0,4.127717291994486,0.0010359470553424,-88382.57040362587,0.9329728233169824
benchmark_suite,shifted,Halpern,shifted|Halpern,91,0.0001332000420327,25001,0,4.127062083978672,0.0012789651736002,-86034.77830061459,0.9595532132888688
benchmark_suite,shifted,Halpern,shifted|Halpern,92,6.41292935101269e-05,25001,0,4.138170874997741,0.000629884981203,-93970.65426095753,0.8624291564747095
benchmark_suite,shifted,Halpern,shifted|Halpern,93,6.984882392955283e-05,25001,0,3.956045083992649,0.0006839146228769,-93043.12852502087,0.916825936022398
benchmark_suite,shifted,Halpern,shifted|Halpern,94,0.0001234738521505,25001,0,4.031280541996239,0.0011877408453059,-86857.97899566502,0.9454038704140376
benchmark_suite,shifted,Halpern,shifted|Halpern,95,0.0001182356294723,25001,0,4.072384916973533,0.0011385972216359,-87328.62604098002,0.9599089891073084
benchmark_suite,shifted,Halpern,shifted|Halpern,96,9.088485126191817e-05,25001,0,3.9675502500031135,0.0008818370069016,-90184.9362792084,0.9390247498177692
benchmark_suite,shifted,Halpern,shifted|Halpern,97,7.492221160616996e-05,25001,0,3.811782500008121,0.0007317328949796,-92281.87340500898,0.9039210288401126
benchmark_suite,shifted,Halpern,shifted|Halpern,98,9.3776778154977e-05,25001,0,3.960378207993928,0.0009090014945562,-89844.85452949056,0.9526949187698824
benchmark_suite,shifted,Halpern,shifted|Halpern,99,9.17343004483959e-05,25001,0,3.862791291991016,0.0008898166371695,-90083.93401754182,0.9193766659397145
benchmark_suite,shifted,Halpern,shifted|Halpern,100,7.676034340929273e-05,25001,0,3.702354083012324,0.0007490396325809,-92018.7265352087,0.923038888739062
benchmark_suite,shifted,Halpern,shifted|Halpern,101,6.089902040871208e-05,25001,0,3.791850416979287,0.0005992927458133,-94531.78379692318,0.8954366082809592
benchmark_suite,shifted,Halpern,shifted|Halpern,102,0.0001132297440369,25001,0,3.627176000009058,0.0010916246791293,-87798.30356147946,0.9218038251274024
benchmark_suite,shifted,Halpern,shifted|Halpern,103,8.672608948602172e-05,25001,0,3.6821847909886856,0.0008427617782771,-90693.45967684692,0.879710641113672
benchmark_suite,shifted,Halpern,shifted|Halpern,104,8.308472716397912e-05,25001,0,3.627953667019028,0.0008085338300846,-91159.15502606124,0.9341660445002232
benchmark_suite,shifted,Halpern,shifted|Halpern,105,0.0001231926534797,25001,0,3.5741852079809178,0.0011851029596481,-86882.73259029034,0.9690059178660184
benchmark_suite,shifted,Halpern,shifted|Halpern,106,4.735835653982153e-05,25001,0,3.643402250017971,0.0004701297901199,-97262.01056130829,0.8583025777968217
benchmark_suite,shifted,Halpern,shifted|Halpern,107,7.864770481813625e-05,25001,0,3.510631208017003,0.0007668018929916,-91755.00917963345,0.909202949469065
benchmark_suite,shifted,Halpern,shifted|Halpern,108,7.832659555692193e-05,25001,0,3.4504481670155656,0.0007637804194657,-91799.4271113483,0.9271968280733772
benchmark_suite,shifted,Halpern,shifted|Halpern,109,0.0001103751611043,25001,0,3.564639292017091,0.0010648349761835,-88075.52221240767,0.9515399896254828
benchmark_suite,shifted,Halpern,shifted|Halpern,110,6.899139791531713e-05,25001,0,3.381558958993992,0.0006758242688006,-93177.226620973,0.9132477577356448
benchmark_suite,shifted,Halpern,shifted|Halpern,111,9.362267116336872e-05,25001,0,3.544900582986884,0.0009075540677518,-89862.71084091603,0.8733069042316239
benchmark_suite,shifted,Halpern,shifted|Halpern,112,0.0001355182267639,25001,0,3.44351995899342,0.0013007034781069,-85847.45241249214,0.95185947589554
benchmark_suite,shifted,Halpern,shifted|Halpern,113,9.74018478828886e-05,25001,0,3.402997457975289,0.0009430455823794,-89433.07352290246,0.8711611457671675
benchmark_suite,shifted,Halpern,shifted|Halpern,114,5.964367303130448e-05,25001,0,3.488712041988037,0.0005873855742002,-94757.92214915698,0.8701473212337257
benchmark_suite,shifted,Halpern,shifted|Halpern,115,8.308131697368387e-05,25001,0,3.452055041998392,0.0008085017771171,-91159.6005204582,0.9238717359185667
benchmark_suite,shifted,Halpern,shifted|Halpern,116,0.0001357994185952,25001,0,3.3845035000122152,0.0013033401862379,-85824.94832339502,0.955673734143706
benchmark_suite,shifted,Halpern,shifted|Halpern,117,5.410865037021142e-05,25001,0,3.5463594169996213,0.000534737656422,-95815.31882058168,0.8719773467362639
benchmark_suite,shifted,Halpern,shifted|Halpern,118,0.0001037735523453,25001,0,3.422001083003124,0.0010028692643343,-88745.11279546065,0.9627322071157448
benchmark_suite,shifted,Halpern,shifted|Halpern,119,8.298649183281907e-05,25001,0,3.3429695419908967,0.0008076102191982,-91171.99926428671,0.9388178615324104
benchmark_suite,shifted,Halpern,shifted|Halpern,120,5.110919732541925e-05,25001,0,3.5851567499921657,0.0005060903156744,-96434.48411174348,0.8602429436275666
benchmark_suite,shifted,Halpern,shifted|Halpern,121,7.093383156930955e-05,25001,0,3.411557791987434,0.0006941483391242,-92875.77746708252,0.8882758479506185
benchmark_suite,shifted,Halpern,shifted|Halpern,122,5.655567253068017e-05,25001,0,3.543800999992527,0.0005580450040996,-95335.10242370816,0.8740426337295826
benchmark_suite,shifted,Halpern,shifted|Halpern,123,5.882628922647717e-05,25001,0,3.487744875019416,0.0005796264557402,-94907.73861267391,0.8598647665885787
benchmark_suite,shifted,Halpern,shifted|Halpern,124,9.26215521621257e-05,25001,0,3.422872000024654,0.0008981508553757,-89979.43065686856,0.945074029216051
benchmark_suite,shifted,Halpern,shifted|Halpern,125,7.016070241982282e-05,25001,0,3.575170083000557,0.0006868566996866,-92994.75957277996,0.9110608570848068
benchmark_suite,shifted,Halpern,shifted|Halpern,126,0.0001523334126607,25001,0,3.4334353750164155,0.0014583382021697,-84577.57028402049,0.9632206437031816
benchmark_suite,shifted,Halpern,shifted|Halpern,127,0.0001000971613602,25001,0,3.4495004579948727,0.0009683538812784,-89136.72073701983,0.8780012567664585
benchmark_suite,shifted,Halpern,shifted|Halpern,128,7.777542282650092e-05,25001,0,3.5902054170146585,0.0007585936327886,-91876.09590243555,0.9085543316646888
benchmark_suite,shifted,Halpern,shifted|Halpern,129,8.288156324850095e-05,25001,0,3.754855125007453,0.0008066236768597,-91185.73526378284,0.8808264114471598
benchmark_suite,shifted,Halpern,shifted|Halpern,130,7.292099997909248e-05,25001,0,3.678092749993084,0.0007128805311154,-92575.81053523776,0.8626831387480558
benchmark_suite,shifted,Halpern,shifted|Halpern,131,8.586920293244757e-05,25001,0,3.713121291977586,0.0008347086193044,-90801.26339100028,0.9235737338240432
benchmark_suite,shifted,Halpern,shifted|Halpern,132,0.0001303586318851,25001,0,3.522015584021574,0.0012523180942126,-86268.88285306196,0.9472631038072132
benchmark_suite,shifted,Halpern,shifted|Halpern,133,6.820355727841892e-05,25001,0,3.656583915988449,0.0006683878750379,-93301.91893401732,0.9132206988632396
benchmark_suite,shifted,Halpern,shifted|Halpern,134,6.785315373977173e-05,25001,0,3.631149582972285,0.0006650795604541,-93357.84146143924,0.9122961999968202
benchmark_suite,shifted,Halpern,shifted|Halpern,135,7.505765035283492e-05,25001,0,3.548081291985,0.0007330083727983,-92262.26512645764,0.886279183532116
benchmark_suite,shifted,Halpern,shifted|Halpern,136,9.14385324448979e-05,25001,0,3.445363999984693,0.000887038269476,-90118.99544164244,0.8617741251531307
benchmark_suite,shifted,Halpern,shifted|Halpern,137,5.94130543660564e-05,25001,0,3.6196119580126833,0.000585196894563,-94799.98287626888,0.8856153246517625
benchmark_suite,shifted,Halpern,shifted|Halpern,138,0.0001035131704281,25001,0,3.4411256250168663,0.0010004248653705,-88772.38866424668,0.9450229590626594
benchmark_suite,shifted,Halpern,shifted|Halpern,139,9.783779488942936e-05,25001,0,3.5228613750077784,0.0009471392412287,-89384.58886157279,0.9208875010954
benchmark_suite,shifted,Halpern,shifted|Halpern,140,8.601559481246527e-05,25001,0,3.3957074579957407,0.0008360844781395,-90782.77018609486,0.9259253501539632
benchmark_suite,shifted,Halpern,shifted|Halpern,141,0.000119064136442,25001,0,3.568997082998976,0.0011463706758531,-87252.8140226777,0.9696930827546346
benchmark_suite,shifted,Halpern,shifted|Halpern,142,9.831593505256796e-05,25001,0,3.426744791009696,0.0009516290037258,-89331.6593798993,0.8661119689837747
benchmark_suite,shifted,Halpern,shifted|Halpern,143,0.000134128486459,25001,0,3.4806866660073865,0.0012876716735752,-85959.36489949192,0.9672986004991722
benchmark_suite,shifted,Halpern,shifted|Halpern,144,5.3619198472630674e-05,25001,0,3.4367071249871515,0.000530069115162,-95913.97393150888,0.8605476094663604
benchmark_suite,shifted,Halpern,shifted|Halpern,145,7.150721809639418e-05,25001,0,3.641035166016081,0.0006995547527445,-92788.36982249138,0.8848651478735241
benchmark_suite,shifted,Halpern,shifted|Halpern,146,6.62795844045857e-05,25001,0,3.457200125005329,0.0006502160096725,-93612.58667096286,0.897720911492789
benchmark_suite,shifted,Halpern,shifted|Halpern,147,8.665859169525504e-05,25001,0,3.5259454589977395,0.0008421274621798,-90701.91259404064,0.9446386601063056
benchmark_suite,shifted,Halpern,shifted|Halpern,148,8.326996066992223e-05,25001,0,3.4241189579770435,0.0008102753802345,-91134.97684758916,0.9176161752929528
benchmark_suite,shifted,Halpern,shifted|Halpern,149,0.0001011549212604,25001,0,3.6469755000143778,0.0009782850950844,-89022.59384447883,0.8839930672503403
benchmark_suite,shifted,Halpern,shifted|Halpern,150,0.0001510145562347,25001,0,3.5548312079918105,0.0014459771469969,-84671.97514518583,0.9619436088606588
benchmark_suite,shifted,Halpern,shifted|Halpern,151,8.189739193284809e-05,25001,0,3.5179932079918217,0.0007973695415954,-91315.42662547735,0.8955204709670568
benchmark_suite,shifted,Halpern,shifted|Halpern,152,9.36298737299833e-05,25001,0,3.459269665996544,0.0009076217149944,-89861.87565397979,0.8839320421693503
benchmark_suite,shifted,Halpern,shifted|Halpern,153,7.070034278517264e-05,25001,0,3.599892375001218,0.0006919464489639,-92911.5735494975,0.9169272420850116
benchmark_suite,shifted,Halpern,shifted|Halpern,154,9.320614979466864e-05,25001,0,3.702651750005316,0.0009036418728822,-89911.12057414989,0.9303622973728014
benchmark_suite,shifted,Halpern,shifted|Halpern,155,0.0001231227196542,25001,0,3.646279125008732,0.001184446906497,-86888.89764722358,0.9502803296860716
benchmark_suite,shifted,Halpern,shifted|Halpern,156,8.858895102062668e-05,25001,0,3.515179625013843,0.0008602668301215,-90462.72396733637,0.8541192938149792
benchmark_suite,shifted,Halpern,shifted|Halpern,157,0.0001290623076205,25001,0,3.543299000011757,0.0012401601381491,-86377.3876657843,0.9539346957779744
benchmark_suite,shifted,Halpern,shifted|Halpern,158,8.662199187623772e-05,25001,0,3.453733792004641,0.0008417834964824,-90706.4990196951,0.944254382096181
benchmark_suite,shifted,Halpern,shifted|Halpern,159,7.647134517273804e-05,25001,0,3.466258250002284,0.0007463191338386,-92059.67934922758,0.9206932152965862
benchmark_suite,shifted,Halpern,shifted|Halpern,160,9.037796877631882e-05,25001,0,3.489939499995671,0.0008770751583686,-90245.65699489984,0.9222681528391404
benchmark_suite,shifted,Halpern,shifted|Halpern,161,0.0001046066779545,25001,0,3.517422250006348,0.0010106902187989,-88658.29816945265,0.9377891544849816
benchmark_suite,shifted,Halpern,shifted|Halpern,162,0.000100561064511,25001,0,3.5562416670145467,0.000972709486247,-89086.52017598395,0.8807635504345985
benchmark_suite,shifted,Halpern,shifted|Halpern,163,5.190214554185479e-05,25001,0,3.532181540998863,0.0005136725717912,-96267.33485220512,0.8567764811873072
benchmark_suite,shifted,Halpern,shifted|Halpern,164,0.0001057613355781,25001,0,3.3847491669876035,0.0010215291562177,-88539.11475434448,0.8949814692273973
benchmark_suite,shifted,Halpern,shifted|Halpern,165,9.505259520799708e-05,25001,0,3.573505042004399,0.0009209838779251,-89698.14347459958,0.9208084964157978
benchmark_suite,shifted,Halpern,shifted|Halpern,166,6.125950914707447e-05,25001,0,3.3925612079910934,0.0006027100345869,-94467.7063183224,0.8733180371519633
benchmark_suite,shifted,Halpern,shifted|Halpern,167,0.0001197564727649,25001,0,3.3911930000176653,0.0011528663301786,-87189.86576415342,0.9292020039181133
benchmark_suite,shifted,Halpern,shifted|Halpern,168,8.236937071411081e-05,25001,0,3.377570917014964,0.0008018077164591,-91253.0372344662,0.8581186509182869
benchmark_suite,shifted,Halpern,shifted|Halpern,169,0.0001072401879347,25001,0,3.4810202090011444,0.0010354106232552,-88388.35470443245,0.9423305761766992
benchmark_suite,shifted,Halpern,shifted|Halpern,170,0.0001111192748238,25001,0,3.634856209013378,0.0010718186146357,-88002.57375299807,0.9651643096200888
benchmark_suite,shifted,Halpern,shifted|Halpern,171,0.0001286195555353,25001,0,3.603103665984236,0.0012360075399961,-86414.69663105061,0.9419494198661474
benchmark_suite,shifted,Halpern,shifted|Halpern,172,0.0001411827798753,25001,0,3.40693712499342,0.001353814777757,-85402.8706647805,0.961047417329451
benchmark_suite,shifted,Halpern,shifted|Halpern,173,0.0001135767385343,25001,0,3.744728874997236,0.0010948809552312,-87765.08325470639,0.9125202549362686
benchmark_suite,shifted,Halpern,shifted|Halpern,174,9.238944172620229e-05,25001,0,3.621269833005499,0.0008959706345434,-90006.67222696665,0.9504969661554228
benchmark_suite,shifted,Halpern,shifted|Halpern,175,8.612764693028728e-05,25001,0,3.589079833996948,0.0008371376038305,-90768.6359516101,0.9148666754206336
benchmark_suite,shifted,Halpern,shifted|Halpern,176,5.275309076815996e-05,25001,0,3.580479833006393,0.0005218021621744,-96090.7767614278,0.8708366552158663
benchmark_suite,shifted,Halpern,shifted|Halpern,177,8.015144424279497e-05,25001,0,3.56846795900492,0.0007809488154706,-91549.38516702734,0.8900897236395027
benchmark_suite,shifted,Halpern,shifted|Halpern,178,5.460500783498596e-05,25001,0,3.480643875023816,0.0005394697738335,-95716.17834320484,0.8590021400148126
benchmark_suite,shifted,Halpern,shifted|Halpern,179,0.0001044124502608,25001,0,3.69806024999707,0.0010088669400287,-88678.47533088883,0.963061809884541
benchmark_suite,shifted,Halpern,shifted|Halpern,180,9.425128750297736e-05,25001,0,3.675544791010907,0.0009134581646415,-89790.057039558,0.9313675403325864
benchmark_suite,shifted,Halpern,shifted|Halpern,181,7.822726158829143e-05,25001,0,3.4220595409860834,0.000762845688151,-91813.20463736304,0.922170106286006
benchmark_suite,shifted,Halpern,shifted|Halpern,182,9.905187085182946e-05,25001,0,3.5671916250139475,0.0009585392560982,-89250.69341159548,0.8906691241785769
benchmark_suite,shifted,Halpern,shifted|Halpern,183,9.915481003900646e-05,25001,0,3.39948741698754,0.0009595058272284,-89239.41605733185,0.9586663498014456
benchmark_suite,shifted,Halpern,shifted|Halpern,184,0.000120712977768,25001,0,3.3759372089989483,0.0011618402134362,-87103.49494885548,0.9215376219045636
benchmark_suite,shifted,Halpern,shifted|Halpern,185,0.0001069659883771,25001,0,3.428054291987792,0.0010328368814356,-88416.14990903916,0.9160712405170578
benchmark_suite,shifted,Halpern,shifted|Halpern,186,9.366308327274244e-05,25001,0,3.362416874995688,0.000907933625637,-89858.02556602344,0.9274843011089804
benchmark_suite,shifted,Halpern,shifted|Halpern,187,9.54840643162871e-05,25001,0,3.623500916990452,0.0009250359975803,-89648.9724644501,0.8943518274679869
benchmark_suite,shifted,Halpern,shifted|Halpern,188,0.0001258430596634,25001,0,3.5423418330028653,0.001209965105616,-86651.63045129496,0.9373584195584612
benchmark_suite,shifted,Halpern,shifted|Halpern,189,7.316262860692705e-05,25001,0,3.447785707976436,0.0007151574133713,-92539.89474020244,0.8699702054279218
benchmark_suite,shifted,Halpern,shifted|Halpern,190,6.842970486958637e-05,25001,0,3.5426474580017384,0.0006705227334347,-93265.97965759304,0.8632764673644725
benchmark_suite,shifted,Halpern,shifted|Halpern,191,8.783246742132366e-05,25001,0,3.3719349589955527,0.0008531586612873,-90555.83197202651,0.9459342739175276
benchmark_suite,shifted,Halpern,shifted|Halpern,192,8.547553887716334e-05,25001,0,3.401539540995145,0.0008310086134033,-90851.15121448648,0.9241063616701356
benchmark_suite,shifted,Halpern,shifted|Halpern,193,7.635013283174304e-05,25001,0,3.5092255829949863,0.0007451780460887,-92076.90184646056,0.8829161103147064
benchmark_suite,shifted,Halpern,shifted|Halpern,194,9.727325312799624e-05,25001,0,3.338628833007533,0.0009418380357594,-89447.41676374481,0.9543939006456904
benchmark_suite,shifted,Halpern,shifted|Halpern,195,9.68609886830158e-05,25001,0,3.562153707985999,0.0009379666562415,-89493.52854236227,0.8634056612942399
benchmark_suite,shifted,Halpern,shifted|Halpern,196,6.52012597730168e-05,25001,0,3.5309347079892177,0.0006400234780787,-93790.67363038074,0.9021447883695792
benchmark_suite,shifted,Halpern,shifted|Halpern,197,8.778854679194724e-05,25001,0,3.409913790994324,0.0008527459341821,-90561.26257126764,0.9450237724898676
benchmark_suite,shifted,Halpern,shifted|Halpern,198,9.529132848326052e-05,25001,0,3.540804999996908,0.000923225944893,-89670.9094364382,0.9492305293325978
benchmark_suite,shifted,Halpern,shifted|Halpern,199,8.475821090614403e-05,25001,0,3.440349624986993,0.0008242661120057,-90942.64916546633,0.9242483959793748
benchmark_suite,shifted,Halpern,shifted|Halpern,200,8.9983891681751e-05,25001,0,3.433236582990503,0.0008733729170723,-90293.10019087628,0.9308802846685637
benchmark_suite,shifted,Halpern,shifted|Halpern,201,6.941224799065564e-05,25001,0,3.378629082988482,0.0006797956263859,-93111.20018038063,0.91606411936376
benchmark_suite,shifted,Halpern,shifted|Halpern,202,9.459893005895324e-05,25001,0,3.448929374979344,0.000916723189017,-89750.08536121692,0.9052415476882212
benchmark_suite,shifted,Halpern,shifted|Halpern,203,6.549688060881605e-05,25001,0,3.558795166987693,0.0006428183131058,-93741.56038890744,0.893677454538685
benchmark_suite,shifted,Halpern,shifted|Halpern,204,0.0001080134204212,25001,0,3.6064182910195086,0.001042668375869,-88310.35394230884,0.9481139025676808
benchmark_suite,shifted,Halpern,shifted|Halpern,205,5.5940058629883226e-05,25001,0,3.394943499995861,0.0005521864567946,-95453.9284601247,0.8801462182293033
benchmark_suite,shifted,Halpern,shifted|Halpern,206,6.442955039646636e-05,25001,0,3.5578150840010494,0.0006327254041702,-93919.94018660436,0.8988140814928655
benchmark_suite,shifted,Halpern,shifted|Halpern,207,0.0001013813092337,25001,0,3.382290750014363,0.0009804105779536,-88998.32274468662,0.9111974734621272
benchmark_suite,shifted,Halpern,shifted|Halpern,208,7.925477843867888e-05,25001,0,3.3607800409954507,0.0007725136586566,-91671.5272466422,0.9329770452882769
benchmark_suite,shifted,Halpern,shifted|Halpern,209,0.0001059805321687,25001,0,3.380453290999867,0.0010235867338147,-88516.63633595608,0.921558200911208
benchmark_suite,shifted,Halpern,shifted|Halpern,210,8.74820358017387e-05,25001,0,3.4871691669977736,0.0008498657094609,-90599.23527806626,0.9331872808394754
benchmark_suite,shifted,Halpern,shifted|Halpern,211,8.539990551617799e-05,25001,0,3.572244375012815,0.0008302977252332,-90860.7622877882,0.8975549436292206
benchmark_suite,shifted,Halpern,shifted|Halpern,212,7.424368943039278e-05,25001,0,3.543895957991481,0.0007253421602076,-92380.64535076464,0.8879367833187582
benchmark_suite,shifted,Halpern,shifted|Halpern,213,9.27499290208652e-05,25001,0,3.4260805000085384,0.0008993567068243,-89964.3928228612,0.9357240828327766
benchmark_suite,shifted,Halpern,shifted|Halpern,214,0.000107746283188,25001,0,3.528834958007792,0.0010401609816976,-88337.23843844247,0.9026232194556578
benchmark_suite,shifted,Halpern,shifted|Halpern,215,4.894753152686591e-05,25001,0,3.403441959002521,0.0004853854397362,-96903.67135791296,0.8589480130356624
benchmark_suite,shifted,Halpern,shifted|Halpern,216,8.355020352587732e-05,25001,0,3.356322875013575,0.0008129100883908,-91098.4996798348,0.9385842947289204
benchmark_suite,shifted,Halpern,shifted|Halpern,217,8.48700367768106e-05,25001,0,3.362033915997017,0.0008253172496106,-90928.33457963064,0.9379977094079416
benchmark_suite,shifted,Halpern,shifted|Halpern,218,7.324057002039271e-05,25001,0,3.4902139169862494,0.0007158918221837,-92528.33479743516,0.9232243838574954
benchmark_suite,shifted,Halpern,shifted|Halpern,219,6.7746378736693e-05,25001,0,3.573149625008228,0.0006640713560736,-93374.9393847192,0.8877599400426537
benchmark_suite,shifted,Halpern,shifted|Halpern,220,5.451364120935869e-05,25001,0,3.606229875003919,0.0005385988844736,-95734.35973831615,0.8746137126409221
benchmark_suite,shifted,Halpern,shifted|Halpern,221,7.983909783842227e-05,25001,0,3.400592833000701,0.0007780106522348,-91591.7766920668,0.884165079918034
benchmark_suite,shifted,Halpern,shifted|Halpern,222,0.0001085859118144,25001,0,3.3631014580023475,0.0010480417885067,-88252.96207780662,0.9355039884030388
benchmark_suite,shifted,Halpern,shifted|Halpern,223,6.470419817007559e-05,25001,0,3.4268976250023115,0.0006353231255053,-93873.7581677871,0.9013024496879554
benchmark_suite,shifted,Halpern,shifted|Halpern,224,7.434513229649591e-05,25001,0,3.5314855840115342,0.000726297689495,-92365.8211526874,0.883079687455137
benchmark_suite,shifted,Halpern,shifted|Halpern,225,7.889689659003366e-05,25001,0,3.356628291978268,0.0007691465408248,-91720.66385231075,0.9039613462714092
benchmark_suite,shifted,Halpern,shifted|Halpern,226,9.131713886807364e-05,25001,0,3.417753833986353,0.0008858979319834,-90133.41846845516,0.9352533048116396
benchmark_suite,shifted,Halpern,shifted|Halpern,227,8.805101064057646e-05,25001,0,3.5994845000095665,0.0008552122182976,-90528.85154913276,0.9106591356237348
benchmark_suite,shifted,Halpern,shifted|Halpern,228,7.656464871517677e-05,25001,0,3.5043392080115154,0.0007471974742276,-92046.44074482424,0.9061107519197747
benchmark_suite,shifted,Halpern,shifted|Halpern,229,0.0001024128438786,25001,0,3.4412014589761384,0.0009900950316984,-88888.41374151575,0.9602804993873716
benchmark_suite,shifted,Halpern,shifted|Halpern,230,0.0001172557972347,25001,0,3.396504042000742,0.0011294036770534,-87418.97348244418,0.9136675034849238
benchmark_suite,shifted,Halpern,shifted|Halpern,231,0.0001130953135142,25001,0,3.397180166997714,0.0010903631407984,-87811.2009450449,0.9549266293403522
benchmark_suite,shifted,Halpern,shifted|Halpern,232,9.404060609699415e-05,25001,0,3.517348708002828,0.0009114794183485,-89814.35300684793,0.93135209861775
benchmark_suite,shifted,Halpern,shifted|Halpern,233,0.0001163827432643,25001,0,3.398466999991797,0.0011212117164874,-87500.11374423474,0.920994033769642
benchmark_suite,shifted,Halpern,shifted|Halpern,234,6.98345776860858e-05,25001,0,3.42038229200989,0.0006837802286506,-93045.34303046112,0.9060772947745822
benchmark_suite,shifted,Halpern,shifted|Halpern,235,6.991987505169225e-05,25001,0,3.561812458996428,0.0006845849225849,-93032.09008750916,0.8617622222444307
benchmark_suite,shifted,Halpern,shifted|Halpern,236,6.224703570230334e-05,25001,0,3.5678290000068955,0.0006120670162442,-94294.08444614137,0.8902384815759325
benchmark_suite,shifted,Halpern,shifted|Halpern,237,7.16705083029769e-05,25001,0,3.321226166008273,0.0007010942136731,-92763.60559881078,0.8633682410527957
benchmark_suite,shifted,Halpern,shifted|Halpern,238,0.000119443566297,25001,0,3.3496497079904657,0.0011499305855545,-87218.27055721541,0.952984089102672
benchmark_suite,shifted,Halpern,shifted|Halpern,239,0.0001039025625884,25001,0,3.377208417019574,0.0010040803517032,-88731.62409309976,0.8818921745492831
benchmark_suite,shifted,Halpern,shifted|Halpern,240,5.8761156741919935e-05,25001,0,3.5025176249910146,0.0005790079703222,-94919.7658476477,0.8553143301224048
benchmark_suite,shifted,Halpern,shifted|Halpern,241,9.76367700979248e-05,25001,0,3.378410917008296,0.0009452515852284,-89406.91920195031,0.8949358201879013
benchmark_suite,shifted,Halpern,shifted|Halpern,242,0.000139954398219,25001,0,3.425907166994876,0.0013422981835365,-85497.746061143,0.955063413263753
benchmark_suite,shifted,Halpern,shifted|Halpern,243,0.0001185083774922,25001,0,3.58619562498643,0.0011411563141361,-87303.60977938448,0.9558508633954684
benchmark_suite,shifted,Halpern,shifted|Halpern,244,0.0001091355226421,25001,0,3.498102249985095,0.0010532003448844,-88198.14785628152,0.9055506631323788
benchmark_suite,shifted,Halpern,shifted|Halpern,245,9.224114868356382e-05,25001,0,3.450447165989317,0.0008945776833673,-90024.11259082063,0.9081468816685248
benchmark_suite,shifted,Halpern,shifted|Halpern,246,9.417496146497316e-05,25001,0,3.417510041996138,0.0009127413107386,-89798.85266232095,0.8906802892458503
benchmark_suite,shifted,Halpern,shifted|Halpern,247,9.009462390102331e-05,25001,0,3.349780667020241,0.0008744132267473,-90279.7481088774,0.939895397021604
benchmark_suite,shifted,Halpern,shifted|Halpern,248,9.44443871889369e-05,25001,0,3.6050220420002006,0.0009152717342897,-89767.83656341542,0.9385568184471148
benchmark_suite,shifted,Halpern,shifted|Halpern,249,0.0001096744231331,25001,0,3.3940244579862338,0.0010582582649485,-88144.66927426563,0.9680424238255004
benchmark_suite,shifted,Halpern,shifted|Halpern,250,0.0001152539653384,25001,0,3.4276837919896934,0.0011106199150396,-87605.92728850174,0.929885401753222
benchmark_suite,shifted,Halpern,shifted|Halpern,251,0.0001147358699012,25001,0,3.526924208010314,0.0011057582491656,-87654.84202260271,0.9569068858238402
benchmark_suite,shifted,Halpern,shifted|Halpern,252,8.598690500098507e-05,25001,0,3.4098803749948274,0.0008358148506086,-90786.39184910052,0.9144991735903578
benchmark_suite,shifted,Halpern,shifted|Halpern,253,0.0001110387399573,25001,0,3.5681537500058766,0.0010710627859687,-88010.44533858105,0.9276430384035534
benchmark_suite,shifted,Halpern,shifted|Halpern,254,9.299568411055644e-05,25001,0,3.392993667017436,0.000901665034412,-89935.66392528721,0.9145194994342218
benchmark_suite,shifted,Halpern,shifted|Halpern,255,7.091772431571964e-05,25001,0,3.366780332988128,0.0006939964548039,-92878.24296245971,0.9092176770678748
benchmark_suite,shifted,Halpern,shifted|Halpern,256,0.0001187962887321,25001,0,3.496666791994357,0.0011438576258492,-87277.2653845093,0.968745529427065
benchmark_suite,shifted,Halpern,shifted|Halpern,257,9.978682722463796e-05,25001,0,3.331458542001201,0.0009654400783101,-89170.43325302599,0.9519293169059708
benchmark_suite,shifted,Halpern,shifted|Halpern,258,0.0001255465887626,25001,0,3.435468250012491,0.0012071841679537,-86677.23828180408,0.955771075108638
benchmark_suite,shifted,Halpern,shifted|Halpern,259,8.460157853835183e-05,25001,0,3.3028506670088973,0.0008227937648334,-90962.73130843136,0.9160384010293958
benchmark_suite,shifted,Halpern,shifted|Halpern,260,8.042621220363858e-05,25001,0,3.5756321660010144,0.0007835333546198,-91512.23004557152,0.9341694179509642
benchmark_suite,shifted,Halpern,shifted|Halpern,261,0.0001016320390777,25001,0,3.4983363749925047,0.0009827645718872,-88971.50514846857,0.9197942168089628
benchmark_suite,shifted,Halpern,shifted|Halpern,262,7.615390009566437e-05,25001,0,3.4043932909844443,0.0007433306258015,-92104.8420004735,0.9222818082003597
benchmark_suite,shifted,Halpern,shifted|Halpern,263,8.124897458277404e-05,25001,0,3.3654668329982087,0.0007912717115322,-91401.72771078403,0.8673698743253956
benchmark_suite,shifted,Halpern,shifted|Halpern,264,9.43526818140063e-05,25001,0,3.5264880410104524,0.0009144104592308,-89778.38356271535,0.9090778851758954
benchmark_suite,shifted,Halpern,shifted|Halpern,265,8.148694512721221e-05,25001,0,3.3545836659905035,0.0007935097085339,-91369.97521366757,0.8639987358571508
benchmark_suite,shifted,Halpern,shifted|Halpern,266,0.0001036382520167,25001,0,3.444548583996948,0.0010015990972357,-88759.27746042013,0.9072323551810084
benchmark_suite,shifted,Halpern,shifted|Halpern,267,7.804603768636326e-05,25001,0,3.4142551250115503,0.0007611403296613,-91838.3852447225,0.8985880661555099
benchmark_suite,shifted,Halpern,shifted|Halpern,268,6.903430889128023e-05,25001,0,3.5414809999929275,0.000676229237605,-93170.4758778362,0.9145643823735166
benchmark_suite,shifted,Halpern,shifted|Halpern,269,9.68722391528649e-05,25001,0,3.593215250002686,0.0009380723011447,-89492.26762294186,0.9056436583612149
benchmark_suite,shifted,Halpern,shifted|Halpern,270,0.0001193575420789,25001,0,3.3894222500093747,0.0011491234964748,-87226.09253152348,0.9512516652110816
benchmark_suite,shifted,Halpern,shifted|Halpern,271,9.836896793503988e-05,25001,0,3.38406800001394,0.0009521269656926,-89325.80473036176,0.9521042233504272
benchmark_suite,shifted,Halpern,shifted|Halpern,272,8.512020397755885e-05,25001,0,3.3855181660037488,0.0008276687388233,-90896.37902566323,0.8949620552132711
benchmark_suite,shifted,Halpern,shifted|Halpern,273,0.0001281361949324,25001,0,3.559077667014208,0.0012314739914491,-86455.57450589874,0.9479585896509308
benchmark_suite,shifted,Halpern,shifted|Halpern,274,5.460776476970108e-05,25001,0,3.484460959007265,0.0005394960240829,-95715.63077034173,0.8801898906655384
benchmark_suite,shifted,Halpern,shifted|Halpern,275,8.9129055715878e-05,25001,0,3.3779422499937937,0.0008653415447672,-90396.73284238756,0.9465237462931408
benchmark_suite,shifted,Halpern,shifted|Halpern,276,5.241383842546558e-05,25001,0,3.5073362500115763,0.0005185619677416,-96160.82262648131,0.8606090196495089
benchmark_suite,shifted,Halpern,shifted|Halpern,277,7.552359511347936e-05,25001,0,3.3958484579925425,0.0007373960549073,-92195.07572442954,0.8818063313624359
benchmark_suite,shifted,Halpern,shifted|Halpern,278,6.0685194374193945e-05,25001,0,3.3644259169814177,0.0005972653613861,-94569.97088567515,0.8688163963597626
benchmark_suite,shifted,Halpern,shifted|Halpern,279,0.0001400296312221,25001,0,3.570166541991057,0.001343003535376,-85491.91147717167,0.9529971912954416
benchmark_suite,shifted,Halpern,shifted|Halpern,280,8.215102197541519e-05,25001,0,3.3284546670038253,0.0007997545498147,-91281.85551912144,0.9383524180453262
benchmark_suite,shifted,Halpern,shifted|Halpern,281,0.0001232279397624,25001,0,3.5051648329827003,0.0011854339683321,-86879.62336050245,0.9591376649017552
benchmark_suite,shifted,Halpern,shifted|Halpern,282,6.644260515077523e-05,25001,0,3.795188207994215,0.0006517564082776,-93585.91592503828,0.8740759311399576
benchmark_suite,shifted,Halpern,shifted|Halpern,283,6.602381169758912e-05,25001,0,4.890222749992972,0.0006477989307358,-93654.56435666698,0.8908612831987186
benchmark_suite,shifted,Halpern,shifted|Halpern,284,6.049211132154222e-05,25001,0,4.864085083012469,0.0005954343734959,-94604.56942137408,0.8557205388630508
benchmark_suite,shifted,Halpern,shifted|Halpern,285,0.0001024538675677,25001,0,4.872871833998943,0.0009904801736986,-88884.06558094894,0.8816834586594389
benchmark_suite,shifted,Halpern,shifted|Halpern,286,0.000111008008254,25001,0,5.123266249982407,0.0010707743614017,-88013.45063851496,0.9435013689128956
benchmark_suite,shifted,Halpern,shifted|Halpern,287,8.42700519327006e-05,25001,0,5.151792749995366,0.0008196773458567,-91005.35943045368,0.9367164214791336
benchmark_suite,shifted,Halpern,shifted|Halpern,288,6.86268639000683e-05,25001,0,4.848297166987322,0.0006723837807275,-93234.7436529012,0.8960161601554059
benchmark_suite,shifted,Halpern,shifted|Halpern,289,5.2908557393473095e-05,25001,0,5.029448291985318,0.0005232866117032,-96058.82823550396,0.864805763491887
benchmark_suite,shifted,Halpern,shifted|Halpern,290,8.100983903312848e-05,25001,0,4.700637500005541,0.0007890226641712,-91433.72953865927,0.8768070524795241
benchmark_suite,shifted,Halpern,shifted|Halpern,291,0.0001054650334412,25001,0,3.419738708995282,0.0010187477627552,-88569.57450540883,0.9097423394744562
benchmark_suite,shifted,Halpern,shifted|Halpern,292,8.891922559208654e-05,25001,0,3.422750083002029,0.000863370043062,-90422.32282728958,0.9362427740613132
benchmark_suite,shifted,Halpern,shifted|Halpern,293,0.0001022854519125,25001,0,3.372404500027187,0.0009888990357269,-88901.92731025579,0.9517208996714518
benchmark_suite,shifted,Halpern,shifted|Halpern,294,8.198967168751837e-05,25001,0,3.5926900419872254,0.0007982372934639,-91303.20038598929,0.9160626066111898
benchmark_suite,shifted,Halpern,shifted|Halpern,295,9.048122746542307e-05,25001,0,3.605760334001389,0.0008780452221972,-90233.25984817887,0.8610905469180051
benchmark_suite,shifted,Halpern,shifted|Halpern,296,7.882547509944413e-05,25001,0,3.32613520801533,0.0007684745540359,-91730.4964568102,0.9114571034837124
benchmark_suite,shifted,Halpern,shifted|Halpern,297,0.0001021515867494,25001,0,3.4942608749843203,0.0009876422858853,-88916.14540611973,0.8856568739538844
benchmark_suite,shifted,Halpern,shifted|Halpern,298,9.472487321774775e-05,25001,0,3.474520082992967,0.0009179060217267,-89735.64070046494,0.9262463233580984
benchmark_suite,shifted,Halpern,shifted|Halpern,299,7.053704800270372e-05,25001,0,3.3798633749829605,0.0006904064059795,-92936.6784182651,0.8981196002386275
benchmark_suite,shifted,Halpern,shifted|Halpern,300,8.207108045102314e-05,25001,0,3.3818125409889035,0.0007990028238182,-91292.425674643,0.918775513331782
benchmark_suite,shifted,Halpern,shifted|Halpern,301,8.057017756862748e-05,25001,0,3.3832378330116626,0.0007848874746964,-91492.81324077724,0.8769132774537132
benchmark_suite,shifted,Halpern,shifted|Halpern,302,8.731659349005821e-05,25001,0,3.545800582971424,0.0008483110301541,-90619.78691523708,0.9357731101390676
benchmark_suite,shifted,Halpern,shifted|Halpern,303,0.0001009108109891,25001,0,3.582351749995724,0.0009759931999655,-89048.82589180121,0.9021180599486452
benchmark_suite,shifted,Halpern,shifted|Halpern,304,0.0001153666953531,25001,0,3.3659909580019303,0.0011116777161638,-87595.31343011028,0.9582270578687312
benchmark_suite,shifted,Halpern,shifted|Halpern,305,8.838760390905008e-05,25001,0,3.5271641250001267,0.0008583749550302,-90487.42790689136,0.934118863749336
benchmark_suite,shifted,Halpern,shifted|Halpern,306,0.0001041096795834,25001,0,3.466242583002895,0.0010060246845402,-88710.0035796705,0.8886180259776418
benchmark_suite,shifted,Halpern,shifted|Halpern,307,9.142763336817604e-05,25001,0,3.3922872919938527,0.0008869358964073,-90120.2894823988,0.93201559986536
benchmark_suite,shifted,Halpern,shifted|Halpern,308,8.056595539538651e-05,25001,0,3.398116124997614,0.0007848477643998,-91493.3821615932,0.9174567677949944
benchmark_suite,shifted,Halpern,shifted|Halpern,309,8.525148229866189e-05,25001,0,3.412798624980496,0.0008289026628869,-90879.64778140745,0.8607857124719103
benchmark_suite,shifted,Halpern,shifted|Halpern,310,0.0001250989960062,25001,0,3.565797167015262,0.0012029856404268,-86716.01404975755,0.9649986124951824
benchmark_suite,shifted,Halpern,shifted|Halpern,311,0.0001123889259792,25001,0,3.3280064170248806,0.0010837340611069,-87879.2254828503,0.9191849023896956
benchmark_suite,shifted,Halpern,shifted|Halpern,312,7.856857925549617e-05,25001,0,3.562236166995717,0.0007660573838111,-91765.9374412532,0.8957131796909027
benchmark_suite,shifted,Halpern,shifted|Halpern,313,7.886381806150987e-05,25001,0,3.507680833019549,0.0007688353302032,-91725.21644037389,0.9076415681245742
benchmark_suite,shifted,Halpern,shifted|Halpern,314,8.214396444462327e-05,25001,0,3.4611156250175554,0.0007996881920529,-91282.78817898032,0.93655220560331
benchmark_suite,shifted,Halpern,shifted|Halpern,315,0.0001018681982422,25001,0,3.352587166009471,0.0009849817319383,-88946.3065859943,0.9561959994616392
benchmark_suite,shifted,Halpern,shifted|Halpern,316,4.769020669235764e-05,25001,0,3.4340366249962244,0.000473317949198,-97186.19916703536,0.8599054583836528
benchmark_suite,shifted,Halpern,shifted|Halpern,317,5.4475188921484335e-05,25001,0,3.450566792016616,0.0005382323573557,-95742.02028186397,0.8777305498322052
benchmark_suite,shifted,Halpern,shifted|Halpern,318,8.549923751874748e-05,25001,0,3.4386236669961363,0.0008312313668697,-90848.1413616812,0.9424980915319364
benchmark_suite,shifted,Halpern,shifted|Halpern,319,0.0001322064980661,25001,0,3.588713792007184,0.0012696478975238,-86116.06393190082,0.9541574938211348
benchmark_suite,shifted,Halpern,shifted|Halpern,320,8.454031938518472e-05,25001,0,3.664891207998153,0.0008222179401142,-90970.59530196997,0.9350109775555342
benchmark_suite,shifted,Halpern,shifted|Halpern,321,0.0001110338165771,25001,0,3.57897162498557,0.0010710165823414,-88010.92671124988,0.9593270928667272
benchmark_suite,shifted,Halpern,shifted|Halpern,322,9.849358245391737e-05,25001,0,3.475577167002484,0.0009532970846974,-89312.0597361666,0.909022211235106
benchmark_suite,shifted,Halpern,shifted|Halpern,323,0.0001254763707044,25001,0,3.3936241670162417,0.0012065255101374,-86683.31224720791,0.9508163090640684
benchmark_suite,shifted,Halpern,shifted|Halpern,324,0.0001095283597516,25001,0,3.410375874984311,0.0010568873735929,-88159.1381337975,0.9237722185281704
benchmark_suite,shifted,Halpern,shifted|Halpern,325,8.420316700185717e-05,25001,0,3.483188832993619,0.0008190485766576,-91013.98019347424,0.8978244026162051
benchmark_suite,shifted,Halpern,shifted|Halpern,326,0.0001158580796526,25001,0,3.3858631670009345,0.0011162886282838,-87549.16836198176,0.9150122523028534
benchmark_suite,shifted,Halpern,shifted|Halpern,327,6.765008036021991e-05,25001,0,3.584221916011302,0.0006631620108703,-93390.38316611524,0.8797640373157115
benchmark_suite,shifted,Halpern,shifted|Halpern,328,6.245638579109719e-05,25001,0,3.571713165991241,0.0006140498260129,-94257.63192320924,0.8984492484792456
benchmark_suite,shifted,Halpern,shifted|Halpern,329,9.279314765771389e-05,25001,0,3.5357899999944493,0.0008997626481317,-89959.33509621557,0.8847310843453117
benchmark_suite,shifted,Halpern,shifted|Halpern,330,0.0001011221827143,25001,0,3.466845207993174,0.000977977717643,-89026.10829320681,0.9610573033120068
benchmark_suite,shifted,Halpern,shifted|Halpern,331,9.022862894896316e-05,25001,0,3.396556207997492,0.0008756721589591,-90263.61183518922,0.8937013382070484
benchmark_suite,shifted,Halpern,shifted|Halpern,332,0.0001275026579405,25001,0,3.482998041989049,0.0012255317933534,-86509.3869067796,0.9424941184435996
benchmark_suite,shifted,Halpern,shifted|Halpern,333,9.233876510950855e-05,25001,0,3.455065749993082,0.0008954946055056,-90012.62919047676,0.950387438866698
benchmark_suite,shifted,Halpern,shifted|Halpern,334,8.66715917890798e-05,25001,0,3.4423002090188675,0.0008422496356634,-90700.2839992516,0.9004566813225491
benchmark_suite,shifted,Halpern,shifted|Halpern,335,9.678742957212172e-05,25001,0,3.5849207080027554,0.0009372758977727,-89501.77665061285,0.9077119204920971
benchmark_suite,shifted,Halpern,shifted|Halpern,336,5.949515104703195e-05,25001,0,3.624229249980999,0.0005859760861944,-94784.99101289223,0.8919421248929771
benchmark_suite,shifted,Halpern,shifted|Halpern,337,0.0001052254040846,25001,0,3.5909424999845214,0.0010164983558851,-88594.27073238292,0.8874992719945809
benchmark_suite,shifted,Halpern,shifted|Halpern,338,0.0001119622482506,25001,0,3.581414999993285,0.0010797298175327,-87920.52175674254,0.9645397540368554
benchmark_suite,shifted,Halpern,shifted|Halpern,339,0.0001318005794507,25001,0,3.565851291990839,0.0012658411758652,-86149.44959341179,0.9587039901548302
benchmark_suite,shifted,Halpern,shifted|Halpern,340,7.493774554652391e-05,25001,0,3.530039999983273,0.000731879191103,-92279.62259264095,0.919105386922876
benchmark_suite,shifted,Halpern,shifted|Halpern,341,8.166286889312229e-05,25001,0,3.531645375012886,0.000795164128663,-91346.56121107515,0.9111861741173798
benchmark_suite,shifted,Halpern,shifted|Halpern,342,8.111364936328444e-05,25001,0,3.506643707980402,0.000789999002403,-91419.82573540296,0.9085535141214292
benchmark_suite,shifted,Halpern,shifted|Halpern,343,5.4598220628222e-05,25001,0,3.641916291002417,0.000539405062629,-95717.52831707137,0.8629474707484688
benchmark_suite,shifted,Halpern,shifted|Halpern,344,7.254352061733768e-05,25001,0,3.590052959014429,0.0007093231815135,-92632.15777571611,0.9013477582156708
benchmark_suite,shifted,Halpern,shifted|Halpern,345,7.44976754348384e-05,25001,0,3.638737207977101,0.0007277344965433,-92343.56756296984,0.899652890790152
benchmark_suite,shifted,Halpern,shifted|Halpern,346,0.00011082290812,25001,0,3.49436991699622,0.0010690371744359,-88031.56916307194,0.925442636626338
benchmark_suite,shifted,Halpern,shifted|Halpern,347,0.0001076280741748,25001,0,3.4642930420232005,0.0010390514482189,-88349.15614542332,0.9241490124267946
benchmark_suite,shifted,Halpern,shifted|Halpern,348,0.0001134276996319,25001,0,3.3960720420000143,0.0010934823511281,-87779.33931774161,0.9275292763918566
benchmark_suite,shifted,Halpern,shifted|Halpern,349,0.0001010244616947,25001,0,3.3791234170203097,0.0009770602465768,-89036.6050842285,0.9203215287507212
benchmark_suite,shifted,Halpern,shifted|Halpern,350,6.619749246151652e-05,25001,0,3.396339041995816,0.0006494402634632,-93626.04207809218,0.9054165907311522
benchmark_suite,shifted,Halpern,shifted|Halpern,351,8.020097875839634e-05,25001,0,3.470514624990756,0.0007814147663431,-91542.67743071026,0.9122423842976148
benchmark_suite,shifted,Halpern,shifted|Halpern,352,0.0001054222222548,25001,0,3.577794917015126,0.0010183458983552,-88573.98246993661,0.9198994554184052
benchmark_suite,shifted,Halpern,shifted|Halpern,353,5.356593766618363e-05,25001,0,3.531501916993875,0.0005295609621759,-95924.7635058579,0.8597501092716772
benchmark_suite,shifted,Halpern,shifted|Halpern,354,6.650344333938557e-05,25001,0,3.452059500006726,0.0006523312178466,-93575.97975567916,0.8734316987825951
benchmark_suite,shifted,Halpern,shifted|Halpern,355,0.0001171505429819,25001,0,3.407768417004263,0.0011284160800857,-87428.72354582428,0.9335789764484224
benchmark_suite,shifted,Halpern,shifted|Halpern,356,9.62943635675292e-05,25001,0,3.372531708999304,0.0009326456146458,-89557.22679162826,0.8999367576700784
benchmark_suite,shifted,Halpern,shifted|Halpern,357,9.06595316982647e-05,25001,0,3.40770858398173,0.0008797202885616,-90211.88599558186,0.8856236506882365
benchmark_suite,shifted,Halpern,shifted|Halpern,358,8.462979606763052e-05,25001,0,3.426714250002988,0.0008230590337509,-90959.11044629871,0.9169389769224168
benchmark_suite,shifted,Halpern,shifted|Halpern,359,9.907432790099418e-05,25001,0,3.5352284589898773,0.0009587501203785,-89248.23218316736,0.9263152354894344
benchmark_suite,shifted,Halpern,shifted|Halpern,360,9.758034705052348e-05,25001,0,3.575167417002376,0.0009447217523083,-89413.19517119875,0.9565127916346896
benchmark_suite,shifted,Halpern,shifted|Halpern,361,9.464476487758092e-05,25001,0,3.416885875019944,0.0009171536532317,-89744.82635402778,0.9100406651283194
benchmark_suite,shifted,Halpern,shifted|Halpern,362,0.0001147618459921,25001,0,3.555909290997078,0.0011060020085822,-87652.38425005096,0.9227050350084398
benchmark_suite,shifted,Halpern,shifted|Halpern,363,9.96908620592263e-05,25001,0,3.419022457994288,0.0009645390456486,-89180.87927205884,0.959190130436487
benchmark_suite,shifted,Halpern,shifted|Halpern,364,0.000125782642521,25001,0,3.38429562500096,0.0012093983809416,-86656.84417075673,0.9337958843906627
benchmark_suite,shifted,Halpern,shifted|Halpern,365,9.209473859537972e-05,25001,0,3.4055995410017204,0.0008932024108162,-90041.35896082017,0.9427882169542644
benchmark_suite,shifted,Halpern,shifted|Halpern,366,0.0001161027777223,25001,0,3.407596667006146,0.0011185847163622,-87526.26222149329,0.9254215879457371
benchmark_suite,shifted,Halpern,shifted|Halpern,367,0.0001298477472539,25001,0,3.494327459018677,0.0012475266735646,-86311.51553685739,0.961496027009606
benchmark_suite,shifted,Halpern,shifted|Halpern,368,0.0001043152103782,25001,0,3.704046333994484,0.0010079540969999,-88688.59127697686,0.9228475334721864
benchmark_suite,shifted,Halpern,shifted|Halpern,369,6.637269256207627e-05,25001,0,3.468793917010771,0.000651095792349,-93597.34620249156,0.8977182122259023
benchmark_suite,shifted,Halpern,shifted|Halpern,370,9.3907042144675e-05,25001,0,3.5738974580017384,0.0009102249621635,-89829.78384546007,0.9490522023274184
benchmark_suite,shifted,Halpern,shifted|Halpern,371,0.0001273617405477,25001,0,3.43773741601035,0.0012242100389517,-86521.39286840116,0.9561590774610956
benchmark_suite,shifted,Halpern,shifted|Halpern,372,8.589197346621047e-05,25001,0,3.463033332984196,0.0008349226203504,-90798.38490970428,0.9287513755601776
benchmark_suite,shifted,Halpern,shifted|Halpern,373,7.002023139354149e-05,25001,0,3.4711943749862257,0.0006855316138275,-93016.51861321914,0.9157964086167286
benchmark_suite,shifted,Halpern,shifted|Halpern,374,0.0001139043688875,25001,0,3.4349839170172345,0.0010979554835502,-87733.80976840647,0.9189305158286312
benchmark_suite,shifted,Halpern,shifted|Halpern,375,0.0001010141572776,25001,0,3.613998917018762,0.0009769634922125,-89037.7126403162,0.9601090614084672
benchmark_suite,shifted,Halpern,shifted|Halpern,376,0.0001008784598569,25001,0,3.646431666013086,0.0009756894734766,-89052.30695501296,0.9323668938491853
benchmark_suite,shifted,Halpern,shifted|Halpern,377,9.254181854254322e-05,25001,0,3.515508582990151,0.0008974019160281,-89988.78089842974,0.8959261225018534
benchmark_suite,shifted,Halpern,shifted|Halpern,378,6.824283149109271e-05,25001,0,3.516654832987115,0.0006687586340122,-93295.6691132024,0.8689203850729638
benchmark_suite,shifted,Halpern,shifted|Halpern,379,8.578194315473641e-05,25001,0,3.396842084010132,0.0008338884865641,-90812.3018219746,0.9204382418810352
benchmark_suite,shifted,Halpern,shifted|Halpern,380,8.494124585604844e-05,25001,0,3.446487208013423,0.0008259865915485,-90919.22908007869,0.8566277735586545
benchmark_suite,shifted,Halpern,shifted|Halpern,381,0.0001084500675979,25001,0,3.3607987920113374,0.0010467667643753,-88266.55292454125,0.9635472436014432
benchmark_suite,shifted,Halpern,shifted|Halpern,382,0.0001036315950659,25001,0,3.3377553329919465,0.0010015366089584,-88759.9747931437,0.914736391470342
benchmark_suite,shifted,Halpern,shifted|Halpern,383,0.0001361804002998,25001,0,3.56298412499018,0.0013069125752507,-85794.53216760182,0.947576397827714
benchmark_suite,shifted,Halpern,shifted|Halpern,384,0.0001299559612581,25001,0,3.547360666998429,0.0012485415839406,-86302.47123387546,0.965651933872234
benchmark_suite,shifted,Halpern,shifted|Halpern,385,0.000103742539132,25001,0,3.444713082979433,0.0010025781216684,-88748.35793862777,0.9215528631975838
benchmark_suite,shifted,Halpern,shifted|Halpern,386,9.76614919660602e-05,25001,0,3.385897500003921,0.0009454837352365,-89404.1704790738,0.8967217662991704
benchmark_suite,shifted,Halpern,shifted|Halpern,387,9.054737648975196e-05,25001,0,3.531660750013544,0.0008786666657024,-90225.32535155072,0.8967788222327033
benchmark_suite,shifted,Halpern,shifted|Halpern,388,0.0001326135601867,25001,0,3.407834374986124,0.0012734652843728,-86082.6870520078,0.9533712978277592
benchmark_suite,shifted,Halpern,shifted|Halpern,389,0.000118043763571,25001,0,3.441611457994441,0.001136797015175,-87346.25830890736,0.9154483052446432
benchmark_suite,shifted,Halpern,shifted|Halpern,390,0.0001143936454624,25001,0,3.386417125002481,0.0011025468703679,-87687.2734884458,0.9613162089370932
benchmark_suite,shifted,Halpern,shifted|Halpern,391,0.0001517440168275,25001,0,3.5834382500033826,0.001452814103487,-84619.65832528943,0.962624654552162
benchmark_suite,shifted,Halpern,shifted|Halpern,392,9.897326582657804e-05,25001,0,3.4545983329880983,0.0009578011905046,-89259.31256180603,0.902557133999442
benchmark_suite,shifted,Halpern,shifted|Halpern,393,8.514818966012818e-05,25001,0,3.482394999999088,0.0008279317918365,-90892.81004929214,0.8865590044181505
benchmark_suite,shifted,Halpern,shifted|Halpern,394,5.3903792593161264e-05,25001,0,3.3985843749833293,0.0005327839241414,-95856.5017587624,0.8617639964610904
benchmark_suite,shifted,Halpern,shifted|Halpern,395,0.0001218108762193,25001,0,3.512151958013419,0.0011721402491265,-87005.19632781806,0.9287447064572356
benchmark_suite,shifted,Halpern,shifted|Halpern,396,8.208338691971508e-05,25001,0,3.4026999159832485,0.0007991185426331,-91290.7978695219,0.8781507916553123
benchmark_suite,shifted,Halpern,shifted|Halpern,397,0.0001127406867411,25001,0,3.3769272089994047,0.0010870351695924,-87845.29798257591,0.9459522773479409
benchmark_suite,shifted,Halpern,shifted|Halpern,398,7.029158408216703e-05,25001,0,3.344926874997327,0.0006880912285139,-92974.52562926256,0.9075901808690952
benchmark_suite,shifted,Halpern,shifted|Halpern,399,9.153640806377148e-05,25001,0,3.5031206250132527,0.000887957694282,-90107.3803670666,0.9363583845055492
benchmark_suite,shifted,Halpern,shifted|Halpern,400,0.0001126597834707,25001,0,3.465261749981437,0.0010862759387402,-87853.09171562604,0.9248192294600548
benchmark_suite,shifted,Halpern,shifted|Halpern,401,7.159173841656054e-05,25001,0,3.608649374975357,0.0007003516112045,-92775.5444510511,0.8983705179745877
benchmark_suite,shifted,Halpern,shifted|Halpern,402,0.0001296751872134,25001,0,3.384684457996628,0.0012459082725927,-86325.95333875302,0.9547319696592343
benchmark_suite,shifted,Halpern,shifted|Halpern,403,0.0001425599923252,25001,0,3.504085791995749,0.0013667262210349,-85297.4767355602,0.9627245138554564
benchmark_suite,shifted,Halpern,shifted|Halpern,404,9.759572597949778e-05,25001,0,3.326501042000018,0.0009448661578926,-89411.484302233,0.9062573169780572
benchmark_suite,shifted,Halpern,shifted|Halpern,405,5.555276001439864e-05,25001,0,3.374791209003888,0.0005484989988714,-95529.35701686004,0.8774011447903564
benchmark_suite,shifted,Halpern,shifted|Halpern,406,9.460860950356166e-05,25001,0,3.3891839160060044,0.0009168140864834,-89748.97465009411,0.8627166331075964
benchmark_suite,shifted,Halpern,shifted|Halpern,407,9.673218450731472e-05,25001,0,3.545157750020735,0.0009367571034657,-89507.97549623084,0.883434952450571
benchmark_suite,shifted,Halpern,shifted|Halpern,408,6.937055987156939e-05,25001,0,3.409138916991651,0.000679402268369,-93117.72265488048,0.8784935996793684
benchmark_suite,shifted,Halpern,shifted|Halpern,409,9.243376097478316e-05,25001,0,3.4502322080079466,0.0008963869275835,-90001.46545172381,0.8948706356493878
benchmark_suite,shifted,Halpern,shifted|Halpern,410,0.0001194398203699,25001,0,3.534729167004116,0.0011498954396242,-87218.61106029179,0.9559291154234576
benchmark_suite,shifted,Halpern,shifted|Halpern,411,0.0001414468438439,25001,0,3.551967167004477,0.0013562904416704,-85382.5831396646,0.958408500516716
benchmark_suite,shifted,Halpern,shifted|Halpern,412,7.705774713721727e-05,25001,0,3.405609415989602,0.0007518390421202,-91976.7435249257,0.911834655932082
benchmark_suite,shifted,Halpern,shifted|Halpern,413,0.0001136586496801,25001,0,3.4380918340175413,0.0010956496254019,-87757.25608066987,0.910200440878146
benchmark_suite,shifted,Halpern,shifted|Halpern,414,9.436304773830486e-05,25001,0,3.3501583749894053,0.0009145078124113,-89777.19088430368,0.917355751710782
benchmark_suite,shifted,Halpern,shifted|Halpern,415,8.881995843059294e-05,25001,0,3.558855708019109,0.0008624373685074,-90434.44977336806,0.9387228604683844
benchmark_suite,shifted,Halpern,shifted|Halpern,416,0.0001160536872894,25001,0,3.4531452499795705,0.0011181240931632,-87530.85361464112,0.9104559443793064
benchmark_suite,shifted,Halpern,shifted|Halpern,417,6.420173556548629e-05,25001,0,3.404305333009688,0.0006305703334426,-93958.3968232142,0.9037310060347165
benchmark_suite,shifted,Halpern,shifted|Halpern,418,0.000141621209712,25001,0,3.550562207994517,0.0013579251372943,-85369.20782781164,0.9687953010276136
benchmark_suite,shifted,Halpern,shifted|Halpern,419,8.674905999497883e-05,25001,0,3.5344051249849144,0.0008429776608073,-90690.5843056948,0.9445385802603556
benchmark_suite,shifted,Halpern,shifted|Halpern,420,0.0001097209421568,25001,0,3.3635412089934107,0.0010586948647723,-88140.06527833286,0.963566974093137
benchmark_suite,shifted,Halpern,shifted|Halpern,421,9.336980086261922e-05,25001,0,3.3317494580114726,0.0009051789919729,-89892.074575368,0.8773079018016781
benchmark_suite,shifted,Halpern,shifted|Halpern,422,9.319698227018504e-05,25001,0,3.32023404102074,0.0009035557760254,-89912.18835881159,0.9336320480708252
benchmark_suite,shifted,Halpern,shifted|Halpern,423,8.524490286683621e-05,25001,0,3.565429917012807,0.0008288408250815,-90880.48565671351,0.9172784982753098
benchmark_suite,shifted,Halpern,shifted|Halpern,424,6.324659500743244e-05,25001,0,3.46231533298851,0.0006215317282908,-94121.1304156116,0.8831793416142709
benchmark_suite,shifted,Halpern,shifted|Halpern,425,9.74259023280026e-05,25001,0,3.471452249999857,0.0009432714741216,-89430.39247250711,0.8741930923726409
benchmark_suite,shifted,Halpern,shifted|Halpern,426,7.06786218955729e-05,25001,0,3.538956709002377,0.0006917416135814,-92914.90940084484,0.8722315919271623
benchmark_suite,shifted,Halpern,shifted|Halpern,427,0.0001244102668016,25001,0,3.384377040987601,0.0011965250736666,-86775.95164354832,0.9657921221710932
benchmark_suite,shifted,Halpern,shifted|Halpern,428,8.619746417735613e-05,25001,0,3.397513625008287,0.0008377937481242,-90759.83889822438,0.9233464796432146
benchmark_suite,shifted,Halpern,shifted|Halpern,429,6.58565243786715e-05,25001,0,3.542052375007188,0.0006462178552079,-93682.10807766064,0.858661984800485
benchmark_suite,shifted,Halpern,shifted|Halpern,430,8.843752921794138e-05,25001,0,3.3524125829862896,0.0008588440578824,-90481.29720309502,0.9366839898226844
benchmark_suite,shifted,Halpern,shifted|Halpern,431,0.0001381173992373,25001,0,3.5573480410093907,0.0013250747254127,-85641.19393403931,0.9512092801096972
benchmark_suite,shifted,Halpern,shifted|Halpern,432,8.44960014490449e-05,25001,0,3.41206574998796,0.000821801345447,-90976.2882179337,0.9222062456882236
benchmark_suite,shifted,Halpern,shifted|Halpern,433,0.000101963320601,25001,0,3.360086832981324,0.0009858747860688,-88936.1732371502,0.9233925809786808
benchmark_suite,shifted,Halpern,shifted|Halpern,434,0.0001146276490195,25001,0,3.371622166974703,0.0011047427227099,-87665.08731896704,0.9315725798026502
benchmark_suite,shifted,Halpern,shifted|Halpern,435,6.916561733595931e-05,25001,0,3.5857084169983864,0.0006774683852275,-93149.84481376344,0.9008010542179692
benchmark_suite,shifted,Halpern,shifted|Halpern,436,9.907825663291268e-05,25001,0,3.3970916670223232,0.0009587870215657,-89247.80152618379,0.9033525452167968
benchmark_suite,shifted,Halpern,shifted|Halpern,437,0.0001229790115205,25001,0,3.584681250009453,0.0011830987730759,-86901.57726620755,0.94535679874069
benchmark_suite,shifted,Halpern,shifted|Halpern,438,8.185980804430278e-05,25001,0,3.35697141700075,0.0007970161072825,-91320.41025634084,0.933326697906368
benchmark_suite,shifted,Halpern,shifted|Halpern,439,7.074986595839775e-05,25001,0,3.520121708017541,0.000692413489924,-92903.97127263296,0.9182678516923828
benchmark_suite,shifted,Halpern,shifted|Halpern,440,4.8318737902886927e-05,25001,0,3.443630000023404,0.0004793527552565,-97044.0460008498,0.8611709904864872
benchmark_suite,shifted,Halpern,shifted|Halpern,441,0.0001084478850088,25001,0,3.523564916016767,0.0010467462831614,-88266.77137799445,0.917401832171188
benchmark_suite,shifted,Halpern,shifted|Halpern,442,0.000112689605615,25001,0,3.3459344579896424,0.0010865557964711,-87850.21824326416,0.9459000065386524
benchmark_suite,shifted,Halpern,shifted|Halpern,443,0.0001103259493456,25001,0,3.4221229999966454,0.0010643731029192,-88080.3640204035,0.9050062396113856
benchmark_suite,shifted,Halpern,shifted|Halpern,444,5.4259950816367606e-05,25001,0,3.548710292001488,0.0005361803442735,-95785.00282400646,0.8668508654690884
benchmark_suite,shifted,Halpern,shifted|Halpern,445,6.674160731371449e-05,25001,0,3.3647845830128063,0.0006545813709027,-93537.16785981064,0.856272821423038
benchmark_suite,shifted,Halpern,shifted|Halpern,446,9.094508407263814e-05,25001,0,3.540158125018934,0.0008824028302998,-90177.74354372012,0.9391646202174864
benchmark_suite,shifted,Halpern,shifted|Halpern,447,9.137892863647358e-05,25001,0,3.3772409169760067,0.0008864783759355,-90126.074615964,0.9325039120114046
benchmark_suite,shifted,Halpern,shifted|Halpern,448,9.792096686359252e-05,25001,0,3.4173023749899585,0.0009479202399438,-89375.36325655886,0.8665166973728599
benchmark_suite,shifted,Halpern,shifted|Halpern,449,5.407751089077141e-05,25001,0,3.5686570000252686,0.000534440721729,-95821.56842196832,0.8731855509968025
benchmark_suite,shifted,Halpern,shifted|Halpern,450,6.94397820785809e-05,25001,0,3.427052624989301,0.0006800554251427,-93106.89440753276,0.8588069963776943
benchmark_suite,shifted,Halpern,shifted|Halpern,451,8.014583693271971e-05,25001,0,3.4258279579808004,0.0007808960758067,-91550.14465394893,0.8758015515092948
benchmark_suite,shifted,Halpern,shifted|Halpern,452,4.7452237188382886e-05,25001,0,3.392672083020443,0.0004710318294711,-97240.51038550172,0.8574938328901448
benchmark_suite,shifted,Halpern,shifted|Halpern,453,0.0001040716705037,25001,0,3.5684796670102514,0.0010056678636156,-88713.96813190341,0.9056389792081138
benchmark_suite,shifted,Halpern,shifted|Halpern,454,0.0001105077367216,25001,0,3.440754708019085,0.0010660792443634,-88062.48926451322,0.9110726539786372
benchmark_suite,shifted,Halpern,shifted|Halpern,455,0.0001374845766522,25001,0,3.351267166988692,0.0013191412204809,-85691.05219846788,0.9696846193038388
benchmark_suite,shifted,Halpern,shifted|Halpern,456,8.744766725477248e-05,25001,0,3.4648800420109183,0.0008495427369131,-90603.5015488345,0.9057070767054892
benchmark_suite,shifted,Halpern,shifted|Halpern,457,0.0001199852768808,25001,0,3.516058665991295,0.0011550129872655,-87169.14252179762,0.951405574921894
benchmark_suite,shifted,Halpern,shifted|Halpern,458,7.248459681132565e-05,25001,0,3.378355291002663,0.0007087678613696,-92640.97967250216,0.8898996338734422
benchmark_suite,shifted,Halpern,shifted|Halpern,459,6.41452430433963e-05,25001,0,3.4003077910165302,0.0006300358811213,-93967.95429203197,0.8988301030103131
benchmark_suite,shifted,Halpern,shifted|Halpern,460,0.0001393394762048,25001,0,3.346878790995106,0.0013365328639202,-85545.55348991959,0.9501736626991278
benchmark_suite,shifted,Halpern,shifted|Halpern,461,6.852786925964636e-05,25001,0,3.609943709016079,0.0006714493593953,-93250.41618582816,0.9071636579158692
benchmark_suite,shifted,Halpern,shifted|Halpern,462,6.656258802785558e-05,25001,0,3.569332624989329,0.0006528900612487,-93566.32799353136,0.904958807187481
benchmark_suite,shifted,Halpern,shifted|Halpern,463,5.8512080580742747e-05,25001,0,3.4417847089935094,0.0005766424494816,-94965.88389027104,0.8874004227115955
benchmark_suite,shifted,Halpern,shifted|Halpern,464,8.372411251821092e-05,25001,0,3.397195625002496,0.0008145450747862,-91075.92428025682,0.9083743076412916
benchmark_suite,shifted,Halpern,shifted|Halpern,465,5.391907294171788e-05,25001,0,3.4283104999922216,0.0005329296744741,-95853.42436514328,0.872982751570853
benchmark_suite,shifted,Halpern,shifted|Halpern,466,9.782706402139044e-05,25001,0,3.551823334011715,0.00094703847801,-89385.77970289263,0.8898337924057537
benchmark_suite,shifted,Halpern,shifted|Halpern,467,9.367662595230918e-05,25001,0,3.3922415830020327,0.0009080608363365,-89856.4557227855,0.9256377112904044
benchmark_suite,shifted,Halpern,shifted|Halpern,468,0.0001045086903204,25001,0,3.389623249997385,0.0010097703716252,-88668.47291332747,0.9593195396094204
benchmark_suite,shifted,Halpern,shifted|Halpern,469,0.0001281216483149,25001,0,3.585289415990701,0.0012313375551259,-86456.80709582672,0.96686390803187
benchmark_suite,shifted,Halpern,shifted|Halpern,470,7.377446772648055e-05,25001,0,3.5880307919869665,0.0007209219868676,-92449.47923160632,0.8670474149083179
benchmark_suite,shifted,Halpern,shifted|Halpern,471,7.397241095985446e-05,25001,0,3.3931462499895133,0.0007227867224533,-92420.388271607,0.8550594548272963
benchmark_suite,shifted,Halpern,shifted|Halpern,472,8.525536303975801e-05,25001,0,3.429835666000145,0.0008289391460186,-90879.15348082704,0.9100084346433832
benchmark_suite,shifted,Halpern,shifted|Halpern,473,6.935447694782577e-05,25001,0,3.394364290987141,0.0006792505268052,-93120.23977710906,0.9020287668232048
benchmark_suite,shifted,Halpern,shifted|Halpern,474,6.660819385777883e-05,25001,0,3.586058957997011,0.0006533209449355,-93558.89187239914,0.8982719148009051
benchmark_suite,shifted,Halpern,shifted|Halpern,475,0.0001242752483187,25001,0,3.41942333400948,0.0011952585285128,-86787.74067462941,0.9316622606209988
benchmark_suite,shifted,Halpern,shifted|Halpern,476,0.0001114811011823,25001,0,3.349574708001456,0.0010752143363678,-87967.27893575473,0.9044749170313826
benchmark_suite,shifted,Halpern,shifted|Halpern,477,8.131683126335401e-05,25001,0,3.61122299998533,0.0007919098736118,-91392.6641846278,0.931353014411376
benchmark_suite,shifted,Halpern,shifted|Halpern,478,8.414682952969221e-05,25001,0,3.559126208012458,0.0008185189820694,-91021.24647446832,0.893654529192653
benchmark_suite,shifted,Halpern,shifted|Halpern,479,0.000107054515512,25001,0,3.4278863749932498,0.0010336678363259,-88407.1682369222,0.9206202342023664
benchmark_suite,shifted,Halpern,shifted|Halpern,480,8.21861735576026e-05,25001,0,3.412056291010231,0.000800085075536,-91277.21115025433,0.9257699177148084
benchmark_suite,shifted,Halpern,shifted|Halpern,481,8.073128715556317e-05,25001,0,3.359409458003938,0.0007864028095568,-91471.12527690944,0.931878638083045
benchmark_suite,shifted,Halpern,shifted|Halpern,482,6.255638446502087e-05,25001,0,3.3604362909973133,0.0006149968593575,-94240.2627293358,0.8786988744991389
benchmark_suite,shifted,Halpern,shifted|Halpern,483,0.0001021221009061,25001,0,3.395249833003618,0.0009873654568603,-88919.2797729292,0.8906032373788654
benchmark_suite,shifted,Halpern,shifted|Halpern,484,0.000146530554641,25001,0,3.5315515420224983,0.0014039475376519,-84999.22626700648,0.96022220393808
benchmark_suite,shifted,Halpern,shifted|Halpern,485,8.01517434360631e-05,25001,0,3.569114499987336,0.0007809516260065,-91549.3446946786,0.8983609326920516
benchmark_suite,shifted,Halpern,shifted|Halpern,486,0.0001153413733365,25001,0,3.597901458007982,0.0011114401026567,-87597.69671790762,0.969017155344974
benchmark_suite,shifted,Halpern,shifted|Halpern,487,7.476747872673247e-05,25001,0,3.344462666020263,0.0007302756334231,-92304.31881705874,0.8806980807606213
benchmark_suite,shifted,Halpern,shifted|Halpern,488,9.559316616841986e-05,25001,0,3.4495880419854075,0.0009260606024192,-89636.57425631062,0.8554801632306949
benchmark_suite,shifted,Halpern,shifted|Halpern,489,0.0001034829825277,25001,0,3.42253633402288,0.0010001414631362,-88775.55543216382,0.949268174508792
benchmark_suite,shifted,Halpern,shifted|Halpern,490,9.167715356205372e-05,25001,0,3.400700375001179,0.0008892798089099,-90090.69972505402,0.8907629835492805
benchmark_suite,shifted,Halpern,shifted|Halpern,491,0.0001121551059557,25001,0,3.4544505829981063,0.0010815397379202,-87901.8364406717,0.9652075142640192
benchmark_suite,shifted,Halpern,shifted|Halpern,492,0.0001003615629381,25001,0,3.5955926250026096,0.0009708363574469,-89108.08062558828,0.9419106356360104
benchmark_suite,shifted,Halpern,shifted|Halpern,493,8.703639289908307e-05,25001,0,3.5208903749880847,0.0008456778960837,-90654.68307061565,0.9414955380131173
benchmark_suite,shifted,Halpern,shifted|Halpern,494,9.04046093272214e-05,25001,0,3.588325916993199,0.0008773254393957,-90242.45712737628,0.947248634605368
benchmark_suite,shifted,Halpern,shifted|Halpern,495,0.0001066297879021,25001,0,3.11790345798363,0.0010296811188772,-88450.32767028893,0.9518881467746644
benchmark_suite,shifted,Halpern,shifted|Halpern,496,5.961316017191005e-05,25001,0,3.1055725830083247,0.0005870960407075,-94763.47731420206,0.891259120964674
benchmark_suite,shifted,Halpern,shifted|Halpern,497,9.811332805794332e-05,25001,0,3.049778082990088,0.0009497265360126,-89354.05608923809,0.9266413174646428
benchmark_suite,shifted,Halpern,shifted|Halpern,498,0.0001069682489463,25001,0,2.9731173749896698,0.0010328580893617,-88415.92058379173,0.9610182327882448
benchmark_suite,shifted,Halpern,shifted|Halpern,499,6.793669976808715e-05,25001,0,2.9145133749989327,0.0006658684159778,-93344.48158579176,0.9115196985696702
benchmark_suite,shifted,Halpern,shifted|Halpern,500,0.0001102883833692,25001,0,2.7444130000076257,0.0010640205425871,-88084.06135104987,0.9530030378424076
benchmark_suite,shifted,Mann,shifted|Mann,1,0.0001060393223982,25001,0,3.470219957991503,0.0010147194902968,-88511.94984278387,0.9642339742523388
benchmark_suite,shifted,Mann,shifted|Mann,2,0.0001030440863717,25001,0,3.4800151249801274,0.0009850876008933,-88823.0447031982,0.888344369093404
benchmark_suite,shifted,Mann,shifted|Mann,3,0.0001040341384375,25001,0,3.367602665995946,0.0009948704287282,-88719.22544213399,0.881164742967786
benchmark_suite,shifted,Mann,shifted|Mann,4,9.662716082034486e-05,25001,0,3.567410499992548,0.0009219440694202,-89521.1347174762,0.9131185271475916
benchmark_suite,shifted,Mann,shifted|Mann,5,0.0001031988134552,25001,0,3.415295500017237,0.0009866157184818,-88806.75416786512,0.9476443079253278
benchmark_suite,shifted,Mann,shifted|Mann,6,9.99759226798472e-05,25001,0,3.349056499981089,0.0009548411995305,-89151.23354823267,0.8935567292462726
benchmark_suite,shifted,Mann,shifted|Mann,7,0.0001051745871062,25001,0,3.3304506670101546,0.0010061536664479,-88600.85246608725,0.9580356864328584
benchmark_suite,shifted,Mann,shifted|Mann,8,0.0001068060122263,25001,0,3.4635755000053905,0.0010223218035415,-88433.73116742625,0.9685190245645344
benchmark_suite,shifted,Mann,shifted|Mann,9,9.202558313395512e-05,25001,0,3.521409875014797,0.0008769212203065,-90050.8942017521,0.8869855231377914
benchmark_suite,shifted,Mann,shifted|Mann,10,8.84046824965565e-05,25001,0,3.576343291992089,0.0008416295992384,-90486.72025174012,0.8777741626932127
benchmark_suite,shifted,Mann,shifted|Mann,11,0.0001050398526817,25001,0,3.4436748749867547,0.001004819835858,-88614.77022045176,0.9117159431880294
benchmark_suite,shifted,Mann,shifted|Mann,12,0.000106755113583,25001,0,3.54361299998709,0.0010218168758007,-88438.906514829,0.963802042548837
benchmark_suite,shifted,Mann,shifted|Mann,13,0.0001035470036232,25001,0,3.469563791994005,0.0009900555559823,-88770.18362511916,0.9531572127380916
benchmark_suite,shifted,Mann,shifted|Mann,14,9.45949678667614e-05,25001,0,3.4843894589866977,0.0009020357207655,-89751.91169658343,0.8956141920195074
benchmark_suite,shifted,Mann,shifted|Mann,15,0.0001039988880485,25001,0,3.4857067090051714,0.0009945219306678,-88722.90476685396,0.9485611117595172
benchmark_suite,shifted,Mann,shifted|Mann,16,0.0001006367922395,25001,0,3.497026750002988,0.0009613473566321,-89079.69999478465,0.9037386185350575
benchmark_suite,shifted,Mann,shifted|Mann,17,8.925043496925727e-05,25001,0,3.640287082991563,0.0008498626841504,-90383.34496393825,0.8723372678120841
benchmark_suite,shifted,Mann,shifted|Mann,18,0.000104896448728,25001,0,3.632534375006799,0.0010034004315565,-88629.60301152109,0.9371070686691484
benchmark_suite,shifted,Mann,shifted|Mann,19,0.0001061645879871,25001,0,3.441511167009594,0.0010159611125531,-88499.1313568349,0.9613711917366644
benchmark_suite,shifted,Mann,shifted|Mann,20,0.0001039634441649,25001,0,3.566985833982472,0.0009941715067555,-88726.6058369805,0.9072774770210624
benchmark_suite,shifted,Mann,shifted|Mann,21,0.0001002826426978,25001,0,3.4017971660068724,0.0009578602363405,-89117.97491633458,0.9241205942420608
benchmark_suite,shifted,Mann,shifted|Mann,22,0.0001010609956601,25001,0,3.3172471669968218,0.0009655260788008,-89034.03067042418,0.8767979821592596
benchmark_suite,shifted,Mann,shifted|Mann,23,0.0001018111366916,25001,0,3.39811212499626,0.0009729203924881,-88953.73845127536,0.928265736910226
benchmark_suite,shifted,Mann,shifted|Mann,24,0.000103178622832,25001,0,3.3910874579742085,0.0009864162935616,-88808.8785898282,0.9007626395403964
benchmark_suite,shifted,Mann,shifted|Mann,25,0.0001020707722321,25001,0,3.5144898329745047,0.0009754811351248,-88926.08588108612,0.8536363208939048
benchmark_suite,shifted,Mann,shifted|Mann,26,9.942506101801908e-05,25001,0,3.556957124994369,0.0009494216630803,-89211.22174432123,0.8808841045875375
benchmark_suite,shifted,Mann,shifted|Mann,27,9.639737271403324e-05,25001,0,3.4288433750043623,0.000919690914146,-89546.98497240056,0.890127981286691
benchmark_suite,shifted,Mann,shifted|Mann,28,0.0001040052247346,25001,0,3.475646917009726,0.0009945845820936,-88722.2432107123,0.9566015398545468
benchmark_suite,shifted,Mann,shifted|Mann,29,0.0001053999274428,25001,0,3.4077054169902112,0.0010083849507038,-88577.61520064334,0.9125359155537168
benchmark_suite,shifted,Mann,shifted|Mann,30,0.0001040746745325,25001,0,3.405340332974447,0.0009952712200681,-88714.99575368491,0.9035480546447004
benchmark_suite,shifted,Mann,shifted|Mann,31,8.51248862866315e-05,25001,0,3.367681167001137,0.0008097578955582,-90897.18135165304,0.8614777497388941
benchmark_suite,shifted,Mann,shifted|Mann,32,0.0001052367245945,25001,0,3.37792229099432,0.0010067688794107,-88594.4398481093,0.9202075132729506
benchmark_suite,shifted,Mann,shifted|Mann,33,0.0001034742340929,25001,0,3.5428365420084447,0.0009893365487457,-88777.81632199533,0.9197723747400184
benchmark_suite,shifted,Mann,shifted|Mann,34,0.0001069488945195,25001,0,3.609595458983677,0.0010237393996374,-88419.21620605775,0.9551213928210912
benchmark_suite,shifted,Mann,shifted|Mann,35,0.000103501592754,25001,0,3.388666083017597,0.0009896068640171,-88774.94605608133,0.9069688827304304
benchmark_suite,shifted,Mann,shifted|Mann,36,0.0001042592069689,25001,0,3.546227957995143,0.0009970959650767,-88695.7619708346,0.8999547589496318
benchmark_suite,shifted,Mann,shifted|Mann,37,0.0001019843222677,25001,0,3.360617583006388,0.0009746284070882,-88935.28546838523,0.930618239101408
benchmark_suite,shifted,Mann,shifted|Mann,38,9.97144155355046e-05,25001,0,3.382577458018204,0.0009522680233397,-89179.66992830437,0.882669253995175
benchmark_suite,shifted,Mann,shifted|Mann,39,0.0001026673331075,25001,0,3.404309624980669,0.0009813678217283,-88862.81427386956,0.9163786412824352
benchmark_suite,shifted,Mann,shifted|Mann,40,0.0001021761159285,25001,0,3.441007000015816,0.0009765203558855,-88914.88608565374,0.9343135009717388
benchmark_suite,shifted,Mann,shifted|Mann,41,0.0001018045805564,25001,0,3.5394402079982683,0.0009728557448546,-88954.43757638041,0.9429872953499836
benchmark_suite,shifted,Mann,shifted|Mann,42,9.730576460255356e-05,25001,0,3.467293207999319,0.0009286011144982,-89445.15180607284,0.9046854503871388
benchmark_suite,shifted,Mann,shifted|Mann,43,9.237749147347036e-05,25001,0,3.552893957996276,0.000880357361644,-90009.45486594515,0.8586954476715792
benchmark_suite,shifted,Mann,shifted|Mann,44,0.0001038984679267,25001,0,3.5473742919857614,0.0009935291775498,-88733.39360360568,0.8836443619035507
benchmark_suite,shifted,Mann,shifted|Mann,45,0.0001017522777512,25001,0,3.353408541996032,0.000972339983959,-88960.01702035763,0.9151163692978116
benchmark_suite,shifted,Mann,shifted|Mann,46,8.535982923750874e-05,25001,0,3.4176504159986507,0.0008120381021836,-90867.2570532466,0.862589198729847
benchmark_suite,shifted,Mann,shifted|Mann,47,0.0001028981341043,25001,0,3.371583416999784,0.0009836463749849,-88838.43405385053,0.9413270503127223
benchmark_suite,shifted,Mann,shifted|Mann,48,0.0001041164104669,25001,0,3.488729707984021,0.000995683885431,-88710.64268824089,0.9229480342394152
benchmark_suite,shifted,Mann,shifted|Mann,49,0.0001042667757765,25001,0,3.55576204098179,0.0009971708149231,-88694.97383109626,0.9226504890837568
benchmark_suite,shifted,Mann,shifted|Mann,50,0.0001036463160602,25001,0,3.366313375008758,0.0009910369577029,-88759.77515729463,0.950639110545529
benchmark_suite,shifted,Mann,shifted|Mann,51,9.142423078332944e-05,25001,0,3.558002750010928,0.0008710520732148,-90122.07461765745,0.8893509051958093
benchmark_suite,shifted,Mann,shifted|Mann,52,0.0001018015706124,25001,0,3.414393375016516,0.0009728260514502,-88954.75871044723,0.920439940811948
benchmark_suite,shifted,Mann,shifted|Mann,53,0.000106333942839,25001,0,3.526184582995484,0.0010176400250968,-88481.82549012284,0.9372812000985604
benchmark_suite,shifted,Mann,shifted|Mann,54,0.000104661994755,25001,0,3.386264291999396,0.0010010803185414,-88653.89749063108,0.9139627086107758
benchmark_suite,shifted,Mann,shifted|Mann,55,0.0001039012162404,25001,0,3.342676167027093,0.0009935563498383,-88733.10636580942,0.954943149203782
benchmark_suite,shifted,Mann,shifted|Mann,56,8.92819508774475e-05,25001,0,3.419803208002122,0.0008501696012024,-90379.51172067522,0.8555674876053141
benchmark_suite,shifted,Mann,shifted|Mann,57,9.93481995678608e-05,25001,0,3.4912824999773875,0.0009486657291399,-89219.61834429037,0.908111513100525
benchmark_suite,shifted,Mann,shifted|Mann,58,0.0001062333409431,25001,0,3.366972666000948,0.0010166426429569,-88492.10252279455,0.9560126321144616
benchmark_suite,shifted,Mann,shifted|Mann,59,0.0001047170554493,25001,0,3.555795082997065,0.0010016251341799,-88648.18708697442,0.9497541019783444
benchmark_suite,shifted,Mann,shifted|Mann,60,0.0001001027934419,25001,0,3.414600791002158,0.0009560898738008,-89137.46405822573,0.8567598400165786
benchmark_suite,shifted,Mann,shifted|Mann,61,0.0001053701536506,25001,0,3.3550934999948367,0.0010080900984344,-88580.68266471373,0.9434533059575796
benchmark_suite,shifted,Mann,shifted|Mann,62,0.000103830087162,25001,0,3.5495873329928145,0.0009928532353692,-88740.541723195,0.9406408125873668
benchmark_suite,shifted,Mann,shifted|Mann,63,0.0001062057556196,25001,0,3.341107540996745,0.0010163691905141,-88494.92210347875,0.9690989323352602
benchmark_suite,shifted,Mann,shifted|Mann,64,9.69024127512705e-05,25001,0,3.5330196249997243,0.0009246436931296,-89490.2509460045,0.9145167328319824
benchmark_suite,shifted,Mann,shifted|Mann,65,0.0001054575085232,25001,0,3.558732833014801,0.0010089552060437,-88571.6853846458,0.913921061465608
benchmark_suite,shifted,Mann,shifted|Mann,66,0.0001005836791003,25001,0,3.418247875000816,0.0009608243039672,-89085.43151609872,0.9342440304628716
benchmark_suite,shifted,Mann,shifted|Mann,67,9.957405249558906e-05,25001,0,3.5425517080002464,0.0009508871662965,-89194.96399945603,0.8683756183760889
benchmark_suite,shifted,Mann,shifted|Mann,68,0.000105401248327,25001,0,3.311672207986703,0.001008398037201,-88577.47907933203,0.9523451783579792
benchmark_suite,shifted,Mann,shifted|Mann,69,0.0001016443780194,25001,0,3.365469666023273,0.0009712760812692,-88971.53631353944,0.9149255769693836
benchmark_suite,shifted,Mann,shifted|Mann,70,0.0001050348108897,25001,0,3.5008144580060616,0.0010047699283621,-88615.29136720808,0.9378510010461572
benchmark_suite,shifted,Mann,shifted|Mann,71,0.0001045358228545,25001,0,3.3952168750111014,0.0009998320342623,-88666.993958961,0.915005520469244
benchmark_suite,shifted,Mann,shifted|Mann,72,8.514489601688288e-05,25001,0,3.4209989160008263,0.0008099521019413,-90894.6292466641,0.8543769842797668
benchmark_suite,shifted,Mann,shifted|Mann,73,0.0001002340272773,25001,0,3.5882605840160977,0.0009573816513114,-89123.23961966208,0.8889119814070705
benchmark_suite,shifted,Mann,shifted|Mann,74,9.730034715819388e-05,25001,0,3.431841000012355,0.0009285479587023,-89445.75621100148,0.9142119186011756
benchmark_suite,shifted,Mann,shifted|Mann,75,0.0001025272573589,25001,0,3.338604166987352,0.0009799852370946,-88877.63765822374,0.8714242210510064
benchmark_suite,shifted,Mann,shifted|Mann,76,0.000105374391309,25001,0,3.608461625000928,0.0010081320662589,-88580.24599719085,0.9683149128388776
benchmark_suite,shifted,Mann,shifted|Mann,77,9.925882362590115e-05,25001,0,3.394309209019412,0.0009477867965431,-89229.39021124257,0.9177564156551566
benchmark_suite,shifted,Mann,shifted|Mann,78,0.0001061003444628,25001,0,3.412614417000441,0.0010153243025484,-88505.7036322429,0.9601217493610982
benchmark_suite,shifted,Mann,shifted|Mann,79,8.488060069724063e-05,25001,0,3.597998542012647,0.0008073874957441,-90928.38302241948,0.8619368714322783
benchmark_suite,shifted,Mann,shifted|Mann,80,8.895172005619092e-05,25001,0,3.477723666001112,0.0008469541161795,-90419.74416438615,0.8557439479505935
benchmark_suite,shifted,Mann,shifted|Mann,81,0.0001001542217169,25001,0,3.5410028749902267,0.0009565960594742,-89131.88771784032,0.8782335367930711
benchmark_suite,shifted,Mann,shifted|Mann,82,0.0001031398529894,25001,0,3.34332408301998,0.0009860333772783,-88812.95900249487,0.9530973172550442
benchmark_suite,shifted,Mann,shifted|Mann,83,0.0001003866555837,25001,0,3.366151207999792,0.0009588842454629,-89106.71975470787,0.858792005666315
benchmark_suite,shifted,Mann,shifted|Mann,84,0.0001047186881633,25001,0,3.3485604579909705,0.0010016412893611,-88648.01781059941,0.9583837063419854
benchmark_suite,shifted,Mann,shifted|Mann,85,0.0001052834602385,25001,0,3.5617051669978537,0.0010072316367764,-88589.61915155577,0.9085139110759552
benchmark_suite,shifted,Mann,shifted|Mann,86,9.587531708583632e-05,25001,0,3.349378125014482,0.0009145739103786,-89605.94404302703,0.8740112339471136
benchmark_suite,shifted,Mann,shifted|Mann,87,0.0001044301379081,25001,0,3.517489999998361,0.0009987865791053,-88677.97612796407,0.9448039756687792
benchmark_suite,shifted,Mann,shifted|Mann,88,0.0001056733556507,25001,0,3.461790707980981,0.0010110932179783,-88549.48571293874,0.935451031354836
benchmark_suite,shifted,Mann,shifted|Mann,89,0.0001042737712173,25001,0,3.562389124999754,0.0009972400004692,-88694.24539106624,0.9432208809361896
benchmark_suite,shifted,Mann,shifted|Mann,90,0.0001048055839163,25001,0,3.413173957989784,0.0010025011752535,-88639.01208091373,0.9329728233169824
benchmark_suite,shifted,Mann,shifted|Mann,91,0.000106473583922,25001,0,3.327582916012034,0.0010190246250765,-88467.57680224912,0.9595532132888688
benchmark_suite,shifted,Mann,shifted|Mann,92,9.45485194431317e-05,25001,0,3.4209198330063373,0.0009015811713684,-89757.24401989797,0.8624291564747095
benchmark_suite,shifted,Mann,shifted|Mann,93,9.710565065803288e-05,25001,0,3.597524667013204,0.0009266375297574,-89467.50324243534,0.916825936022398
benchmark_suite,shifted,Mann,shifted|Mann,94,0.0001059747703627,25001,0,3.3888626669941004,0.0010140797426721,-88518.56127646098,0.9454038704140376
benchmark_suite,shifted,Mann,shifted|Mann,95,0.0001056547664865,25001,0,3.5256877909996547,0.0010109090669054,-88551.39579665025,0.9599089891073084
benchmark_suite,shifted,Mann,shifted|Mann,96,0.0001027353033965,25001,0,3.408441375009716,0.000982038779752,-88855.62874556323,0.9390247498177692
benchmark_suite,shifted,Mann,shifted|Mann,97,9.893068437823583e-05,25001,0,3.5256083749991376,0.000944560567519,-89265.34269564204,0.9039210288401126
benchmark_suite,shifted,Mann,shifted|Mann,98,0.0001031995493065,25001,0,3.3880258749995846,0.000986622996179,-88806.67664929398,0.9526949187698824
benchmark_suite,shifted,Mann,shifted|Mann,99,0.0001028771851685,25001,0,3.327706790994853,0.0009834395457023,-88840.64457310468,0.9193766659397145
benchmark_suite,shifted,Mann,shifted|Mann,100,9.950444944268304e-05,25001,0,3.34283091701218,0.0009502025190835,-89202.55586355948,0.923038888739062
benchmark_suite,shifted,Mann,shifted|Mann,101,9.282750810750552e-05,25001,0,3.405020832986338,0.0008847530832685,-89956.69243614367,0.8954366082809592
benchmark_suite,shifted,Mann,shifted|Mann,102,0.0001053018661298,25001,0,3.571067792014219,0.0010074138746889,-88587.72138219152,0.9218038251274024
benchmark_suite,shifted,Mann,shifted|Mann,103,0.0001019670596279,25001,0,3.532954833994154,0.0009744581498731,-88937.12331776781,0.879710641113672
benchmark_suite,shifted,Mann,shifted|Mann,104,0.0001011804009027,25001,0,3.4804957089945674,0.0009667026567095,-89021.2102970941,0.9341660445002232
benchmark_suite,shifted,Mann,shifted|Mann,105,0.0001059586670729,25001,0,3.3790960000187624,0.0010139201708079,-88520.21107198524,0.9690059178660184
benchmark_suite,shifted,Mann,shifted|Mann,106,8.28339078403617e-05,25001,0,3.5726449999783654,0.0007875454842946,-91193.38551164173,0.8583025777968217
benchmark_suite,shifted,Mann,shifted|Mann,107,0.0001000505331202,25001,0,3.387800958007574,0.0009555754981547,-89143.13387989227,0.909202949469065
benchmark_suite,shifted,Mann,shifted|Mann,108,9.99605656391309e-05,25001,0,3.403656750015216,0.0009546900748604,-89152.90135781435,0.9271968280733772
benchmark_suite,shifted,Mann,shifted|Mann,109,0.0001050750327922,25001,0,3.346386834018631,0.0010051680890012,-88611.13445789045,0.9515399896254828
benchmark_suite,shifted,Mann,shifted|Mann,110,9.675854194868346e-05,25001,0,3.556280333024916,0.0009232325313463,-89506.38263256593,0.9132477577356448
benchmark_suite,shifted,Mann,shifted|Mann,111,0.0001031761156741,25001,0,3.5838877919886727,0.0009863915359281,-88809.14235801517,0.8733069042316239
benchmark_suite,shifted,Mann,shifted|Mann,112,0.0001065790988564,25001,0,3.409796082996764,0.0010200710261375,-88456.82250193594,0.95185947589554
benchmark_suite,shifted,Mann,shifted|Mann,113,0.0001037123623295,25001,0,3.4586219170014374,0.0009916896807317,-88752.85875755997,0.8711611457671675
benchmark_suite,shifted,Mann,shifted|Mann,114,9.209822490117742e-05,25001,0,3.5168522500025574,0.0008776304210617,-90042.32727414301,0.8701473212337257
benchmark_suite,shifted,Mann,shifted|Mann,115,0.00010117960867,25001,0,3.4167878339940216,0.0009666948501207,-89021.29530506907,0.9238717359185667
benchmark_suite,shifted,Mann,shifted|Mann,116,0.000106591621309,25001,0,3.4633486249949783,0.0010201952295669,-88455.54681271284,0.955673734143706
benchmark_suite,shifted,Mann,shifted|Mann,117,8.843359478378852e-05,25001,0,3.41617091599619,0.000841910949843,-90483.17004110017,0.8719773467362639
benchmark_suite,shifted,Mann,shifted|Mann,118,0.0001044601690008,25001,0,3.526126292010304,0.0009990836243689,-88674.85449189,0.9627322071157448
benchmark_suite,shifted,Mann,shifted|Mann,119,0.000101157528999,25001,0,3.574075875018025,0.0009664772797092,-89023.66477318053,0.9388178615324104
benchmark_suite,shifted,Mann,shifted|Mann,120,8.611072785870984e-05,25001,0,3.49380941700656,0.0008193287637328,-90772.16571557072,0.8602429436275666
benchmark_suite,shifted,Mann,shifted|Mann,121,9.752805557894451e-05,25001,0,3.360040375002427,0.0009307827717456,-89420.37730693525,0.8882758479506185
benchmark_suite,shifted,Mann,shifted|Mann,122,9.014805474583804e-05,25001,0,3.5198513329960406,0.000858607360112,-90274.69617990169,0.8740426337295826
benchmark_suite,shifted,Mann,shifted|Mann,123,9.160410759267168e-05,25001,0,3.3508646250120364,0.0008728073164397,-90100.73411048454,0.8598647665885787
benchmark_suite,shifted,Mann,shifted|Mann,124,0.0001030203975317,25001,0,3.428192082996248,0.0009848536583612,-88825.541071784,0.945074029216051
benchmark_suite,shifted,Mann,shifted|Mann,125,9.722896800749538e-05,25001,0,3.324914583005011,0.0009278475006367,-89453.72418826917,0.9110608570848068
benchmark_suite,shifted,Mann,shifted|Mann,126,0.0001072547924969,25001,0,3.609713083016686,0.0010267751869155,-88388.20626610302,0.9632206437031816
benchmark_suite,shifted,Mann,shifted|Mann,127,0.0001040503091027,25001,0,3.5852833749959245,0.0009950303101901,-88717.53793618939,0.8780012567664585
benchmark_suite,shifted,Mann,shifted|Mann,128,9.980336568799211e-05,25001,0,3.471341874974314,0.0009531431873694,-89169.98914924497,0.9085543316646888
benchmark_suite,shifted,Mann,shifted|Mann,129,0.0001011329986718,25001,0,3.480562832992291,0.0009662355612732,-89026.29790310824,0.8808264114471598
benchmark_suite,shifted,Mann,shifted|Mann,130,9.825524676492226e-05,25001,0,3.353589375008596,0.0009379233231858,-89339.7233558296,0.8626831387480558
benchmark_suite,shifted,Mann,shifted|Mann,131,0.0001017922195883,25001,0,3.565463082981296,0.0009727338482292,-88955.75595219704,0.9235737338240432
benchmark_suite,shifted,Mann,shifted|Mann,132,0.0001063381191206,25001,0,3.434188666986301,0.0010176814247441,-88481.39914702991,0.9472631038072132
benchmark_suite,shifted,Mann,shifted|Mann,133,9.642889000188493e-05,25001,0,3.3849411249975674,0.0009199999132049,-89543.43585175078,0.9132206988632396
benchmark_suite,shifted,Mann,shifted|Mann,134,9.627889438740154e-05,25001,0,3.5593182499869727,0.0009185293851202,-89560.33753912931,0.9122961999968202
benchmark_suite,shifted,Mann,shifted|Mann,135,9.897443915999149e-05,25001,0,3.542401917016832,0.0009449907147483,-89260.54160102978,0.886279183532116
benchmark_suite,shifted,Mann,shifted|Mann,136,0.0001028283215512,25001,0,3.410110333003104,0.0009829571112462,-88845.8026232057,0.8617741251531307
benchmark_suite,shifted,Mann,shifted|Mann,137,9.19603742764681e-05,25001,0,3.3962850839889143,0.0008762846500496,-90058.59003011018,0.8856153246517625
benchmark_suite,shifted,Mann,shifted|Mann,138,0.0001044329019968,25001,0,3.390223333000904,0.000998813909788,-88677.68886904954,0.9450229590626594
benchmark_suite,shifted,Mann,shifted|Mann,139,0.0001037693755606,25001,0,3.547348708991194,0.0009922531569169,-88746.89201163096,0.9208875010954
benchmark_suite,shifted,Mann,shifted|Mann,140,0.0001018225184132,25001,0,3.421827417012537,0.0009730326381082,-88952.52470238296,0.9259253501539632
benchmark_suite,shifted,Mann,shifted|Mann,141,0.0001057084089509,25001,0,3.3835330000147223,0.0010114404729305,-88545.88488752885,0.9696930827546346
benchmark_suite,shifted,Mann,shifted|Mann,142,0.0001038308335092,25001,0,3.5811470419866964,0.0009928606149853,-88740.46365515579,0.8661119689837747
benchmark_suite,shifted,Mann,shifted|Mann,143,0.0001065163456883,25001,0,3.417025916016428,0.0010194486763853,-88463.21719568936,0.9672986004991722
benchmark_suite,shifted,Mann,shifted|Mann,144,8.807164640743141e-05,25001,0,3.563767875020858,0.0008383892899356,-90527.69823848014,0.8605476094663604
benchmark_suite,shifted,Mann,shifted|Mann,145,9.7743916641774e-05,25001,0,3.399484207999194,0.0009329018360281,-89396.37306108247,0.8848651478735241
benchmark_suite,shifted,Mann,shifted|Mann,146,9.557880316536096e-05,25001,0,3.3816517500090413,0.0009116688022619,-89639.5741439556,0.897720911492789
benchmark_suite,shifted,Mann,shifted|Mann,147,0.0001019535052753,25001,0,3.5108764590113424,0.0009743244642111,-88938.56663664331,0.9446386601063056
benchmark_suite,shifted,Mann,shifted|Mann,148,0.0001012232797445,25001,0,3.3698868750070687,0.0009671252116367,-89016.61011178355,0.9176161752929528
benchmark_suite,shifted,Mann,shifted|Mann,149,0.0001041739251397,25001,0,3.393786917004036,0.0009962526058021,-88704.64666642924,0.8839930672503403
benchmark_suite,shifted,Mann,shifted|Mann,150,0.0001072056769094,25001,0,3.5180657079909,0.0010262876734701,-88393.1793400246,0.9619436088606588
benchmark_suite,shifted,Mann,shifted|Mann,151,0.0001008977551445,25001,0,3.441906124993693,0.0009639177977633,-89051.58231737991,0.8955204709670568
benchmark_suite,shifted,Mann,shifted|Mann,152,0.0001031772132357,25001,0,3.5429610419960227,0.0009864023843168,-88809.0267779376,0.8839320421693503
benchmark_suite,shifted,Mann,shifted|Mann,153,9.74387100991229e-05,25001,0,3.3704171669960488,0.0009299058386755,-89430.32811737382,0.9169272420850116
benchmark_suite,shifted,Mann,shifted|Mann,154,0.0001031120667208,25001,0,3.354091750021325,0.0009857589644306,-88815.88424342734,0.9303622973728014
benchmark_suite,shifted,Mann,shifted|Mann,155,0.0001059546455832,25001,0,3.386152292019688,0.0010138803129707,-88520.62320185648,0.9502803296860716
benchmark_suite,shifted,Mann,shifted|Mann,156,0.0001023270062346,25001,0,3.535073833016213,0.0009780090803059,-88898.86438879382,0.8541192938149792
benchmark_suite,shifted,Mann,shifted|Mann,157,0.0001062737882761,25001,0,3.4360920830222312,0.0010170436259658,-88487.96946758308,0.9539346957779744
benchmark_suite,shifted,Mann,shifted|Mann,158,0.0001019461415273,25001,0,3.5635757090058178,0.000974251820771,-88939.35101142974,0.944254382096181
benchmark_suite,shifted,Mann,shifted|Mann,159,9.941706106544166e-05,25001,0,3.3961107499781065,0.0009493429852211,-89212.09533017,0.9206932152965862
benchmark_suite,shifted,Mann,shifted|Mann,160,0.0001026483380088,25001,0,3.522052749991417,0.0009811803234046,-88864.82321029618,0.9222681528391404
benchmark_suite,shifted,Mann,shifted|Mann,161,0.0001045457313142,25001,0,3.434708874992793,0.0009999300443024,-88665.96503545498,0.9377891544849816
benchmark_suite,shifted,Mann,shifted|Mann,162,0.000104105117435,25001,0,3.347545666998485,0.0009955722345521,-88711.82026151918,0.8807635504345985
benchmark_suite,shifted,Mann,shifted|Mann,163,8.674953608294032e-05,25001,0,3.377500250004232,0.0008255346734329,-90691.91944336066,0.8567764811873072
benchmark_suite,shifted,Mann,shifted|Mann,164,0.0001046602296189,25001,0,3.3915637920144945,0.0010010628511321,-88654.08062862122,0.8949814692273973
benchmark_suite,shifted,Mann,shifted|Mann,165,0.0001033882553692,25001,0,3.523728000000119,0.0009884870967555,-88786.84153086647,0.9208084964157978
benchmark_suite,shifted,Mann,shifted|Mann,166,9.303048052925364e-05,25001,0,3.472802457981743,0.0008867362990838,-89932.97860208782,0.8733180371519633
benchmark_suite,shifted,Mann,shifted|Mann,167,0.0001057523052967,25001,0,3.537497290992178,0.0010118753681494,-88541.3771887111,0.9292020039181133
benchmark_suite,shifted,Mann,shifted|Mann,168,0.0001010117458746,25001,0,3.550044290983351,0.0009650408230133,-89039.32308555424,0.8581186509182869
benchmark_suite,shifted,Mann,shifted|Mann,169,0.000104800312624,25001,0,3.382638291019248,0.0010024490047932,-88639.55823065378,0.9423305761766992
benchmark_suite,shifted,Mann,shifted|Mann,170,0.0001051361710259,25001,0,3.367732582992176,0.0010057733274736,-88604.81903463166,0.9651643096200888
benchmark_suite,shifted,Mann,shifted|Mann,171,0.0001062514213725,25001,0,3.3402445419924334,0.0010168218911795,-88490.25473613082,0.9419494198661474
benchmark_suite,shifted,Mann,shifted|Mann,172,0.0001068215159273,25001,0,3.3825935409986414,0.0010224756006866,-88432.15535275059,0.961047417329451
benchmark_suite,shifted,Mann,shifted|Mann,173,0.0001053280733674,25001,0,3.514245625003241,0.0010076733921168,-88585.01949304038,0.9125202549362686
benchmark_suite,shifted,Mann,shifted|Mann,174,0.0001029834137768,25001,0,3.4050995410070755,0.0009844884478001,-88829.43946859639,0.9504969661554228
benchmark_suite,shifted,Mann,shifted|Mann,175,0.0001018455898109,25001,0,3.554498999990756,0.0009732601625651,-88950.06486677266,0.9148666754206336
benchmark_suite,shifted,Mann,shifted|Mann,176,8.741506583605498e-05,25001,0,3.580174709000857,0.0008320036740663,-90608.94280792058,0.8708366552158663
benchmark_suite,shifted,Mann,shifted|Mann,177,0.0001004565293168,25001,0,3.39475470900652,0.0009595722331683,-89099.16516697194,0.8900897236395027
benchmark_suite,shifted,Mann,shifted|Mann,178,8.879405527063318e-05,25001,0,3.3671236670052167,0.0008454192385152,-90439.00549582575,0.8590021400148126
benchmark_suite,shifted,Mann,shifted|Mann,179,0.000104526009049,25001,0,3.4435600000142585,0.0009997349422926,-88668.01335109212,0.963061809884541
benchmark_suite,shifted,Mann,shifted|Mann,180,0.0001032708288601,25001,0,3.3861529160058126,0.000987327061718,-88799.18020698622,0.9313675403325864
benchmark_suite,shifted,Mann,shifted|Mann,181,9.993249529426294e-05,25001,0,3.582231582986424,0.0009544138323391,-89155.95070205993,0.922170106286006
benchmark_suite,shifted,Mann,shifted|Mann,182,0.0001039232898718,25001,0,3.463875999994343,0.0009937745497105,-88730.80008874866,0.8906691241785769
benchmark_suite,shifted,Mann,shifted|Mann,183,0.0001039360190756,25001,0,3.55881537499954,0.0009939003960154,-88729.47019809912,0.9586663498014456
benchmark_suite,shifted,Mann,shifted|Mann,184,0.0001058116168493,25001,0,3.5515687500010245,0.0010124630323807,-88535.28939253837,0.9215376219045636
benchmark_suite,shifted,Mann,shifted|Mann,185,0.0001047748761833,25001,0,3.4124442919855937,0.00100219727969,-88642.19386904882,0.9160712405170578
benchmark_suite,shifted,Mann,shifted|Mann,186,0.0001031822747806,25001,0,3.442545208003139,0.0009864523653682,-88808.49429087149,0.9274843011089804
benchmark_suite,shifted,Mann,shifted|Mann,187,0.0001034499955417,25001,0,3.410150750016328,0.0009890970561438,-88780.36001758724,0.8943518274679869
benchmark_suite,shifted,Mann,shifted|Mann,188,0.000106106191527,25001,0,3.4079110419843346,0.0010153822652174,-88505.10523483879,0.9373584195584612
benchmark_suite,shifted,Mann,shifted|Mann,189,9.833974332787668e-05,25001,0,3.618101707979804,0.0009387533826541,-89330.39039808216,0.8699702054279218
benchmark_suite,shifted,Mann,shifted|Mann,190,9.652458323211824e-05,25001,0,3.434824458003277,0.0009209381883369,-89532.66675199335,0.8632764673644725
benchmark_suite,shifted,Mann,shifted|Mann,191,0.0001021840715417,25001,0,3.564684209006373,0.0009765988416565,-88914.04075951996,0.9459342739175276
benchmark_suite,shifted,Mann,shifted|Mann,192,0.0001017098467865,25001,0,3.540169040992623,0.0009719215982105,-88964.54542136187,0.9241063616701356
benchmark_suite,shifted,Mann,shifted|Mann,193,9.938010150389708e-05,25001,0,3.461385542002972,0.0009489794809335,-89216.13244712439,0.8829161103147064
benchmark_suite,shifted,Mann,shifted|Mann,194,0.0001036953659516,25001,0,3.407172749983147,0.0009915216878789,-88754.63837598638,0.9543939006456904
benchmark_suite,shifted,Mann,shifted|Mann,195,0.0001036403066506,25001,0,3.356812250014628,0.0009909775598789,-88760.4047960703,0.8634056612942399
benchmark_suite,shifted,Mann,shifted|Mann,196,9.507310090105797e-05,25001,0,3.349557542009279,0.0009067161100956,-89697.17183664632,0.9021447883695792
benchmark_suite,shifted,Mann,shifted|Mann,197,0.0001021756400063,25001,0,3.536756040994078,0.0009765156480046,-88914.93679384113,0.9450237724898676
benchmark_suite,shifted,Mann,shifted|Mann,198,0.0001034225437938,25001,0,3.359829875000287,0.0009888258389533,-88783.24147344861,0.9492305293325978
benchmark_suite,shifted,Mann,shifted|Mann,199,0.0001015563407047,25001,0,3.594099332985934,0.000970408110619,-88980.94427466436,0.9242483959793748
benchmark_suite,shifted,Mann,shifted|Mann,200,0.0001025795091937,25001,0,3.423065457987832,0.0009805009445513,-88872.10585254894,0.9308802846685637
benchmark_suite,shifted,Mann,shifted|Mann,201,9.69304099194544e-05,25001,0,3.517803458002163,0.0009249183310745,-89487.11448481547,0.91606411936376
benchmark_suite,shifted,Mann,shifted|Mann,202,0.0001033222211253,25001,0,3.415633541997522,0.0009878347424791,-88793.77834248556,0.9052415476882212
benchmark_suite,shifted,Mann,shifted|Mann,203,9.521389590203402e-05,25001,0,3.345289541990496,0.0009080947669579,-89681.10502487904,0.893677454538685
benchmark_suite,shifted,Mann,shifted|Mann,204,0.0001048707794101,25001,0,3.299929917004192,0.0010031463621501,-88632.26045106942,0.9481139025676808
benchmark_suite,shifted,Mann,shifted|Mann,205,8.973133332605865e-05,25001,0,3.582651041011559,0.0008545467485556,-90325.00158633971,0.8801462182293033
benchmark_suite,shifted,Mann,shifted|Mann,206,9.469769885321772e-05,25001,0,3.4144255419960245,0.0009030411713437,-89740.12690115724,0.8988140814928655
benchmark_suite,shifted,Mann,shifted|Mann,207,0.0001041997618639,25001,0,3.60322391599766,0.0009965081031019,-88701.9541669889,0.9111974734621272
benchmark_suite,shifted,Mann,shifted|Mann,208,0.0001002174380247,25001,0,3.3313402500061784,0.000957218345502,-89125.03672388487,0.9329770452882769
benchmark_suite,shifted,Mann,shifted|Mann,209,0.0001046814474687,25001,0,3.364638583007036,0.0010012727964653,-88651.87967572191,0.921558200911208
benchmark_suite,shifted,Mann,shifted|Mann,210,0.0001021163779748,25001,0,3.501336875022389,0.0009759310133464,-88921.23591102238,0.9331872808394754
benchmark_suite,shifted,Mann,shifted|Mann,211,0.000101693871657,25001,0,3.3445872080046684,0.0009717640683495,-88966.25099277394,0.8975549436292206
benchmark_suite,shifted,Mann,shifted|Mann,212,9.870779994825716e-05,25001,0,3.3447020830062684,0.0009423698528367,-89289.83087581761,0.8879367833187582
benchmark_suite,shifted,Mann,shifted|Mann,213,0.0001030407075107,25001,0,3.626133125013439,0.0009850542366282,-88823.40069022222,0.9357240828327766
benchmark_suite,shifted,Mann,shifted|Mann,214,0.0001048466434621,25001,0,3.393812791007804,0.0010029074992292,-88634.75950719792,0.9026232194556578
benchmark_suite,shifted,Mann,shifted|Mann,215,8.427490267555593e-05,25001,0,3.4297336669988,0.0008015121194266,-91006.13618863768,0.8589480130356624
benchmark_suite,shifted,Mann,shifted|Mann,216,0.0001012875409536,25001,0,3.353685417008819,0.0009677585259685,-89009.71953664275,0.9385842947289204
benchmark_suite,shifted,Mann,shifted|Mann,217,0.0001015805655126,25001,0,3.591626250010449,0.0009706469308773,-88978.35478819115,0.9379977094079416
benchmark_suite,shifted,Mann,shifted|Mann,218,9.836682351207762e-05,25001,0,3.5508888329786714,0.0009390194165576,-89327.40106037594,0.9232243838574954
benchmark_suite,shifted,Mann,shifted|Mann,219,9.62327672709975e-05,25001,0,3.3883540829992853,0.0009180772211947,-89565.54034942054,0.8877599400426537
benchmark_suite,shifted,Mann,shifted|Mann,220,8.872819821725842e-05,25001,0,3.420707584009506,0.0008447781838836,-90447.0610625539,0.8746137126409221
benchmark_suite,shifted,Mann,shifted|Mann,221,0.0001003742328204,25001,0,3.512109707982745,0.0009587619470026,-89108.06328954289,0.884165079918034
benchmark_suite,shifted,Mann,shifted|Mann,222,0.0001049217752767,25001,0,3.466431625012774,0.0010036510880909,-88626.98198673555,0.9355039884030388
benchmark_suite,shifted,Mann,shifted|Mann,223,9.483261711483458e-05,25001,0,3.40082366601564,0.0009043617711719,-89724.66947790876,0.9013024496879554
benchmark_suite,shifted,Mann,shifted|Mann,224,9.874151440944176e-05,25001,0,3.3577795409946702,0.0009427011984934,-89286.12311614485,0.883079687455137
benchmark_suite,shifted,Mann,shifted|Mann,225,0.0001001195436295,25001,0,3.5783736250014044,0.0009562547391905,-89135.64748715713,0.9039613462714092
benchmark_suite,shifted,Mann,shifted|Mann,226,0.0001028081013626,25001,0,3.4785597090085503,0.000982757478813,-88847.93783886291,0.9352533048116396
benchmark_suite,shifted,Mann,shifted|Mann,227,0.0001022258104332,25001,0,3.381286333024036,0.000977010624696,-88909.60688163503,0.9106591356237348
benchmark_suite,shifted,Mann,shifted|Mann,228,9.9445388543197e-05,25001,0,3.3900132499984466,0.0009496215859501,-89209.00228512654,0.9061107519197747
benchmark_suite,shifted,Mann,shifted|Mann,229,0.000104314820845,25001,0,3.494556458987063,0.0009976459771005,-88689.97205725452,0.9602804993873716
benchmark_suite,shifted,Mann,shifted|Mann,230,0.0001055896975662,25001,0,3.3989112919953186,0.0010102645030766,-88558.08444505639,0.9136675034849238
benchmark_suite,shifted,Mann,shifted|Mann,231,0.0001052916365798,25001,0,3.40229037500103,0.0010073125837437,-88588.77614886225,0.9549266293403522
benchmark_suite,shifted,Mann,shifted|Mann,232,0.0001032393420129,25001,0,3.4281204589933623,0.0009870160530064,-88802.49091556558,0.93135209861775
benchmark_suite,shifted,Mann,shifted|Mann,233,0.0001055301623956,25001,0,3.594472374999896,0.0010096748044958,-88564.20783544198,0.920994033769642
benchmark_suite,shifted,Mann,shifted|Mann,234,9.709998193908396e-05,25001,0,3.5579676249763,0.0009265819017207,-89468.13719234162,0.9060772947745822
benchmark_suite,shifted,Mann,shifted|Mann,235,9.713388185012747e-05,25001,0,3.426220374996774,0.0009269145117547,-89464.34729498684,0.8617622222444307
benchmark_suite,shifted,Mann,shifted|Mann,236,9.35721688574054e-05,25001,0,3.4965210420195945,0.0008920309624152,-89869.94370473485,0.8902384815759325
benchmark_suite,shifted,Mann,shifted|Mann,237,9.780448177661738e-05,25001,0,3.6045969999977374,0.0009334964674958,-89389.64771356093,0.8633682410527957
benchmark_suite,shifted,Mann,shifted|Mann,238,0.0001057325686867,25001,0,3.513860874983948,0.0010116798266401,-88543.40371960425,0.952984089102672
benchmark_suite,shifted,Mann,shifted|Mann,239,0.0001044735830469,25001,0,3.417327874980401,0.0009992163332584,-88673.46018598127,0.8818921745492831
benchmark_suite,shifted,Mann,shifted|Mann,240,9.15640671582436e-05,25001,0,3.4283482500177342,0.00087241656835,-90105.48095020551,0.8553143301224048
benchmark_suite,shifted,Mann,shifted|Mann,241,0.0001037432026362,25001,0,3.42772924999008,0.0009919944791296,-88749.63073843595,0.8949358201879013
benchmark_suite,shifted,Mann,shifted|Mann,242,0.0001067705685244,25001,0,3.518846374994609,0.0010219701911062,-88437.33478556914,0.955063413263753
benchmark_suite,shifted,Mann,shifted|Mann,243,0.0001056725613807,25001,0,3.573371833015699,0.0010110853571501,-88549.56724127827,0.9558508633954684
benchmark_suite,shifted,Mann,shifted|Mann,244,0.0001049698230401,25001,0,3.45251004199963,0.0010041266437649,-88622.01123241454,0.9055506631323788
benchmark_suite,shifted,Mann,shifted|Mann,245,0.0001029596074597,25001,0,3.562276833981741,0.0009842533757066,-88831.9495480392,0.9081468816685248
benchmark_suite,shifted,Mann,shifted|Mann,246,0.0001032594519521,25001,0,3.4433216670004185,0.0009872146828076,-88800.37635765328,0.8906802892458503
benchmark_suite,shifted,Mann,shifted|Mann,247,0.000102598958533,25001,0,3.378851167013636,0.0009806929142087,-88870.04746845728,0.939895397021604
benchmark_suite,shifted,Mann,shifted|Mann,248,0.0001032994601803,25001,0,3.4086532500223257,0.0009876098951022,-88796.17040916282,0.9385568184471148
benchmark_suite,shifted,Mann,shifted|Mann,249,0.0001050160875514,25001,0,3.395765332999872,0.0010045845976038,-88617.22688471295,0.9680424238255004
benchmark_suite,shifted,Mann,shifted|Mann,250,0.0001054509053549,25001,0,3.504924500011839,0.0010088898048906,-88572.365274882,0.929885401753222
benchmark_suite,shifted,Mann,shifted|Mann,251,0.0001054136263349,25001,0,3.559911832999205,0.0010085206092299,-88576.2042207011,0.9569068858238402
benchmark_suite,shifted,Mann,shifted|Mann,252,0.0001018165954534,25001,0,3.3371020409977064,0.0009729742218701,-88953.15635769366,0.9144991735903578
benchmark_suite,shifted,Mann,shifted|Mann,253,0.0001051296237102,25001,0,3.516984209010843,0.0010057085213615,-88605.49506227809,0.9276430384035534
benchmark_suite,shifted,Mann,shifted|Mann,254,0.0001030793056946,25001,0,3.43191562499851,0.0009854354121357,-88819.33444610672,0.9145194994342218
benchmark_suite,shifted,Mann,shifted|Mann,255,9.752191733401184e-05,25001,0,3.3917303339985665,0.0009307225417619,-89421.06043291296,0.9092176770678748
benchmark_suite,shifted,Mann,shifted|Mann,256,0.000105691199937,25001,0,3.315397791011492,0.0010112700042178,-88547.65237735571,0.968745529427065
benchmark_suite,shifted,Mann,shifted|Mann,257,0.0001040131130277,25001,0,3.3579501250060275,0.0009946625609957,-88721.41987070639,0.9519293169059708
benchmark_suite,shifted,Mann,shifted|Mann,258,0.0001060901437661,25001,0,3.3873672080226243,0.0010152232115422,-88506.74736910634,0.955771075108638
benchmark_suite,shifted,Mann,shifted|Mann,259,0.0001015222246682,25001,0,3.493778041010956,0.0009700717854349,-88984.59215964956,0.9160384010293958
benchmark_suite,shifted,Mann,shifted|Mann,260,0.0001005280640942,25001,0,3.612186042009853,0.0009602766200271,-89091.43654883609,0.9341694179509642
benchmark_suite,shifted,Mann,shifted|Mann,261,0.000104228127356,25001,0,3.5568419579940382,0.0009967886183558,-88698.99888773252,0.9197942168089628
benchmark_suite,shifted,Mann,shifted|Mann,262,9.931987790516031e-05,25001,0,3.5169490420084912,0.0009483872037015,-89222.7139032619,0.9222818082003597
benchmark_suite,shifted,Mann,shifted|Mann,263,0.000100737538801,25001,0,3.37520491698524,0.0009623396165546,-89068.83621310249,0.8673698743253956
benchmark_suite,shifted,Mann,shifted|Mann,264,0.0001032858893478,25001,0,3.397550791996764,0.000987475838608,-88797.59686757156,0.9090778851758954
benchmark_suite,shifted,Mann,shifted|Mann,265,0.0001007968294741,25001,0,3.4085831249831244,0.0009629236230691,-89062.44784835879,0.8639987358571508
benchmark_suite,shifted,Mann,shifted|Mann,266,0.0001044460304192,25001,0,3.399891083012335,0.0009989437863489,-88676.32391769276,0.9072323551810084
benchmark_suite,shifted,Mann,shifted|Mann,267,9.988098842280613e-05,25001,0,3.578525749995606,0.0009539069914992,-89161.54801065198,0.8985880661555099
benchmark_suite,shifted,Mann,shifted|Mann,268,9.67761990703272e-05,25001,0,3.59131275000982,0.0009234057170184,-89504.40144401972,0.9145643823735166
benchmark_suite,shifted,Mann,shifted|Mann,269,0.0001036418192121,25001,0,3.5936442079837434,0.0009909925215199,-88760.24619333772,0.9056436583612149
benchmark_suite,shifted,Mann,shifted|Mann,270,0.0001057271125934,25001,0,3.4772749580151867,0.0010116257777996,-88543.96394045421,0.9512516652110816
benchmark_suite,shifted,Mann,shifted|Mann,271,0.0001038375803294,25001,0,3.4153218749852385,0.0009929273191161,-88739.75802636825,0.9521042233504272
benchmark_suite,shifted,Mann,shifted|Mann,272,0.0001016343636671,25001,0,3.4347919580177404,0.0009711773334386,-88972.60618529606,0.8949620552132711
benchmark_suite,shifted,Mann,shifted|Mann,273,0.0001062267650984,25001,0,3.4121183330134954,0.0010165774594172,-88492.77455792249,0.9479585896509308
benchmark_suite,shifted,Mann,shifted|Mann,274,8.879603577895805e-05,25001,0,3.3980735410004854,0.0008454385290242,-90438.76318727908,0.8801898906655384
benchmark_suite,shifted,Mann,shifted|Mann,275,0.0001024264415022,25001,0,3.528148332989076,0.0009789902948065,-88888.31895282448,0.9465237462931408
benchmark_suite,shifted,Mann,shifted|Mann,276,8.715218744632999e-05,25001,0,3.5519727079954464,0.0008294480572915,-90641.64194187244,0.8606090196495089
benchmark_suite,shifted,Mann,shifted|Mann,277,9.912314920749492e-05,25001,0,3.4315019169880543,0.0009464527284538,-89244.24084499199,0.8818063313624359
benchmark_suite,shifted,Mann,shifted|Mann,278,9.270577050145488e-05,25001,0,3.549251917022048,0.000883563776924,-89970.9403563797,0.8688163963597626
benchmark_suite,shifted,Mann,shifted|Mann,279,0.0001067737128975,25001,0,3.353143541986356,0.0010220013775832,-88437.01510611735,0.9529971912954416
benchmark_suite,shifted,Mann,shifted|Mann,280,0.0001009592830606,25001,0,3.3624252089939546,0.0009645239447211,-89044.96354929326,0.9383524180453262
benchmark_suite,shifted,Mann,shifted|Mann,281,0.000105960693477,25001,0,3.3837662500154693,0.0010139402548293,-88520.0034103159,0.9591376649017552
benchmark_suite,shifted,Mann,shifted|Mann,282,9.56533892329124e-05,25001,0,3.4424447909987066,0.0009123994725388,-89631.10501124046,0.8740759311399576
benchmark_suite,shifted,Mann,shifted|Mann,283,9.546080453346224e-05,25001,0,3.503999833017588,0.000910512936112,-89652.98647889798,0.8908612831987186
benchmark_suite,shifted,Mann,shifted|Mann,284,9.259497392427528e-05,25001,0,3.569497082993621,0.0008824814807008,-89983.92398225138,0.8557205388630508
benchmark_suite,shifted,Mann,shifted|Mann,285,0.0001043193078389,25001,0,3.417696624994278,0.0009976903565858,-88689.50503110583,0.8816834586594389
benchmark_suite,shifted,Mann,shifted|Mann,286,0.0001051271229503,25001,0,3.534668750013225,0.0010056837471251,-88605.75350826824,0.9435013689128956
benchmark_suite,shifted,Mann,shifted|Mann,287,0.0001014493006789,25001,0,3.4016512910020538,0.0009693529013014,-88992.39397618629,0.9367164214791336
benchmark_suite,shifted,Mann,shifted|Mann,288,9.660730677087971e-05,25001,0,3.410858791990904,0.0009217493619374,-89523.36591270947,0.8960161601554059
benchmark_suite,shifted,Mann,shifted|Mann,289,8.753445115389059e-05,25001,0,3.4352822919900063,0.0008331645092094,-90594.12476933228,0.864805763491887
benchmark_suite,shifted,Mann,shifted|Mann,290,0.0001006773773274,25001,0,3.4178612920222804,0.0009617470631579,-89075.32234498087,0.8768070524795241
benchmark_suite,shifted,Mann,shifted|Mann,291,0.0001046312873239,25001,0,3.5778242090018466,0.0010007765005673,-88657.08338194419,0.9097423394744562
benchmark_suite,shifted,Mann,shifted|Mann,292,0.0001023880656322,25001,0,3.5642877500213217,0.0009786115910278,-88892.38765161528,0.9362427740613132
benchmark_suite,shifted,Mann,shifted|Mann,293,0.0001043008435161,25001,0,3.4466044169967063,0.0009975077442098,-88691.42689226424,0.9517208996714518
benchmark_suite,shifted,Mann,shifted|Mann,294,0.0001009202128796,25001,0,3.449603125016438,0.0009641390520773,-89049.16583081809,0.9160626066111898
benchmark_suite,shifted,Mann,shifted|Mann,295,0.0001026661954905,25001,0,3.4000722079945263,0.0009813565966471,-88862.9345326218,0.8610905469180051
benchmark_suite,shifted,Mann,shifted|Mann,296,0.0001000998365831,25001,0,3.5278267500107177,0.0009560607616725,-89137.7848652683,0.9114571034837124
benchmark_suite,shifted,Mann,shifted|Mann,297,0.0001042860871635,25001,0,3.4153774160076864,0.0009973618022381,-88692.96309996843,0.8856568739538844
benchmark_suite,shifted,Mann,shifted|Mann,298,0.0001033406712201,25001,0,3.3919485410151538,0.0009880169895341,-88791.83991766634,0.9262463233580984
benchmark_suite,shifted,Mann,shifted|Mann,299,9.737572385786382e-05,25001,0,3.5620555830246303,0.0009292876606242,-89437.34880143631,0.8981196002386275
benchmark_suite,shifted,Mann,shifted|Mann,300,0.0001009399577388,25001,0,3.557280917011667,0.0009643335616414,-89047.04193712561,0.918775513331782
benchmark_suite,shifted,Mann,shifted|Mann,301,0.0001005652266131,25001,0,3.4868305409909226,0.000960642570509,-89087.42370871443,0.8769132774537132
benchmark_suite,shifted,Mann,shifted|Mann,302,0.0001020840848028,25001,0,3.407014833006542,0.0009756124632421,-88924.6698320786,0.9357731101390676
benchmark_suite,shifted,Mann,shifted|Mann,303,0.0001041458220524,25001,0,3.482425833004527,0.0009959747254111,-88707.57589559662,0.9021180599486452
benchmark_suite,shifted,Mann,shifted|Mann,304,0.0001054589402782,25001,0,3.633478584000841,0.0010089693820083,-88571.53802163438,0.9582270578687312
benchmark_suite,shifted,Mann,shifted|Mann,305,0.000102289383215,25001,0,3.47461612499319,0.0009776378669288,-88902.85692723142,0.934118863749336
benchmark_suite,shifted,Mann,shifted|Mann,306,0.0001044949939157,25001,0,3.444350208999822,0.0009994281236852,-88671.2354271554,0.8886180259776418
benchmark_suite,shifted,Mann,shifted|Mann,307,0.0001028265119815,25001,0,3.548127709014807,0.0009829392281757,-88845.99387701665,0.93201559986536
benchmark_suite,shifted,Mann,shifted|Mann,308,0.0001005641380799,25001,0,3.5847033330064733,0.0009606318689878,-89087.54103262341,0.9174567677949944
benchmark_suite,shifted,Mann,shifted|Mann,309,0.0001016623769053,25001,0,3.414842791011324,0.0009714535381479,-88969.61396998297,0.8607857124719103
benchmark_suite,shifted,Mann,shifted|Mann,310,0.0001060657074972,25001,0,3.3987058329803403,0.0010149810097171,-88509.2484962771,0.9649986124951824
benchmark_suite,shifted,Mann,shifted|Mann,311,0.0001052371719037,25001,0,3.40456812499906,0.0010067733115444,-88594.39366587877,0.9191849023896956
benchmark_suite,shifted,Mann,shifted|Mann,312,0.0001000284728214,25001,0,3.571555125003215,0.0009553583858507,-89145.52803525394,0.8957131796909027
benchmark_suite,shifted,Mann,shifted|Mann,313,0.0001001104236418,25001,0,3.396544624993112,0.0009561649736334,-89136.63652739814,0.9076415681245742
benchmark_suite,shifted,Mann,shifted|Mann,314,0.0001009575785514,25001,0,3.399098124995362,0.0009645071635035,-89045.14672981645,0.93655220560331
benchmark_suite,shifted,Mann,shifted|Mann,315,0.0001042546087671,25001,0,3.615815291996114,0.0009970504982539,-88696.2407502248,0.9561959994616392
benchmark_suite,shifted,Mann,shifted|Mann,316,8.314138372540655e-05,25001,0,3.572457750007743,0.0007905243243149,-91153.15893326871,0.8599054583836528
benchmark_suite,shifted,Mann,shifted|Mann,317,8.870041583137155e-05,25001,0,3.4885981249972247,0.0008445077670724,-90450.46108363928,0.8777305498322052
benchmark_suite,shifted,Mann,shifted|Mann,318,0.0001017148438211,25001,0,3.347281499998644,0.0009719708613867,-88964.01211149018,0.9424980915319364
benchmark_suite,shifted,Mann,shifted|Mann,319,0.0001064270329114,25001,0,3.4261494999809656,0.0010185630220423,-88472.32472892251,0.9541574938211348
benchmark_suite,shifted,Mann,shifted|Mann,320,0.0001015088230993,25001,0,3.5243661670247093,0.0009699396752984,-88986.0254394792,0.9350109775555342
benchmark_suite,shifted,Mann,shifted|Mann,321,0.0001051292245219,25001,0,3.4006397089979146,0.0010057045543388,-88605.53644643852,0.9593270928667272
benchmark_suite,shifted,Mann,shifted|Mann,322,0.0001038533860599,25001,0,3.411507500015432,0.0009930835407428,-88738.10564047872,0.909022211235106
benchmark_suite,shifted,Mann,shifted|Mann,323,0.000106086328194,25001,0,3.5282429170038085,0.0010151853811153,-88507.1379866931,0.9508163090640684
benchmark_suite,shifted,Mann,shifted|Mann,324,0.0001050036288467,25001,0,3.5442919580091257,0.0010044612764411,-88618.51501435778,0.9237722185281704
benchmark_suite,shifted,Mann,shifted|Mann,325,0.0001014344666062,25001,0,3.4469097499968484,0.0009692066963064,-88993.98145697825,0.8978244026162051
benchmark_suite,shifted,Mann,shifted|Mann,326,0.0001054936522809,25001,0,3.4153985000157263,0.0010093131722115,-88567.96493113952,0.9150122523028534
benchmark_suite,shifted,Mann,shifted|Mann,327,9.619099711530852e-05,25001,0,3.4176001669839025,0.000917667772275,-89570.25402136616,0.8797640373157115
benchmark_suite,shifted,Mann,shifted|Mann,328,9.368435054234848e-05,25001,0,3.5555577090126462,0.0008931278126441,-89856.93499906783,0.8984492484792456
benchmark_suite,shifted,Mann,shifted|Mann,329,0.000103047523301,25001,0,3.3693230420176405,0.0009851215345029,-88822.68265670621,0.8847310843453117
benchmark_suite,shifted,Mann,shifted|Mann,330,0.0001041701715364,25001,0,3.404588415985927,0.0009962154818177,-88705.03795074947,0.9610573033120068
benchmark_suite,shifted,Mann,shifted|Mann,331,0.0001026223811537,25001,0,3.5542739999946207,0.0009809241078877,-88867.56908708136,0.8937013382070484
benchmark_suite,shifted,Mann,shifted|Mann,332,0.0001061940595876,25001,0,3.530243415996665,0.0010162532489166,-88496.11783275666,0.9424941184435996
benchmark_suite,shifted,Mann,shifted|Mann,333,0.0001029752935085,25001,0,3.364181124983588,0.0009844082669646,-88830.29555972204,0.950387438866698
benchmark_suite,shifted,Mann,shifted|Mann,334,0.0001019561187226,25001,0,3.3954147920012474,0.0009743502409719,-88938.28832442594,0.9004566813225491
benchmark_suite,shifted,Mann,shifted|Mann,335,0.0001036303908984,25001,0,3.340928541001631,0.0009908795757473,-88761.44355271304,0.9077119204920971
benchmark_suite,shifted,Mann,shifted|Mann,336,9.20095869123242e-05,25001,0,3.481798875000095,0.0008767650758907,-90052.78136468133,0.8919421248929771
benchmark_suite,shifted,Mann,shifted|Mann,337,0.0001046076607423,25001,0,3.58952066701022,0.001000542748933,-88659.53526199455,0.8874992719945809
benchmark_suite,shifted,Mann,shifted|Mann,338,0.0001052036838643,25001,0,3.4073072080209386,0.0010064417402938,-88597.8492227619,0.9645397540368554
benchmark_suite,shifted,Mann,shifted|Mann,339,0.0001064077678492,25001,0,3.5254208330006804,0.0010183720018661,-88474.29019998107,0.9587039901548302
benchmark_suite,shifted,Mann,shifted|Mann,340,9.893571405444936e-05,25001,0,3.572101541009033,0.0009446100235927,-89264.79057138621,0.919105386922876
benchmark_suite,shifted,Mann,shifted|Mann,341,0.0001008402941912,25001,0,3.379278666980099,0.0009633517627992,-89057.76714230198,0.9111861741173798
benchmark_suite,shifted,Mann,shifted|Mann,342,0.0001007035665156,25001,0,3.4514738339930773,0.0009620049985063,-89072.49843617804,0.9085535141214292
benchmark_suite,shifted,Mann,shifted|Mann,343,8.878916882756226e-05,25001,0,3.398060917010298,0.000845371676287,-90439.60294616192,0.8629474707484688
benchmark_suite,shifted,Mann,shifted|Mann,344,9.812157460866446e-05,25001,0,3.427740915998584,0.0009366103477012,-89354.50418828809,0.9013477582156708
benchmark_suite,shifted,Mann,shifted|Mann,345,9.87919499007261e-05,25001,0,3.3385643750079907,0.0009431969103934,-89280.57871059011,0.899652890790152
benchmark_suite,shifted,Mann,shifted|Mann,346,0.000105111996732,25001,0,3.5582111670228187,0.0010055340124555,-88607.31569647833,0.925442636626338
benchmark_suite,shifted,Mann,shifted|Mann,347,0.0001048358929396,25001,0,3.4826011669938453,0.0010028011119466,-88635.87277149361,0.9241490124267946
benchmark_suite,shifted,Mann,shifted|Mann,348,0.0001053168512273,25001,0,3.600131249986589,0.0010075622664495,-88586.1763523098,0.9275292763918566
benchmark_suite,shifted,Mann,shifted|Mann,349,0.000104158937628,25001,0,3.34625587501796,0.000996104408121,-88706.20875656095,0.9203215287507212
benchmark_suite,shifted,Mann,shifted|Mann,350,9.554106066764276e-05,25001,0,3.431512042006944,0.0009112990826032,-89643.86228925476,0.9054165907311522
benchmark_suite,shifted,Mann,shifted|Mann,351,0.0001004694855831,25001,0,3.341435915994225,0.0009596997993405,-89097.765042142,0.9122423842976148
benchmark_suite,shifted,Mann,shifted|Mann,352,0.0001046270811131,25001,0,3.3897878330026288,0.0010007348831575,-88657.51987267059,0.9198994554184052
benchmark_suite,shifted,Mann,shifted|Mann,353,8.803186830761064e-05,25001,0,3.3466752500098664,0.0008380023148526,-90532.60318809398,0.8597501092716772
benchmark_suite,shifted,Mann,shifted|Mann,354,9.568109744731266e-05,25001,0,3.535427124996204,0.0009126709442637,-89627.96024987205,0.8734316987825951
benchmark_suite,shifted,Mann,shifted|Mann,355,0.0001055826000393,25001,0,3.545711166021647,0.0010101941920024,-88558.8143458018,0.9335789764484224
benchmark_suite,shifted,Mann,shifted|Mann,356,0.0001035632053261,25001,0,3.5461595419910736,0.0009902156521512,-88768.4849259663,0.8999367576700784
benchmark_suite,shifted,Mann,shifted|Mann,357,0.0001026968613228,25001,0,3.394811041012872,0.0009816592956534,-88859.69212215429,0.8856236506882365
benchmark_suite,shifted,Mann,shifted|Mann,358,0.0001015283878774,25001,0,3.398560625006212,0.000970132536373,-88983.93313529089,0.9169389769224168
benchmark_suite,shifted,Mann,shifted|Mann,359,0.0001039260695775,25001,0,3.411553374986397,0.0009938020451464,-88730.50951257223,0.9263152354894344
benchmark_suite,shifted,Mann,shifted|Mann,360,0.0001037358203781,25001,0,3.3744439589791,0.0009919215196864,-88750.40333015082,0.9565127916346896
benchmark_suite,shifted,Mann,shifted|Mann,361,0.0001033289452835,25001,0,3.341411499975948,0.0009879011693754,-88793.07176407959,0.9100406651283194
benchmark_suite,shifted,Mann,shifted|Mann,362,0.0001054155094511,25001,0,3.522134166996693,0.0010085392570019,-88576.01028129469,0.9227050350084398
benchmark_suite,shifted,Mann,shifted|Mann,363,0.0001040015248229,25001,0,3.498090750013944,0.0009945479847845,-88722.62964724464,0.959190130436487
benchmark_suite,shifted,Mann,shifted|Mann,364,0.0001061029290137,25001,0,3.604718167014653,0.0010153499393907,-88505.43895767818,0.9337958843906627
benchmark_suite,shifted,Mann,shifted|Mann,365,0.0001029359682061,25001,0,3.2991463750076946,0.0009840199475363,-88834.44271585142,0.9427882169542644
benchmark_suite,shifted,Mann,shifted|Mann,366,0.000105510750411,25001,0,3.40300908399513,0.0010094825243314,-88566.20530304947,0.9254215879457371
benchmark_suite,shifted,Mann,shifted|Mann,367,0.0001063129670721,25001,0,3.519402584002819,0.0010174320530878,-88483.96752667407,0.961496027009606
benchmark_suite,shifted,Mann,shifted|Mann,368,0.0001045160838481,25001,0,3.392380459001288,0.0009996367593623,-88669.04430886515,0.9228475334721864
benchmark_suite,shifted,Mann,shifted|Mann,369,9.562146075509666e-05,25001,0,3.3734645420045126,0.0009120866831194,-89634.7296381339,0.8977182122259023
benchmark_suite,shifted,Mann,shifted|Mann,370,0.0001032192475165,25001,0,3.5804852499859408,0.0009868175683493,-88804.60438842302,0.9490522023274184
benchmark_suite,shifted,Mann,shifted|Mann,371,0.0001061867243432,25001,0,3.5052361669950187,0.0010161805289047,-88496.86788568977,0.9561590774610956
benchmark_suite,shifted,Mann,shifted|Mann,372,0.0001017969442859,25001,0,3.4282060420082416,0.000972780436952,-88955.25205029677,0.9287513755601776
benchmark_suite,shifted,Mann,shifted|Mann,373,9.717361521614612e-05,25001,0,3.336013166990597,0.0009273043837751,-89459.90678164059,0.9157964086167286
benchmark_suite,shifted,Mann,shifted|Mann,374,0.0001053525627012,25001,0,3.544869125005789,0.0010079158993028,-88582.49538669482,0.9189305158286312
benchmark_suite,shifted,Mann,shifted|Mann,375,0.0001041577502162,25001,0,3.385236750007607,0.0009960926713805,-88706.33247981482,0.9601090614084672
benchmark_suite,shifted,Mann,shifted|Mann,376,0.0001041420802289,25001,0,3.401191666984232,0.000995937713428,-88707.96611834891,0.9323668938491853
benchmark_suite,shifted,Mann,shifted|Mann,377,0.0001030077297843,25001,0,3.3846512909804005,0.0009847285755121,-88826.87607739624,0.8959261225018534
benchmark_suite,shifted,Mann,shifted|Mann,378,9.644556915289986e-05,25001,0,3.4690876250097062,0.000920163459855,-89541.55789274749,0.8689203850729638
benchmark_suite,shifted,Mann,shifted|Mann,379,0.0001017740734897,25001,0,3.500953417009441,0.0009725549092284,-88957.69159481672,0.9204382418810352
benchmark_suite,shifted,Mann,shifted|Mann,380,0.0001015959333885,25001,0,3.3672086670121644,0.0009707984496047,-88976.71225282509,0.8566277735586545
benchmark_suite,shifted,Mann,shifted|Mann,381,0.0001049097625432,25001,0,3.417257458990207,0.0010035321988481,-88628.22507913204,0.9635472436014432
benchmark_suite,shifted,Mann,shifted|Mann,382,0.000104445333113,25001,0,3.410187000001315,0.000998936889355,-88676.39639794121,0.914736391470342
benchmark_suite,shifted,Mann,shifted|Mann,383,0.0001066084996056,25001,0,3.517802667018259,0.0010203626233555,-88453.82778569916,0.947576397827714
benchmark_suite,shifted,Mann,shifted|Mann,384,0.0001063183158263,25001,0,3.3427400419896003,0.0010174850864267,-88483.42125699227,0.965651933872234
benchmark_suite,shifted,Mann,shifted|Mann,385,0.0001044569337282,25001,0,3.373153332999209,0.0009990516306667,-88675.1906636903,0.9215528631975838
benchmark_suite,shifted,Mann,shifted|Mann,386,0.0001037464323426,25001,0,3.586252625013003,0.0009920263979444,-88749.29275885556,0.8967217662991704
benchmark_suite,shifted,Mann,shifted|Mann,387,0.0001026775970443,25001,0,3.536266082985094,0.0009814691448886,-88861.72882690225,0.8967788222327033
benchmark_suite,shifted,Mann,shifted|Mann,388,0.0001064462068758,25001,0,3.3756525840144604,0.0010187531493272,-88470.36884520897,0.9533712978277592
benchmark_suite,shifted,Mann,shifted|Mann,389,0.0001056421666122,25001,0,3.4103600840026047,0.0010107842490142,-88552.6906717018,0.9154483052446432
benchmark_suite,shifted,Mann,shifted|Mann,390,0.0001053886813503,25001,0,3.445188292011153,0.0010082735704771,-88578.77381766724,0.9613162089370932
benchmark_suite,shifted,Mann,shifted|Mann,391,0.0001072328952611,25001,0,3.594242624996696,0.0010265578484045,-88390.42299389122,0.962624654552162
benchmark_suite,shifted,Mann,shifted|Mann,392,0.0001039135357426,25001,0,3.4145220000064,0.0009936781289434,-88731.81914590813,0.902557133999442
benchmark_suite,shifted,Mann,shifted|Mann,393,0.0001016403474923,25001,0,3.4047533750126604,0.0009712363377595,-88971.96689601021,0.8865590044181505
benchmark_suite,shifted,Mann,shifted|Mann,394,8.828289245710327e-05,25001,0,3.548328542005038,0.0008404445266845,-90501.68776553572,0.8617639964610904
benchmark_suite,shifted,Mann,shifted|Mann,395,0.0001058778790023,25001,0,3.3800437910249457,0.0010131195912063,-88528.49245784574,0.9287447064572356
benchmark_suite,shifted,Mann,shifted|Mann,396,0.0001009429361823,25001,0,3.540985375002492,0.000964362908626,-89046.72153105887,0.8781507916553123
benchmark_suite,shifted,Mann,shifted|Mann,397,0.0001052644436241,25001,0,3.468995207978878,0.0010070433396888,-88591.58041358167,0.9459522773479409
benchmark_suite,shifted,Mann,shifted|Mann,398,9.7280256166382e-05,25001,0,3.3967029159830417,0.0009283507959233,-89447.99836177847,0.9075901808690952
benchmark_suite,shifted,Mann,shifted|Mann,399,0.0001028445565881,25001,0,3.552962791989557,0.0009831173791709,-88844.08878096874,0.9363583845055492
benchmark_suite,shifted,Mann,shifted|Mann,400,0.0001052581975114,25001,0,3.3498755829932634,0.0010069814978632,-88592.22463139724,0.9248192294600548
benchmark_suite,shifted,Mann,shifted|Mann,401,9.777531554385928e-05,25001,0,3.38234179202118,0.0009332101114907,-89392.88585957745,0.8983705179745877
benchmark_suite,shifted,Mann,shifted|Mann,402,0.0001063044118477,25001,0,3.52994012500858,0.0010173472462971,-88484.8411434675,0.9547319696592343
benchmark_suite,shifted,Mann,shifted|Mann,403,0.0001068777099367,25001,0,3.4359105000039563,0.0010230331185733,-88426.44516327261,0.9627245138554564
benchmark_suite,shifted,Mann,shifted|Mann,404,0.0001037378345517,25001,0,3.5376402080000844,0.0009919414201318,-88750.19259108484,0.9062573169780572
benchmark_suite,shifted,Mann,shifted|Mann,405,8.946420404053541e-05,25001,0,3.401446499978192,0.0008519445913235,-90357.37155034274,0.8774011447903564
benchmark_suite,shifted,Mann,shifted|Mann,406,0.0001033236437865,25001,0,3.3888020000013057,0.0009878487790501,-88793.62903221553,0.8627166331075964
benchmark_suite,shifted,Mann,shifted|Mann,407,0.0001036229256051,25001,0,3.5546719999983907,0.0009908058046715,-88762.22569329076,0.883434952450571
benchmark_suite,shifted,Mann,shifted|Mann,408,9.691351406917378e-05,25001,0,3.462944333004998,0.0009247525978798,-89489.00709627087,0.8784935996793684
benchmark_suite,shifted,Mann,shifted|Mann,409,0.0001029905006996,25001,0,3.430945416999748,0.0009845584370128,-88828.69225644523,0.8948706356493878
benchmark_suite,shifted,Mann,shifted|Mann,410,0.0001057323313798,25001,0,3.566493417019956,0.0010116774756502,-88543.42808582357,0.9559291154234576
benchmark_suite,shifted,Mann,shifted|Mann,411,0.0001068323638538,25001,0,3.382168750016717,0.0010225832229657,-88431.05280133613,0.958408500516716
benchmark_suite,shifted,Mann,shifted|Mann,412,9.959331289289792e-05,25001,0,3.593604458001209,0.0009510766259473,-89192.86417255823,0.911834655932082
benchmark_suite,shifted,Mann,shifted|Mann,413,0.0001053342183686,25001,0,3.3911598339909688,0.0010077342502683,-88584.38599600145,0.910200440878146
benchmark_suite,shifted,Mann,shifted|Mann,414,0.0001032874264475,25001,0,3.45993866599747,0.0009874910153118,-88797.43536569133,0.917355751710782
benchmark_suite,shifted,Mann,shifted|Mann,415,0.0001023697974038,25001,0,3.3917598749976605,0.0009784313343328,-88894.32488359956,0.9387228604683844
benchmark_suite,shifted,Mann,shifted|Mann,416,0.0001055073305857,25001,0,3.345477791997837,0.0010094486474375,-88566.55727065292,0.9104559443793064
benchmark_suite,shifted,Mann,shifted|Mann,417,9.458467431107075e-05,25001,0,3.550986999995075,0.0009019349876238,-89753.09315050863,0.9037310060347165
benchmark_suite,shifted,Mann,shifted|Mann,418,0.0001068395072115,25001,0,3.5519818750035483,0.0010226540948962,-88430.3268151058,0.9687953010276136
benchmark_suite,shifted,Mann,shifted|Mann,419,0.0001019716651714,25001,0,3.3288886250229552,0.0009745035662438,-88936.6330346,0.9445385802603556
benchmark_suite,shifted,Mann,shifted|Mann,420,0.0001050200434941,25001,0,3.4155802089953795,0.0010046237487598,-88616.81797341982,0.963566974093137
benchmark_suite,shifted,Mann,shifted|Mann,421,0.0001031373556535,25001,0,3.545957416004967,0.0009860087249071,-88813.22176034868,0.8773079018016781
benchmark_suite,shifted,Mann,shifted|Mann,422,0.0001031106454473,25001,0,3.45955108301132,0.0009857449278783,-88816.03389693862,0.9336320480708252
benchmark_suite,shifted,Mann,shifted|Mann,423,0.0001016609768635,25001,0,3.388063874997897,0.0009714397307576,-88969.76352798061,0.9172784982753098
benchmark_suite,shifted,Mann,shifted|Mann,424,9.40996164993242e-05,25001,0,3.3962924999941606,0.000897189077412,-89808.91557789044,0.8831793416142709
benchmark_suite,shifted,Mann,shifted|Mann,425,0.0001037155330512,25001,0,3.541721499990672,0.0009917210160545,-88752.52684592498,0.8741930923726409
benchmark_suite,shifted,Mann,shifted|Mann,426,9.743035561230484e-05,25001,0,3.573116540996125,0.000929823847243,-89431.25901285774,0.8722315919271623
benchmark_suite,shifted,Mann,shifted|Mann,427,0.0001060276017242,25001,0,3.3323866249993443,0.0010146033274774,-88513.14998210114,0.9657921221710932
benchmark_suite,shifted,Mann,shifted|Mann,428,0.0001018599127726,25001,0,3.3499545410159044,0.0009734014060093,-88948.53815557816,0.9233464796432146
benchmark_suite,shifted,Mann,shifted|Mann,429,9.538297643964454e-05,25001,0,3.467384707997553,0.0009097506329992,-89661.84196174967,0.858661984800485
benchmark_suite,shifted,Mann,shifted|Mann,430,0.000102298740887,25001,0,3.5368746669846587,0.0009777301885468,-88901.86382003973,0.9366839898226844
benchmark_suite,shifted,Mann,shifted|Mann,431,0.0001066927906836,25001,0,3.378289416985353,0.0010211986750835,-88445.24668495994,0.9512092801096972
benchmark_suite,shifted,Mann,shifted|Mann,432,0.000101499108207,25001,0,3.3798562919837423,0.0009698438943791,-88987.06471134993,0.9222062456882236
benchmark_suite,shifted,Mann,shifted|Mann,433,0.0001042652105223,25001,0,3.5349344999995083,0.0009971553486704,-88695.13667959333,0.9233925809786808
benchmark_suite,shifted,Mann,shifted|Mann,434,0.0001054057649095,25001,0,3.539386332995491,0.0010084427639233,-88577.01386219697,0.9315725798026502
benchmark_suite,shifted,Mann,shifted|Mann,435,9.683004315084931e-05,25001,0,3.3436139159894083,0.0009239338292317,-89498.36245753296,0.9008010542179692
benchmark_suite,shifted,Mann,shifted|Mann,436,0.0001039265567128,25001,0,3.425275708985282,0.0009938068544684,-88730.458688149,0.9033525452167968
benchmark_suite,shifted,Mann,shifted|Mann,437,0.0001059463590311,25001,0,3.441580957995029,0.0010137981920227,-88521.47238918528,0.94535679874069
benchmark_suite,shifted,Mann,shifted|Mann,438,0.0001008885822547,25001,0,3.573507958004484,0.0009638274454016,-89052.56929711839,0.933326697906368
benchmark_suite,shifted,Mann,shifted|Mann,439,9.7457729495457e-05,25001,0,3.427198666991899,0.0009300925222096,-89428.20892505159,0.9182678516923828
benchmark_suite,shifted,Mann,shifted|Mann,440,8.371420103893229e-05,25001,0,3.3934967090026475,0.0007960757078396,-91078.61321744524,0.8611709904864872
benchmark_suite,shifted,Mann,shifted|Mann,441,0.0001049095699388,25001,0,3.581097958027385,0.0010035302846725,-88628.24509517523,0.917401832171188
benchmark_suite,shifted,Mann,shifted|Mann,442,0.0001052605031949,25001,0,3.488611792010488,0.0010070043113404,-88591.98697502783,0.9459000065386524
benchmark_suite,shifted,Mann,shifted|Mann,443,0.0001050709373299,25001,0,3.3486886660102755,0.0010051275448472,-88611.55766833203,0.9050062396113856
benchmark_suite,shifted,Mann,shifted|Mann,444,8.854416932513976e-05,25001,0,3.398107124987291,0.0008429870371306,-90469.60299924084,0.8668508654690884
benchmark_suite,shifted,Mann,shifted|Mann,445,9.578893639926576e-05,25001,0,3.495960500004003,0.0009137274978235,-89615.73050128699,0.856272821423038
benchmark_suite,shifted,Mann,shifted|Mann,446,0.0001027455194822,25001,0,3.4409574999881443,0.0009821396520019,-88854.5489287537,0.9391646202174864
benchmark_suite,shifted,Mann,shifted|Mann,447,0.0001028184073962,25001,0,3.4449169999861624,0.0009828592126226,-88846.84966250879,0.9325039120114046
benchmark_suite,shifted,Mann,shifted|Mann,448,0.0001037801467011,25001,0,3.541548957990017,0.0009923596108343,-88745.76516613513,0.8665166973728599
benchmark_suite,shifted,Mann,shifted|Mann,449,8.841076056229469e-05,25001,0,3.696387250005501,0.0008416887575095,-90485.97366193788,0.8731855509968025
benchmark_suite,shifted,Mann,shifted|Mann,450,9.694155155075036e-05,25001,0,3.576110708003398,0.0009250276427568,-89485.86638449921,0.8588069963776943
benchmark_suite,shifted,Mann,shifted|Mann,451,0.0001004550616303,25001,0,3.7112418340111617,0.0009595577782795,-89099.3238315201,0.8758015515092948
benchmark_suite,shifted,Mann,shifted|Mann,452,8.292124668769076e-05,25001,0,3.588307583006099,0.0007883915469501,-91181.9440561169,0.8574938328901448
benchmark_suite,shifted,Mann,shifted|Mann,453,0.0001044910754703,25001,0,3.5715615839872044,0.0009993893725992,-88671.64245091543,0.9056389792081138
benchmark_suite,shifted,Mann,shifted|Mann,454,0.0001050860335378,25001,0,3.514621874986915,0.0010052769917475,-88609.99779558979,0.9110726539786372
benchmark_suite,shifted,Mann,shifted|Mann,455,0.0001066655240236,25001,0,3.540634165983647,0.0010209282045469,-88448.02190956881,0.9696846193038388
benchmark_suite,shifted,Mann,shifted|Mann,456,0.0001021096870438,25001,0,3.6497051670157816,0.0009758650096688,-88921.94732124518,0.9057070767054892
benchmark_suite,shifted,Mann,shifted|Mann,457,0.0001057666303531,25001,0,3.7225690410123207,0.0010120173111067,-88539.90640398784,0.951405574921894
benchmark_suite,shifted,Mann,shifted|Mann,458,9.810052461607694e-05,25001,0,3.512048416014295,0.0009364035981988,-89356.8336969805,0.8898996338734422
benchmark_suite,shifted,Mann,shifted|Mann,459,9.45564898230906e-05,25001,0,3.671494499983965,0.0009016591584746,-89756.32894896135,0.8988301030103131
benchmark_suite,shifted,Mann,shifted|Mann,460,0.0001067447528817,25001,0,3.614925291010877,0.0010217141049487,-88439.9602258638,0.9501736626991278
benchmark_suite,shifted,Mann,shifted|Mann,461,9.65658526856326e-05,25001,0,3.549927584012039,0.0009213428605525,-89528.02572430817,0.9071636579158692
benchmark_suite,shifted,Mann,shifted|Mann,462,9.570797403577188e-05,25001,0,3.512730999995256,0.0009129342611782,-89624.91090889236,0.904958807187481
benchmark_suite,shifted,Mann,shifted|Mann,463,9.141001919024124e-05,25001,0,3.5321878749819007,0.0008709134099483,-90123.76244564922,0.8874004227115955
benchmark_suite,shifted,Mann,shifted|Mann,464,0.0001013270545939,25001,0,3.654389584000455,0.0009681479634878,-89005.4848023838,0.9083743076412916
benchmark_suite,shifted,Mann,shifted|Mann,465,8.829417469338089e-05,25001,0,3.654418749996694,0.0008405542876993,-90500.3005461106,0.872982751570853
benchmark_suite,shifted,Mann,shifted|Mann,466,0.0001037679825484,25001,0,3.360811292019207,0.0009922393981126,-88747.03766216975,0.8898337924057537
benchmark_suite,shifted,Mann,shifted|Mann,467,0.0001031843363421,25001,0,3.529407084017293,0.0009864727313378,-88808.27732569311,0.9256377112904044
benchmark_suite,shifted,Mann,shifted|Mann,468,0.0001045357973653,25001,0,3.4517616249795537,0.0009998317818868,-88666.99660853813,0.9593195396094204
benchmark_suite,shifted,Mann,shifted|Mann,469,0.0001062260188627,25001,0,3.441432999999961,0.0010165700645206,-88492.85080142494,0.96686390803187
benchmark_suite,shifted,Mann,shifted|Mann,470,9.855003240500604e-05,25001,0,3.4036071250156965,0.0009408194726614,-89307.19824618312,0.8670474149083179
benchmark_suite,shifted,Mann,shifted|Mann,471,9.86169542503186e-05,25001,0,3.3303308750037104,0.0009414770788207,-89299.82798907899,0.8550594548272963
benchmark_suite,shifted,Mann,shifted|Mann,472,0.0001016632025059,25001,0,3.538043207983719,0.0009714616825317,-88969.52575350681,0.9100084346433832
benchmark_suite,shifted,Mann,shifted|Mann,473,9.690698861882084e-05,25001,0,3.721653915999923,0.0009246885919718,-89489.73811738758,0.9020287668232048
benchmark_suite,shifted,Mann,shifted|Mann,474,9.572865479746256e-05,25001,0,3.662907083984464,0.0009131368730476,-89622.56520074893,0.8982719148009051
benchmark_suite,shifted,Mann,shifted|Mann,475,0.0001060200559986,25001,0,3.809216082998319,0.0010145285606791,-88513.92251664246,0.9316622606209988
benchmark_suite,shifted,Mann,shifted|Mann,476,0.0001051653713138,25001,0,3.695883792010136,0.0010060624297611,-88601.80382855279,0.9044749170313826
benchmark_suite,shifted,Mann,shifted|Mann,477,0.0001007545052214,25001,0,3.7142731249914505,0.0009625067158612,-89067.00791054619,0.931353014411376
benchmark_suite,shifted,Mann,shifted|Mann,478,0.0001014219444962,25001,0,3.7041832910035737,0.0009690832471321,-88995.32205787946,0.893654529192653
benchmark_suite,shifted,Mann,shifted|Mann,479,0.0001047831134009,25001,0,3.8206935419875663,0.0010022788086595,-88641.3401570457,0.9206202342023664
benchmark_suite,shifted,Mann,shifted|Mann,480,0.0001009677589923,25001,0,3.7384703750140034,0.0009646074604853,-89044.05195699833,0.9257699177148084
benchmark_suite,shifted,Mann,shifted|Mann,481,0.0001006065556607,25001,0,3.7300058330001775,0.000961049581859,-89082.96254690019,0.931878638083045
benchmark_suite,shifted,Mann,shifted|Mann,482,9.373761367708932e-05,25001,0,3.537743249995401,0.0008936486316592,-89850.76399983847,0.8786988744991389
benchmark_suite,shifted,Mann,shifted|Mann,483,0.0001042828273269,25001,0,3.6980885000084527,0.0009973295599835,-88693.30251959088,0.8906032373788654
benchmark_suite,shifted,Mann,shifted|Mann,484,0.0001070349588613,25001,0,3.597785166988615,0.0010245933946828,-88410.4826514096,0.96022220393808
benchmark_suite,shifted,Mann,shifted|Mann,485,0.0001004566066792,25001,0,3.67657770801452,0.0009595730033866,-89099.15671278306,0.8983609326920516
benchmark_suite,shifted,Mann,shifted|Mann,486,0.0001054571379482,25001,0,3.569256916991435,0.001008951529802,-88571.72360079392,0.969017155344974
benchmark_suite,shifted,Mann,shifted|Mann,487,9.88803960007326e-05,25001,0,3.616145000007237,0.0009440662500171,-89270.86292816282,0.8806980807606213
benchmark_suite,shifted,Mann,shifted|Mann,488,0.000103465444143,25001,0,3.702982541988604,0.0009892496968669,-88778.73871492915,0.8554801632306949
benchmark_suite,shifted,Mann,shifted|Mann,489,0.0001044297232885,25001,0,3.648486124991905,0.0009987824771256,-88678.01924255939,0.949268174508792
benchmark_suite,shifted,Mann,shifted|Mann,490,0.0001028677894575,25001,0,3.4960175000014715,0.0009833467663185,-88841.63632984924,0.8907629835492805
benchmark_suite,shifted,Mann,shifted|Mann,491,0.0001052188770936,25001,0,3.6685766670270814,0.0010065921626985,-88596.28140202998,0.9652075142640192
benchmark_suite,shifted,Mann,shifted|Mann,492,0.0001040816615509,25001,0,3.467383749986766,0.0009953403143668,-88714.2667648108,0.9419106356360104
benchmark_suite,shifted,Mann,shifted|Mann,493,0.0001020289024513,25001,0,3.519640332990093,0.0009750681267381,-88930.5405022203,0.9414955380131173
benchmark_suite,shifted,Mann,shifted|Mann,494,0.0001026529519218,25001,0,3.543145249976078,0.0009812258713765,-88864.33515257319,0.947248634605368
benchmark_suite,shifted,Mann,shifted|Mann,495,0.0001047433581316,25001,0,3.497515333991032,0.0010018853952221,-88645.46039309478,0.9518881467746644
benchmark_suite,shifted,Mann,shifted|Mann,496,9.208005656903326e-05,25001,0,3.6237390419992153,0.0008774530524652,-90044.4691432649,0.891259120964674
benchmark_suite,shifted,Mann,shifted|Mann,497,0.0001038049263504,25001,0,3.584024457988562,0.0009926045457183,-88743.17295852836,0.9266413174646428
benchmark_suite,shifted,Mann,shifted|Mann,498,0.0001047750859893,25001,0,3.3740971249935683,0.0010021993635654,-88642.17204705178,0.9610182327882448
benchmark_suite,shifted,Mann,shifted|Mann,499,9.631484925752056e-05,25001,0,3.419771583983674,0.0009188818602524,-89556.28369203373,0.9115196985696702
benchmark_suite,shifted,Mann,shifted|Mann,500,0.0001050678075115,25001,0,3.505586665996816,0.0010050965527413,-88611.88118501464,0.9530030378424076
